# DIAGNOSTIC / NOT_EVIDENCE	producer=dff79bc40d78d53a1491c3edbe368034b2d28a4894da45ac13b3b04c3ad0f19b	independent_H_sign=2dcd16673c214369ba0555e653dae51fca7d3f3cf13c83aeac4fd000d5bfccd7	script=697ccc8b8316be7b238e39fa5b304b6fe21783e53d3d5dbbc4364af378092fc4
point	mu	phi	rho	z	lam	T1_KH_diff	T1_KH_ftc	T1_rel_resid	T2_max_rel_diff	T2_outside_ball	T3_gamma_min	T3_gamma_max	T3_h_min	T3_D_min	T3_clip_count
(0,13,0)	-0.937500	0.196350	1.733374e-02	0.353279	0.402031	+1.521336813362e+00	+1.521336813337e+00	1.638e-11	9.882e-11	0	0.950665079	0.961747989	7.308520e-01	8.017044e-01	0
(0,13,0)	-0.937500	0.589049	1.733374e-02	0.353279	0.402031	+1.704978415646e+00	+1.704978415627e+00	1.137e-11	1.503e-10	0	0.951483964	0.960878941	7.312140e-01	8.028270e-01	0
(0,13,0)	-0.937500	0.981748	1.733374e-02	0.353279	0.402031	+1.964608623506e+00	+1.964608623524e+00	9.299e-12	3.081e-11	0	0.953007539	0.959284438	7.318831e-01	8.048973e-01	0
(0,13,0)	-0.937500	1.374447	1.733374e-02	0.353279	0.402031	+2.148139602585e+00	+2.148139602583e+00	1.105e-12	1.465e-11	0	0.955018916	0.957222915	7.327573e-01	8.075942e-01	0
(0,13,0)	-0.937500	1.767146	1.733374e-02	0.353279	0.402031	+2.148139602585e+00	+2.148139602586e+00	2.109e-14	1.088e-11	0	0.955018916	0.957222915	7.327573e-01	8.075942e-01	0
(0,13,0)	-0.937500	2.159845	1.733374e-02	0.353279	0.402031	+1.964608623506e+00	+1.964608623533e+00	1.379e-11	3.081e-11	0	0.953007539	0.959284438	7.318831e-01	8.048973e-01	0
(0,13,0)	-0.937500	2.552544	1.733374e-02	0.353279	0.402031	+1.704978415646e+00	+1.704978415666e+00	1.162e-11	1.503e-10	0	0.951483964	0.960878941	7.312140e-01	8.028270e-01	0
(0,13,0)	-0.937500	2.945243	1.733374e-02	0.353279	0.402031	+1.521336813362e+00	+1.521336813340e+00	1.468e-11	1.194e-10	0	0.950665079	0.961747989	7.308520e-01	8.017044e-01	0
(0,13,0)	-0.812500	0.196350	1.733374e-02	0.353279	0.402031	+6.424896652710e-01	+6.424896652629e-01	1.267e-11	2.732e-10	0	0.903819460	0.915775395	6.850861e-01	8.846620e-01	0
(0,13,0)	-0.812500	0.589049	1.733374e-02	0.353279	0.402031	+9.151195500445e-01	+9.151195500572e-01	1.386e-11	1.187e-10	0	0.904689979	0.914824261	6.856926e-01	8.863659e-01	0
(0,13,0)	-0.812500	0.981748	1.733374e-02	0.353279	0.402031	+1.300459448604e+00	+1.300459448601e+00	2.460e-12	4.319e-11	0	0.906315074	0.913085195	6.868135e-01	8.895056e-01	0
(0,13,0)	-0.812500	1.374447	1.733374e-02	0.353279	0.402031	+1.572782580657e+00	+1.572782580651e+00	3.478e-12	2.875e-11	0	0.908471350	0.910848355	6.882779e-01	8.935914e-01	0
(0,13,0)	-0.812500	1.767146	1.733374e-02	0.353279	0.402031	+1.572782580657e+00	+1.572782580652e+00	2.800e-12	1.083e-11	0	0.908471350	0.910848355	6.882779e-01	8.935914e-01	0
(0,13,0)	-0.812500	2.159845	1.733374e-02	0.353279	0.402031	+1.300459448604e+00	+1.300459448599e+00	4.023e-12	5.932e-11	0	0.906315074	0.913085195	6.868135e-01	8.895056e-01	0
(0,13,0)	-0.812500	2.552544	1.733374e-02	0.353279	0.402031	+9.151195500445e-01	+9.151195500393e-01	5.665e-12	2.750e-10	0	0.904689979	0.914824261	6.856926e-01	8.863659e-01	0
(0,13,0)	-0.812500	2.945243	1.733374e-02	0.353279	0.402031	+6.424896652710e-01	+6.424896653009e-01	4.656e-11	2.732e-10	0	0.903819460	0.915775395	6.850861e-01	8.846620e-01	0
(0,13,0)	-0.687500	0.196350	1.733374e-02	0.353279	0.402031	+3.696911246540e-01	+3.696911246493e-01	1.262e-11	3.764e-10	0	0.893225732	0.903405316	6.399473e-01	9.483903e-01	0
(0,13,0)	-0.687500	0.589049	1.733374e-02	0.353279	0.402031	+6.309900645183e-01	+6.309900644774e-01	6.476e-11	1.108e-10	0	0.893959743	0.902587905	6.407029e-01	9.503701e-01	0
(0,13,0)	-0.687500	0.981748	1.733374e-02	0.353279	0.402031	+1.000284808844e+00	+1.000284808840e+00	3.781e-12	3.647e-11	0	0.895333087	0.901096660	6.420991e-01	9.540173e-01	0
(0,13,0)	-0.687500	1.374447	1.733374e-02	0.353279	0.402031	+1.261247642820e+00	+1.261247642831e+00	8.995e-12	1.980e-11	0	0.897161452	0.899184958	6.439233e-01	9.587618e-01	0
(0,13,0)	-0.687500	1.767146	1.733374e-02	0.353279	0.402031	+1.261247642820e+00	+1.261247642822e+00	2.210e-12	2.207e-11	0	0.897161452	0.899184958	6.439233e-01	9.587618e-01	0
(0,13,0)	-0.687500	2.159845	1.733374e-02	0.353279	0.402031	+1.000284808844e+00	+1.000284808829e+00	1.548e-11	5.175e-11	0	0.895333087	0.901096660	6.420991e-01	9.540173e-01	0
(0,13,0)	-0.687500	2.552544	1.733374e-02	0.353279	0.402031	+6.309900645183e-01	+6.309900644774e-01	6.476e-11	1.108e-10	0	0.893959743	0.902587905	6.407029e-01	9.503701e-01	0
(0,13,0)	-0.687500	2.945243	1.733374e-02	0.353279	0.402031	+3.696911246540e-01	+3.696911246543e-01	8.870e-13	3.764e-10	0	0.893225732	0.903405316	6.399473e-01	9.483903e-01	0
(0,13,0)	-0.562500	0.196350	1.733374e-02	0.353279	0.402031	+2.715423986477e-01	+2.715423986681e-01	7.512e-11	3.005e-10	0	0.906721736	0.914703626	5.950997e-01	9.957467e-01	0
(0,13,0)	-0.562500	0.589049	1.733374e-02	0.353279	0.402031	+5.064890276866e-01	+5.064890276972e-01	2.094e-11	4.452e-10	0	0.907290317	0.914055354	5.959600e-01	9.978934e-01	0
(0,13,0)	-0.562500	0.981748	1.733374e-02	0.353279	0.402031	+8.385377884720e-01	+8.385377884598e-01	1.455e-11	7.596e-11	0	0.908357178	0.912875843	5.975497e-01	1.001848e+00	0
(0,13,0)	-0.562500	1.374447	1.733374e-02	0.353279	0.402031	+1.073179155297e+00	+1.073179155301e+00	3.413e-12	1.697e-11	0	0.909783524	0.911369874	5.996267e-01	1.006991e+00	0
(0,13,0)	-0.562500	1.767146	1.733374e-02	0.353279	0.402031	+1.073179155297e+00	+1.073179155288e+00	8.670e-12	1.717e-11	0	0.909783524	0.911369874	5.996267e-01	1.006991e+00	0
(0,13,0)	-0.562500	2.159845	1.733374e-02	0.353279	0.402031	+8.385377884720e-01	+8.385377884702e-01	2.163e-12	1.061e-10	0	0.908357178	0.912875843	5.975497e-01	1.001848e+00	0
(0,13,0)	-0.562500	2.552544	1.733374e-02	0.353279	0.402031	+5.064890276866e-01	+5.064890276737e-01	2.552e-11	3.357e-10	0	0.907290317	0.914055354	5.959600e-01	9.978934e-01	0
(0,13,0)	-0.562500	2.945243	1.733374e-02	0.353279	0.402031	+2.715423986477e-01	+2.715423986678e-01	7.393e-11	6.601e-10	0	0.906721736	0.914703626	5.950997e-01	9.957467e-01	0
(0,13,0)	-0.437500	0.196350	1.733374e-02	0.353279	0.402031	+2.264924451883e-01	+2.264924451799e-01	3.741e-11	4.304e-10	0	0.937133260	0.942773196	5.504449e-01	1.028756e+00	0
(0,13,0)	-0.437500	0.589049	1.733374e-02	0.353279	0.402031	+4.387412326788e-01	+4.387412326573e-01	4.909e-11	3.220e-10	0	0.937526175	0.942305843	5.513805e-01	1.031015e+00	0
(0,13,0)	-0.437500	0.981748	1.733374e-02	0.353279	0.402031	+7.387211788342e-01	+7.387211788273e-01	9.322e-12	5.911e-11	0	0.938267335	0.941459458	5.531094e-01	1.035178e+00	0
(0,13,0)	-0.437500	1.374447	1.733374e-02	0.353279	0.402031	+9.507082209575e-01	+9.507082209520e-01	5.793e-12	2.589e-11	0	0.939265940	0.940386481	5.553683e-01	1.040592e+00	0
(0,13,0)	-0.437500	1.767146	1.733374e-02	0.353279	0.402031	+9.507082209575e-01	+9.507082209523e-01	5.432e-12	2.956e-11	0	0.939265940	0.940386481	5.553683e-01	1.040592e+00	0
(0,13,0)	-0.437500	2.159845	1.733374e-02	0.353279	0.402031	+7.387211788342e-01	+7.387211788348e-01	7.436e-13	9.550e-11	0	0.938267335	0.941459458	5.531094e-01	1.035178e+00	0
(0,13,0)	-0.437500	2.552544	1.733374e-02	0.353279	0.402031	+4.387412326788e-01	+4.387412326601e-01	4.255e-11	2.055e-10	0	0.937526175	0.942305843	5.513805e-01	1.031015e+00	0
(0,13,0)	-0.437500	2.945243	1.733374e-02	0.353279	0.402031	+2.264924451883e-01	+2.264924452030e-01	6.469e-11	4.675e-10	0	0.937133260	0.942773196	5.504449e-01	1.028756e+00	0
(0,13,0)	-0.312500	0.196350	1.733374e-02	0.353279	0.402031	+1.933756547384e-01	+1.933756547202e-01	9.389e-11	5.820e-10	0	0.974585652	0.977707908	5.059385e-01	1.048668e+00	0
(0,13,0)	-0.312500	0.589049	1.733374e-02	0.353279	0.402031	+3.896742916676e-01	+3.896742916300e-01	9.654e-11	4.084e-10	0	0.974789876	0.977435217	5.069269e-01	1.051010e+00	0
(0,13,0)	-0.312500	0.981748	1.733374e-02	0.353279	0.402031	+6.671269686007e-01	+6.671269685973e-01	5.107e-12	6.727e-11	0	0.975181123	0.976947191	5.087532e-01	1.055323e+00	0
(0,13,0)	-0.312500	1.374447	1.733374e-02	0.353279	0.402031	+8.632057763960e-01	+8.632057763927e-01	3.821e-12	2.254e-11	0	0.975720062	0.976339852	5.111395e-01	1.060933e+00	0
(0,13,0)	-0.312500	1.767146	1.733374e-02	0.353279	0.402031	+8.632057763960e-01	+8.632057763896e-01	7.480e-12	2.660e-11	0	0.975720062	0.976339852	5.111395e-01	1.060933e+00	0
(0,13,0)	-0.312500	2.159845	1.733374e-02	0.353279	0.402031	+6.671269686007e-01	+6.671269685841e-01	2.485e-11	8.445e-11	0	0.975181123	0.976947191	5.087532e-01	1.055323e+00	0
(0,13,0)	-0.312500	2.552544	1.733374e-02	0.353279	0.402031	+3.896742916676e-01	+3.896742916300e-01	9.654e-11	4.084e-10	0	0.974789876	0.977435217	5.069269e-01	1.051010e+00	0
(0,13,0)	-0.312500	2.945243	1.733374e-02	0.353279	0.402031	+1.933756547384e-01	+1.933756547218e-01	8.555e-11	6.815e-10	0	0.974585652	0.977707908	5.059385e-01	1.048668e+00	0
(0,13,0)	-0.187500	0.196350	1.733374e-02	0.353279	0.402031	+1.563062262802e-01	+1.563062262893e-01	5.866e-11	1.775e-09	0	0.999271186	0.999673267	4.615575e-01	1.056170e+00	0
(0,13,0)	-0.187500	0.589049	1.733374e-02	0.353279	0.402031	+3.416463710169e-01	+3.416463710047e-01	3.583e-11	4.867e-10	0	0.999271994	0.999611366	4.625796e-01	1.058574e+00	0
(0,13,0)	-0.187500	0.981748	1.733374e-02	0.353279	0.402031	+6.036280635798e-01	+6.036280635691e-01	1.771e-11	1.442e-10	0	0.999285829	0.999528113	4.644681e-01	1.063003e+00	0
(0,13,0)	-0.187500	1.374447	1.733374e-02	0.353279	0.402031	+7.887860732315e-01	+7.887860732313e-01	2.801e-13	2.611e-10	0	0.999328599	0.999497582	4.669357e-01	1.068761e+00	0
(0,13,0)	-0.187500	1.767146	1.733374e-02	0.353279	0.402031	+7.887860732315e-01	+7.887860732279e-01	4.598e-12	2.445e-10	0	0.999328599	0.999497582	4.669357e-01	1.068761e+00	0
(0,13,0)	-0.187500	2.159845	1.733374e-02	0.353279	0.402031	+6.036280635798e-01	+6.036280635743e-01	9.003e-12	1.682e-10	0	0.999285829	0.999528113	4.644681e-01	1.063003e+00	0
(0,13,0)	-0.187500	2.552544	1.733374e-02	0.353279	0.402031	+3.416463710169e-01	+3.416463710027e-01	4.168e-11	7.428e-10	0	0.999271994	0.999611366	4.625796e-01	1.058574e+00	0
(0,13,0)	-0.187500	2.945243	1.733374e-02	0.353279	0.402031	+1.563062262802e-01	+1.563062263098e-01	1.896e-10	1.775e-09	0	0.999271186	0.999673267	4.615575e-01	1.056170e+00	0
(0,13,0)	-0.062500	0.196350	1.733374e-02	0.353279	0.402031	+1.100760101101e-01	+1.100760101205e-01	9.454e-11	5.715e-10	0	0.977266890	0.979599347	4.172897e-01	1.051499e+00	0
(0,13,0)	-0.062500	0.589049	1.733374e-02	0.353279	0.402031	+2.855285018987e-01	+2.855285018880e-01	3.768e-11	2.549e-10	0	0.977418112	0.979396830	4.183283e-01	1.053953e+00	0
(0,13,0)	-0.062500	0.981748	1.733374e-02	0.353279	0.402031	+5.335512214949e-01	+5.335512215031e-01	1.531e-11	4.796e-11	0	0.977709512	0.979032930	4.202472e-01	1.058472e+00	0
(0,13,0)	-0.062500	1.374447	1.733374e-02	0.353279	0.402031	+7.088559015497e-01	+7.088559015514e-01	2.298e-12	2.934e-11	0	0.978113084	0.978578697	4.227543e-01	1.064347e+00	0
(0,13,0)	-0.062500	1.767146	1.733374e-02	0.353279	0.402031	+7.088559015497e-01	+7.088559015462e-01	5.032e-12	3.943e-11	0	0.978113084	0.978578697	4.227543e-01	1.064347e+00	0
(0,13,0)	-0.062500	2.159845	1.733374e-02	0.353279	0.402031	+5.335512214949e-01	+5.335512214866e-01	1.552e-11	5.129e-11	0	0.977709512	0.979032930	4.202472e-01	1.058472e+00	0
(0,13,0)	-0.062500	2.552544	1.733374e-02	0.353279	0.402031	+2.855285018987e-01	+2.855285018777e-01	7.344e-11	1.100e-10	0	0.977418112	0.979396830	4.183283e-01	1.053953e+00	0
(0,13,0)	-0.062500	2.945243	1.733374e-02	0.353279	0.402031	+1.100760101101e-01	+1.100760101179e-01	7.042e-11	4.373e-10	0	0.977266890	0.979599347	4.172897e-01	1.051499e+00	0
(0,13,0)	0.062500	0.196350	1.733374e-02	0.353279	0.402031	+5.767437261765e-02	+5.767437261234e-02	9.199e-11	2.188e-09	0	0.888225975	0.892825668	3.731299e-01	1.034477e+00	0
(0,13,0)	0.062500	0.589049	1.733374e-02	0.353279	0.402031	+2.205007348616e-01	+2.205007348633e-01	7.632e-12	3.040e-10	0	0.888555867	0.892456452	3.741684e-01	1.036971e+00	0
(0,13,0)	0.062500	0.981748	1.733374e-02	0.353279	0.402031	+4.506895545998e-01	+4.506895545924e-01	1.629e-11	6.355e-11	0	0.889174684	0.891782062	3.760873e-01	1.041564e+00	0
(0,13,0)	0.062500	1.374447	1.733374e-02	0.353279	0.402031	+6.133994080968e-01	+6.133994081027e-01	9.629e-12	3.141e-11	0	0.890000809	0.890916669	3.785944e-01	1.047534e+00	0
(0,13,0)	0.062500	1.767146	1.733374e-02	0.353279	0.402031	+6.133994080968e-01	+6.133994080984e-01	2.571e-12	3.565e-11	0	0.890000809	0.890916669	3.785944e-01	1.047534e+00	0
(0,13,0)	0.062500	2.159845	1.733374e-02	0.353279	0.402031	+4.506895545998e-01	+4.506895545941e-01	1.247e-11	5.800e-11	0	0.889174684	0.891782062	3.760873e-01	1.041564e+00	0
(0,13,0)	0.062500	2.552544	1.733374e-02	0.353279	0.402031	+2.205007348616e-01	+2.205007348550e-01	3.014e-11	3.316e-10	0	0.888555867	0.892456452	3.741684e-01	1.036971e+00	0
(0,13,0)	0.062500	2.945243	1.733374e-02	0.353279	0.402031	+5.767437261765e-02	+5.767437261189e-02	9.984e-11	1.018e-09	0	0.888225975	0.892825668	3.731299e-01	1.034477e+00	0
(0,13,0)	0.187500	0.196350	1.733374e-02	0.353279	0.402031	+8.240165191955e-03	+8.240165190773e-03	1.435e-10	9.143e-09	0	0.749419411	0.755393705	3.290778e-01	1.004477e+00	0
(0,13,0)	0.187500	0.589049	1.733374e-02	0.353279	0.402031	+1.548309728820e-01	+1.548309728665e-01	9.981e-11	3.521e-10	0	0.749859994	0.754925685	3.300999e-01	1.007004e+00	0
(0,13,0)	0.187500	0.981748	1.733374e-02	0.353279	0.402031	+3.620780205135e-01	+3.620780205120e-01	4.127e-12	1.368e-10	0	0.750680624	0.754066287	3.319885e-01	1.011659e+00	0
(0,13,0)	0.187500	1.374447	1.733374e-02	0.353279	0.402031	+5.085788518454e-01	+5.085788518472e-01	3.480e-12	1.547e-11	0	0.751765209	0.752954313	3.344560e-01	1.017707e+00	0
(0,13,0)	0.187500	1.767146	1.733374e-02	0.353279	0.402031	+5.085788518454e-01	+5.085788518502e-01	9.395e-12	3.584e-11	0	0.751765209	0.752954313	3.344560e-01	1.017707e+00	0
(0,13,0)	0.187500	2.159845	1.733374e-02	0.353279	0.402031	+3.620780205135e-01	+3.620780205056e-01	2.187e-11	1.083e-10	0	0.750680624	0.754066287	3.319885e-01	1.011659e+00	0
(0,13,0)	0.187500	2.552544	1.733374e-02	0.353279	0.402031	+1.548309728820e-01	+1.548309728811e-01	5.959e-12	7.332e-10	0	0.749859994	0.754925685	3.300999e-01	1.007004e+00	0
(0,13,0)	0.187500	2.945243	1.733374e-02	0.353279	0.402031	+8.240165191955e-03	+8.240165182248e-03	1.178e-09	5.051e-09	0	0.749419411	0.755393705	3.290778e-01	1.004477e+00	0
(0,13,0)	0.312500	0.196350	1.733374e-02	0.353279	0.402031	-2.924073226107e-02	-2.924073225903e-02	6.977e-11	3.577e-09	0	0.601729253	0.608190452	2.851390e-01	9.602956e-01	0
(0,13,0)	0.312500	0.589049	1.733374e-02	0.353279	0.402031	+9.931362220770e-02	+9.931362219658e-02	1.120e-10	5.948e-10	0	0.602211714	0.607689991	2.861275e-01	9.628524e-01	0
(0,13,0)	0.312500	0.981748	1.733374e-02	0.353279	0.402031	+2.810671269998e-01	+2.810671269892e-01	3.773e-11	1.489e-10	0	0.603107557	0.606768721	2.879538e-01	9.675590e-01	0
(0,13,0)	0.312500	1.374447	1.733374e-02	0.353279	0.402031	+4.095510893457e-01	+4.095510893486e-01	6.996e-12	2.632e-11	0	0.604286258	0.605572061	2.903401e-01	9.736743e-01	0
(0,13,0)	0.312500	1.767146	1.733374e-02	0.353279	0.402031	+4.095510893457e-01	+4.095510893469e-01	2.859e-12	2.873e-11	0	0.604286258	0.605572061	2.903401e-01	9.736743e-01	0
(0,13,0)	0.312500	2.159845	1.733374e-02	0.353279	0.402031	+2.810671269998e-01	+2.810671270011e-01	4.774e-12	1.567e-10	0	0.603107557	0.606768721	2.879538e-01	9.675590e-01	0
(0,13,0)	0.312500	2.552544	1.733374e-02	0.353279	0.402031	+9.931362220770e-02	+9.931362219658e-02	1.120e-10	5.948e-10	0	0.602211714	0.607689991	2.861275e-01	9.628524e-01	0
(0,13,0)	0.312500	2.945243	1.733374e-02	0.353279	0.402031	-2.924073226107e-02	-2.924073228391e-02	7.812e-10	3.577e-09	0	0.601729253	0.608190452	2.851390e-01	9.602956e-01	0
(0,13,0)	0.437500	0.196350	1.733374e-02	0.353279	0.402031	-5.017738581814e-02	-5.017738582947e-02	2.259e-10	1.296e-09	0	0.472523902	0.478841640	2.413257e-01	8.998816e-01	0
(0,13,0)	0.437500	0.589049	1.733374e-02	0.353279	0.402031	+6.028640590406e-02	+6.028640591504e-02	1.822e-10	8.792e-10	0	0.472998509	0.478355048	2.422614e-01	9.024642e-01	0
(0,13,0)	0.437500	0.981748	1.733374e-02	0.353279	0.402031	+2.164643076934e-01	+2.164643077024e-01	4.148e-11	2.001e-10	0	0.473878462	0.477458172	2.439902e-01	9.072168e-01	0
(0,13,0)	0.437500	1.374447	1.733374e-02	0.353279	0.402031	+3.268694651010e-01	+3.268694651022e-01	3.447e-12	4.517e-11	0	0.475033758	0.476290930	2.462492e-01	9.133892e-01	0
(0,13,0)	0.437500	1.767146	1.733374e-02	0.353279	0.402031	+3.268694651010e-01	+3.268694650991e-01	5.885e-12	2.937e-11	0	0.475033758	0.476290930	2.462492e-01	9.133892e-01	0
(0,13,0)	0.437500	2.159845	1.733374e-02	0.353279	0.402031	+2.164643076934e-01	+2.164643076875e-01	2.723e-11	1.798e-10	0	0.473878462	0.477458172	2.439902e-01	9.072168e-01	0
(0,13,0)	0.437500	2.552544	1.733374e-02	0.353279	0.402031	+6.028640590406e-02	+6.028640590064e-02	5.672e-11	1.658e-09	0	0.472998509	0.478355048	2.422614e-01	9.024642e-01	0
(0,13,0)	0.437500	2.945243	1.733374e-02	0.353279	0.402031	-5.017738581813e-02	-5.017738583814e-02	3.987e-10	8.117e-10	0	0.472523902	0.478841640	2.413257e-01	8.998816e-01	0
(0,13,0)	0.562500	0.196350	1.733374e-02	0.353279	0.402031	-5.326833950954e-02	-5.326833952615e-02	3.118e-10	1.556e-09	0	0.369056577	0.374793475	1.976608e-01	8.197229e-01	0
(0,13,0)	0.562500	0.589049	1.733374e-02	0.353279	0.402031	+3.962924450265e-02	+3.962924450509e-02	6.172e-11	1.027e-09	0	0.369488061	0.374352178	1.985211e-01	8.223293e-01	0
(0,13,0)	0.562500	0.981748	1.733374e-02	0.353279	0.402031	+1.709669636257e-01	+1.709669636306e-01	2.907e-11	3.522e-10	0	0.370287858	0.373538533	2.001107e-01	8.271237e-01	0
(0,13,0)	0.562500	1.374447	1.733374e-02	0.353279	0.402031	+2.638090114930e-01	+2.638090114947e-01	6.627e-12	8.393e-11	0	0.371337497	0.372479124	2.021877e-01	8.333463e-01	0
(0,13,0)	0.562500	1.767146	1.733374e-02	0.353279	0.402031	+2.638090114930e-01	+2.638090114929e-01	3.838e-13	5.764e-11	0	0.371337497	0.372479124	2.021877e-01	8.333463e-01	0
(0,13,0)	0.562500	2.159845	1.733374e-02	0.353279	0.402031	+1.709669636257e-01	+1.709669636215e-01	2.430e-11	1.989e-10	0	0.370287858	0.373538533	2.001107e-01	8.271237e-01	0
(0,13,0)	0.562500	2.552544	1.733374e-02	0.353279	0.402031	+3.962924450264e-02	+3.962924449633e-02	1.593e-10	1.027e-09	0	0.369488061	0.374352178	1.985211e-01	8.223293e-01	0
(0,13,0)	0.562500	2.945243	1.733374e-02	0.353279	0.402031	-5.326833950954e-02	-5.326833953306e-02	4.414e-10	1.054e-09	0	0.369056577	0.374793475	1.976608e-01	8.197229e-01	0
(0,13,0)	0.687500	0.196350	1.733374e-02	0.353279	0.402031	-3.804809377891e-02	-3.804809378603e-02	1.872e-10	2.063e-09	0	0.289385620	0.294077293	1.541886e-01	7.133470e-01	0
(0,13,0)	0.687500	0.589049	1.733374e-02	0.353279	0.402031	+3.793402838102e-02	+3.793402837838e-02	6.976e-11	1.173e-09	0	0.289735611	0.293713847	1.549442e-01	7.159769e-01	0
(0,13,0)	0.687500	0.981748	1.733374e-02	0.353279	0.402031	+1.453411202562e-01	+1.453411202636e-01	5.053e-11	3.361e-10	0	0.290385762	0.293044715	1.563404e-01	7.208111e-01	0
(0,13,0)	0.687500	1.374447	1.733374e-02	0.353279	0.402031	+2.212556453997e-01	+2.212556453963e-01	1.555e-11	7.296e-11	0	0.291241596	0.292175490	1.581646e-01	7.270789e-01	0
(0,13,0)	0.687500	1.767146	1.733374e-02	0.353279	0.402031	+2.212556453997e-01	+2.212556453959e-01	1.735e-11	2.468e-11	0	0.291241596	0.292175490	1.581646e-01	7.270789e-01	0
(0,13,0)	0.687500	2.159845	1.733374e-02	0.353279	0.402031	+1.453411202562e-01	+1.453411202485e-01	5.351e-11	2.412e-10	0	0.290385762	0.293044715	1.563404e-01	7.208111e-01	0
(0,13,0)	0.687500	2.552544	1.733374e-02	0.353279	0.402031	+3.793402838102e-02	+3.793402837838e-02	6.976e-11	1.173e-09	0	0.289735611	0.293713847	1.549442e-01	7.159769e-01	0
(0,13,0)	0.687500	2.945243	1.733374e-02	0.353279	0.402031	-3.804809377891e-02	-3.804809377949e-02	1.525e-11	1.725e-09	0	0.289385620	0.294077293	1.541886e-01	7.133470e-01	0
(0,13,0)	0.812500	0.196350	1.733374e-02	0.353279	0.402031	-5.520651092146e-03	-5.520651105694e-03	2.454e-09	1.236e-08	0	0.231686027	0.234274114	1.110076e-01	5.665967e-01	0
(0,13,0)	0.812500	0.589049	1.733374e-02	0.353279	0.402031	+5.683141694090e-02	+5.683141693421e-02	1.177e-10	1.263e-09	0	0.231864864	0.234060894	1.116142e-01	5.692534e-01	0
(0,13,0)	0.812500	0.981748	1.733374e-02	0.353279	0.402031	+1.449060913230e-01	+1.449060913212e-01	1.208e-11	1.174e-10	0	0.232204037	0.233673222	1.127350e-01	5.741301e-01	0
(0,13,0)	0.812500	1.374447	1.733374e-02	0.353279	0.402031	+2.071107258104e-01	+2.071107258061e-01	2.079e-11	7.099e-11	0	0.232663344	0.233179710	1.141995e-01	5.804400e-01	0
(0,13,0)	0.812500	1.767146	1.733374e-02	0.353279	0.402031	+2.071107258104e-01	+2.071107258084e-01	9.370e-12	4.301e-11	0	0.232663344	0.233179710	1.141995e-01	5.804400e-01	0
(0,13,0)	0.812500	2.159845	1.733374e-02	0.353279	0.402031	+1.449060913230e-01	+1.449060913240e-01	7.152e-12	1.984e-10	0	0.232204037	0.233673222	1.127350e-01	5.741301e-01	0
(0,13,0)	0.812500	2.552544	1.733374e-02	0.353279	0.402031	+5.683141694090e-02	+5.683141692333e-02	3.092e-10	1.263e-09	0	0.231864864	0.234060894	1.116142e-01	5.692534e-01	0
(0,13,0)	0.812500	2.945243	1.733374e-02	0.353279	0.402031	-5.520651092144e-03	-5.520651091429e-03	1.295e-10	9.982e-09	0	0.231686027	0.234274114	1.110076e-01	5.665967e-01	0
(0,13,0)	0.937500	0.196350	1.733374e-02	0.353279	0.402031	-4.530298389950e-02	-4.530298389918e-02	7.154e-12	9.669e-10	0	0.211162688	0.217625296	6.845373e-02	3.318439e-01	0
(0,13,0)	0.937500	0.589049	1.733374e-02	0.353279	0.402031	+6.543996718808e-02	+6.543996717700e-02	1.693e-10	7.115e-10	0	0.211547293	0.217008766	6.881582e-02	3.345470e-01	0
(0,13,0)	0.937500	0.981748	1.733374e-02	0.353279	0.402031	+2.207200162749e-01	+2.207200162758e-01	3.858e-12	1.616e-10	0	0.212298387	0.215931401	6.948488e-02	3.394850e-01	0
(0,13,0)	0.937500	1.374447	1.733374e-02	0.353279	0.402031	+3.295869752829e-01	+3.295869752802e-01	8.094e-12	1.856e-11	0	0.213364275	0.214636013	7.035904e-02	3.458306e-01	0
(0,13,0)	0.937500	1.767146	1.733374e-02	0.353279	0.402031	+3.295869752829e-01	+3.295869752822e-01	2.170e-12	2.401e-11	0	0.213364275	0.214636013	7.035904e-02	3.458306e-01	0
(0,13,0)	0.937500	2.159845	1.733374e-02	0.353279	0.402031	+2.207200162750e-01	+2.207200162783e-01	1.530e-11	5.597e-11	0	0.212298387	0.215931401	6.948488e-02	3.394850e-01	0
(0,13,0)	0.937500	2.552544	1.733374e-02	0.353279	0.402031	+6.543996718808e-02	+6.543996718442e-02	5.594e-11	8.734e-10	0	0.211547293	0.217008766	6.881582e-02	3.345470e-01	0
(0,13,0)	0.937500	2.945243	1.733374e-02	0.353279	0.402031	-4.530298389951e-02	-4.530298388969e-02	2.166e-10	9.716e-10	0	0.211162688	0.217625296	6.845373e-02	3.318439e-01	0
(0,13,15)	-0.937500	0.196350	1.733374e-02	0.406827	0.462969	+1.582724536251e+00	+1.582724536257e+00	3.771e-12	1.761e-10	0	0.971488707	0.979091731	8.416301e-01	9.036637e-01	0
(0,13,15)	-0.937500	0.589049	1.733374e-02	0.406827	0.462969	+1.701410224131e+00	+1.701410224137e+00	3.463e-12	7.162e-11	0	0.972052973	0.978498197	8.420471e-01	9.046598e-01	0
(0,13,15)	-0.937500	0.981748	1.733374e-02	0.406827	0.462969	+1.869225639240e+00	+1.869225639207e+00	1.716e-11	8.255e-11	0	0.973101756	0.977408026	8.428176e-01	9.064975e-01	0
(0,13,15)	-0.937500	1.374447	1.733374e-02	0.406827	0.462969	+1.987866792511e+00	+1.987866792503e+00	4.343e-12	1.625e-11	0	0.974484215	0.975996304	8.438242e-01	9.088930e-01	0
(0,13,15)	-0.937500	1.767146	1.733374e-02	0.406827	0.462969	+1.987866792511e+00	+1.987866792505e+00	3.305e-12	2.323e-11	0	0.974484215	0.975996304	8.438242e-01	9.088930e-01	0
(0,13,15)	-0.937500	2.159845	1.733374e-02	0.406827	0.462969	+1.869225639240e+00	+1.869225639198e+00	2.228e-11	8.255e-11	0	0.973101756	0.977408026	8.428176e-01	9.064975e-01	0
(0,13,15)	-0.937500	2.552544	1.733374e-02	0.406827	0.462969	+1.701410224131e+00	+1.701410224140e+00	5.053e-12	7.162e-11	0	0.972052973	0.978498197	8.420471e-01	9.046598e-01	0
(0,13,15)	-0.937500	2.945243	1.733374e-02	0.406827	0.462969	+1.582724536251e+00	+1.582724536244e+00	4.053e-12	1.761e-10	0	0.971488707	0.979091731	8.416301e-01	9.036637e-01	0
(0,13,15)	-0.812500	0.196350	1.733374e-02	0.406827	0.462969	+8.745987063435e-01	+8.745987063499e-01	7.348e-12	1.381e-10	0	0.945024761	0.953790142	7.889273e-01	9.661235e-01	0
(0,13,15)	-0.812500	0.589049	1.733374e-02	0.406827	0.462969	+1.080933492203e+00	+1.080933492234e+00	2.890e-11	9.958e-11	0	0.945665147	0.953095230	7.896259e-01	9.676840e-01	0
(0,13,15)	-0.812500	0.981748	1.733374e-02	0.406827	0.462969	+1.372620857783e+00	+1.372620857765e+00	1.299e-11	9.859e-11	0	0.946859731	0.951823552	7.909166e-01	9.705608e-01	0
(0,13,15)	-0.812500	1.374447	1.733374e-02	0.406827	0.462969	+1.578794340210e+00	+1.578794340210e+00	3.783e-13	1.808e-11	0	0.948442959	0.950185823	7.926030e-01	9.743066e-01	0
(0,13,15)	-0.812500	1.767146	1.733374e-02	0.406827	0.462969	+1.578794340210e+00	+1.578794340207e+00	2.042e-12	1.555e-11	0	0.948442959	0.950185823	7.926030e-01	9.743066e-01	0
(0,13,15)	-0.812500	2.159845	1.733374e-02	0.406827	0.462969	+1.372620857783e+00	+1.372620857784e+00	2.747e-13	4.805e-11	0	0.946859731	0.951823552	7.909166e-01	9.705608e-01	0
(0,13,15)	-0.812500	2.552544	1.733374e-02	0.406827	0.462969	+1.080933492203e+00	+1.080933492223e+00	1.900e-11	1.200e-10	0	0.945665147	0.953095230	7.896259e-01	9.676840e-01	0
(0,13,15)	-0.812500	2.945243	1.733374e-02	0.406827	0.462969	+8.745987063435e-01	+8.745987063434e-01	1.409e-13	4.417e-10	0	0.945024761	0.953790142	7.889273e-01	9.661235e-01	0
(0,13,15)	-0.687500	0.196350	1.733374e-02	0.406827	0.462969	+5.749183235841e-01	+5.749183236127e-01	4.975e-11	1.387e-10	0	0.941786043	0.949398375	7.369467e-01	1.014273e+00	0
(0,13,15)	-0.687500	0.589049	1.733374e-02	0.406827	0.462969	+7.952782596555e-01	+7.952782596205e-01	4.392e-11	2.477e-10	0	0.942335219	0.948787542	7.378168e-01	1.016124e+00	0
(0,13,15)	-0.687500	0.981748	1.733374e-02	0.406827	0.462969	+1.106765900571e+00	+1.106765900562e+00	8.627e-12	1.141e-10	0	0.943362663	0.947672928	7.394247e-01	1.019536e+00	0
(0,13,15)	-0.687500	1.374447	1.733374e-02	0.406827	0.462969	+1.326916077539e+00	+1.326916077543e+00	3.501e-12	2.536e-11	0	0.944730333	0.946243639	7.415254e-01	1.023977e+00	0
(0,13,15)	-0.687500	1.767146	1.733374e-02	0.406827	0.462969	+1.326916077539e+00	+1.326916077544e+00	3.948e-12	2.226e-11	0	0.944730333	0.946243639	7.415254e-01	1.023977e+00	0
(0,13,15)	-0.687500	2.159845	1.733374e-02	0.406827	0.462969	+1.106765900571e+00	+1.106765900556e+00	1.383e-11	1.239e-10	0	0.943362663	0.947672928	7.394247e-01	1.019536e+00	0
(0,13,15)	-0.687500	2.552544	1.733374e-02	0.406827	0.462969	+7.952782596555e-01	+7.952782596205e-01	4.392e-11	2.477e-10	0	0.942335219	0.948787542	7.378168e-01	1.016124e+00	0
(0,13,15)	-0.687500	2.945243	1.733374e-02	0.406827	0.462969	+5.749183235841e-01	+5.749183235584e-01	4.481e-11	4.114e-10	0	0.941786043	0.949398375	7.369467e-01	1.014273e+00	0
(0,13,15)	-0.562500	0.196350	1.733374e-02	0.406827	0.462969	+4.275841266551e-01	+4.275841266292e-01	6.069e-11	5.577e-10	0	0.954084379	0.959911621	6.853014e-01	1.049286e+00	0
(0,13,15)	-0.562500	0.589049	1.733374e-02	0.406827	0.462969	+6.420896512296e-01	+6.420896512199e-01	1.509e-11	2.849e-10	0	0.954497474	0.959436367	6.862921e-01	1.051323e+00	0
(0,13,15)	-0.562500	0.981748	1.733374e-02	0.406827	0.462969	+9.452947945982e-01	+9.452947946054e-01	7.571e-12	1.256e-10	0	0.955273520	0.958572445	6.881227e-01	1.055077e+00	0
(0,13,15)	-0.562500	1.374447	1.733374e-02	0.406827	0.462969	+1.159586173691e+00	+1.159586173695e+00	3.668e-12	4.257e-11	0	0.956312852	0.957470998	6.905145e-01	1.059963e+00	0
(0,13,15)	-0.562500	1.767146	1.733374e-02	0.406827	0.462969	+1.159586173691e+00	+1.159586173696e+00	3.933e-12	3.054e-11	0	0.956312852	0.957470998	6.905145e-01	1.059963e+00	0
(0,13,15)	-0.562500	2.159845	1.733374e-02	0.406827	0.462969	+9.452947945982e-01	+9.452947945900e-01	8.720e-12	1.521e-10	0	0.955273520	0.958572445	6.881227e-01	1.055077e+00	0
(0,13,15)	-0.562500	2.552544	1.733374e-02	0.406827	0.462969	+6.420896512296e-01	+6.420896512228e-01	1.055e-11	9.445e-11	0	0.954497474	0.959436367	6.862921e-01	1.051323e+00	0
(0,13,15)	-0.562500	2.945243	1.733374e-02	0.406827	0.462969	+4.275841266551e-01	+4.275841266525e-01	6.160e-12	5.577e-10	0	0.954084379	0.959911621	6.853014e-01	1.049286e+00	0
(0,13,15)	-0.437500	0.196350	1.733374e-02	0.406827	0.462969	+3.389693075719e-01	+3.389693075474e-01	7.211e-11	4.717e-10	0	0.975168450	0.978906709	6.338780e-01	1.072221e+00	0
(0,13,15)	-0.437500	0.589049	1.733374e-02	0.406827	0.462969	+5.445286773824e-01	+5.445286773744e-01	1.466e-11	4.921e-10	0	0.975423742	0.978591647	6.349555e-01	1.074390e+00	0
(0,13,15)	-0.437500	0.981748	1.733374e-02	0.406827	0.462969	+8.350924741104e-01	+8.350924741248e-01	1.726e-11	7.259e-11	0	0.975907670	0.978023227	6.369464e-01	1.078385e+00	0
(0,13,15)	-0.437500	1.374447	1.733374e-02	0.406827	0.462969	+1.040452445449e+00	+1.040452445450e+00	1.216e-12	2.031e-11	0	0.976564290	0.977306885	6.395477e-01	1.083583e+00	0
(0,13,15)	-0.437500	1.767146	1.733374e-02	0.406827	0.462969	+1.040452445449e+00	+1.040452445451e+00	2.664e-12	3.283e-11	0	0.976564290	0.977306885	6.395477e-01	1.083583e+00	0
(0,13,15)	-0.437500	2.159845	1.733374e-02	0.406827	0.462969	+8.350924741103e-01	+8.350924741065e-01	4.602e-12	2.856e-11	0	0.975907670	0.978023227	6.369464e-01	1.078385e+00	0
(0,13,15)	-0.437500	2.552544	1.733374e-02	0.406827	0.462969	+5.445286773823e-01	+5.445286773448e-01	6.891e-11	2.917e-10	0	0.975423742	0.978591647	6.349555e-01	1.074390e+00	0
(0,13,15)	-0.437500	2.945243	1.733374e-02	0.406827	0.462969	+3.389693075719e-01	+3.389693075857e-01	4.068e-11	4.717e-10	0	0.975168450	0.978906709	6.338780e-01	1.072221e+00	0
(0,13,15)	-0.312500	0.196350	1.733374e-02	0.406827	0.462969	+2.704263055706e-01	+2.704263055496e-01	7.783e-11	4.123e-10	0	0.995055299	0.996477994	5.826256e-01	1.083745e+00	0
(0,13,15)	-0.312500	0.589049	1.733374e-02	0.406827	0.462969	+4.687573959918e-01	+4.687573960134e-01	4.625e-11	2.654e-10	0	0.995136433	0.996341305	5.837638e-01	1.086011e+00	0
(0,13,15)	-0.312500	0.981748	1.733374e-02	0.406827	0.462969	+7.491142143475e-01	+7.491142143364e-01	1.489e-11	8.957e-11	0	0.995297650	0.996101558	5.858670e-01	1.090186e+00	0
(0,13,15)	-0.312500	1.374447	1.733374e-02	0.406827	0.462969	+9.472676144419e-01	+9.472676144336e-01	8.785e-12	5.463e-11	0	0.995530848	0.995833563	5.886150e-01	1.095617e+00	0
(0,13,15)	-0.312500	1.767146	1.733374e-02	0.406827	0.462969	+9.472676144419e-01	+9.472676144381e-01	4.009e-12	5.596e-11	0	0.995530848	0.995833563	5.886150e-01	1.095617e+00	0
(0,13,15)	-0.312500	2.159845	1.733374e-02	0.406827	0.462969	+7.491142143475e-01	+7.491142143496e-01	2.809e-12	9.310e-11	0	0.995297650	0.996101558	5.858670e-01	1.090186e+00	0
(0,13,15)	-0.312500	2.552544	1.733374e-02	0.406827	0.462969	+4.687573959918e-01	+4.687573960134e-01	4.625e-11	2.654e-10	0	0.995136433	0.996341305	5.837638e-01	1.086011e+00	0
(0,13,15)	-0.312500	2.945243	1.733374e-02	0.406827	0.462969	+2.704263055706e-01	+2.704263055402e-01	1.123e-10	5.755e-10	0	0.995055299	0.996477994	5.826256e-01	1.083745e+00	0
(0,13,15)	-0.187500	0.196350	1.733374e-02	0.406827	0.462969	+2.051135967571e-01	+2.051135967569e-01	6.053e-13	2.859e-10	0	0.996663390	0.997700415	5.315176e-01	1.084168e+00	0
(0,13,15)	-0.187500	0.589049	1.733374e-02	0.406827	0.462969	+3.979866252474e-01	+3.979866252590e-01	2.891e-11	2.604e-10	0	0.996716966	0.997597298	5.326946e-01	1.086510e+00	0
(0,13,15)	-0.187500	0.981748	1.733374e-02	0.406827	0.462969	+6.706413171275e-01	+6.706413171230e-01	6.634e-12	1.342e-10	0	0.996827450	0.997416787	5.348694e-01	1.090825e+00	0
(0,13,15)	-0.187500	1.374447	1.733374e-02	0.406827	0.462969	+8.633603217901e-01	+8.633603217936e-01	4.004e-12	6.433e-11	0	0.996993760	0.997239883	5.377110e-01	1.096437e+00	0
(0,13,15)	-0.187500	1.767146	1.733374e-02	0.406827	0.462969	+8.633603217901e-01	+8.633603217863e-01	4.488e-12	8.229e-11	0	0.996993760	0.997239883	5.377110e-01	1.096437e+00	0
(0,13,15)	-0.187500	2.159845	1.733374e-02	0.406827	0.462969	+6.706413171275e-01	+6.706413171324e-01	7.286e-12	1.317e-10	0	0.996827450	0.997416787	5.348694e-01	1.090825e+00	0
(0,13,15)	-0.187500	2.552544	1.733374e-02	0.406827	0.462969	+3.979866252475e-01	+3.979866252287e-01	4.723e-11	2.604e-10	0	0.996716966	0.997597298	5.326946e-01	1.086510e+00	0
(0,13,15)	-0.187500	2.945243	1.733374e-02	0.406827	0.462969	+2.051135967571e-01	+2.051135967402e-01	8.226e-11	2.859e-10	0	0.996663390	0.997700415	5.315176e-01	1.084168e+00	0
(0,13,15)	-0.062500	0.196350	1.733374e-02	0.406827	0.462969	+1.373978011479e-01	+1.373978011517e-01	2.803e-11	5.435e-10	0	0.960061137	0.963482240	4.805400e-01	1.073475e+00	0
(0,13,15)	-0.062500	0.589049	1.733374e-02	0.406827	0.462969	+3.244600450149e-01	+3.244600450097e-01	1.610e-11	3.527e-10	0	0.960300196	0.963201560	4.817360e-01	1.075879e+00	0
(0,13,15)	-0.062500	0.981748	1.733374e-02	0.406827	0.462969	+5.889138027220e-01	+5.889138027089e-01	2.234e-11	8.783e-11	0	0.960751633	0.962691295	4.839457e-01	1.080306e+00	0
(0,13,15)	-0.062500	1.374447	1.733374e-02	0.406827	0.462969	+7.758457128699e-01	+7.758457128697e-01	2.695e-13	1.737e-11	0	0.961359990	0.962041364	4.868329e-01	1.086063e+00	0
(0,13,15)	-0.062500	1.767146	1.733374e-02	0.406827	0.462969	+7.758457128699e-01	+7.758457128684e-01	1.944e-12	3.330e-11	0	0.961359990	0.962041364	4.868329e-01	1.086063e+00	0
(0,13,15)	-0.062500	2.159845	1.733374e-02	0.406827	0.462969	+5.889138027220e-01	+5.889138027153e-01	1.140e-11	5.797e-11	0	0.960751633	0.962691295	4.839457e-01	1.080306e+00	0
(0,13,15)	-0.062500	2.552544	1.733374e-02	0.406827	0.462969	+3.244600450149e-01	+3.244600450077e-01	2.209e-11	3.211e-10	0	0.960300196	0.963201560	4.817360e-01	1.075879e+00	0
(0,13,15)	-0.062500	2.945243	1.733374e-02	0.406827	0.462969	+1.373978011479e-01	+1.373978011634e-01	1.132e-10	5.042e-10	0	0.960061137	0.963482240	4.805400e-01	1.073475e+00	0
(0,13,15)	0.062500	0.196350	1.733374e-02	0.406827	0.462969	+6.963264187930e-02	+6.963264188105e-02	2.513e-11	1.126e-09	0	0.876557878	0.881933149	4.296867e-01	1.051314e+00	0
(0,13,15)	0.062500	0.589049	1.733374e-02	0.406827	0.462969	+2.481232431492e-01	+2.481232431609e-01	4.729e-11	4.410e-10	0	0.876950374	0.881508269	4.308826e-01	1.053768e+00	0
(0,13,15)	0.062500	0.981748	1.733374e-02	0.406827	0.462969	+5.004707043402e-01	+5.004707043384e-01	3.728e-12	1.166e-10	0	0.877683241	0.880729636	4.330923e-01	1.058288e+00	0
(0,13,15)	0.062500	1.374447	1.733374e-02	0.406827	0.462969	+6.788533611416e-01	+6.788533611407e-01	1.321e-12	2.682e-11	0	0.878655281	0.879725258	4.359795e-01	1.064164e+00	0
(0,13,15)	0.062500	1.767146	1.733374e-02	0.406827	0.462969	+6.788533611416e-01	+6.788533611432e-01	2.371e-12	2.957e-11	0	0.878655281	0.879725258	4.359795e-01	1.064164e+00	0
(0,13,15)	0.062500	2.159845	1.733374e-02	0.406827	0.462969	+5.004707043402e-01	+5.004707043425e-01	4.617e-12	9.480e-11	0	0.877683241	0.880729636	4.330923e-01	1.058288e+00	0
(0,13,15)	0.062500	2.552544	1.733374e-02	0.406827	0.462969	+2.481232431492e-01	+2.481232431455e-01	1.503e-11	3.150e-10	0	0.876950374	0.881508269	4.308826e-01	1.053768e+00	0
(0,13,15)	0.062500	2.945243	1.733374e-02	0.406827	0.462969	+6.963264187930e-02	+6.963264187024e-02	1.302e-10	1.073e-09	0	0.876557878	0.881933149	4.296867e-01	1.051314e+00	0
(0,13,15)	0.187500	0.196350	1.733374e-02	0.406827	0.462969	+9.157197263546e-03	+9.157197266216e-03	2.915e-10	1.019e-08	0	0.757572592	0.764189894	3.789575e-01	1.016936e+00	0
(0,13,15)	0.187500	0.589049	1.733374e-02	0.406827	0.462969	+1.753562932665e-01	+1.753562932583e-01	4.712e-11	4.536e-10	0	0.758064254	0.763674943	3.801345e-01	1.019433e+00	0
(0,13,15)	0.187500	0.981748	1.733374e-02	0.406827	0.462969	+4.103346177714e-01	+4.103346177754e-01	9.792e-12	1.228e-10	0	0.758978292	0.762727999	3.823093e-01	1.024031e+00	0
(0,13,15)	0.187500	1.374447	1.733374e-02	0.406827	0.462969	+5.764451046394e-01	+5.764451046398e-01	5.348e-13	2.277e-11	0	0.760183066	0.761499978	3.851509e-01	1.030007e+00	0
(0,13,15)	0.187500	1.767146	1.733374e-02	0.406827	0.462969	+5.764451046394e-01	+5.764451046349e-01	7.850e-12	3.145e-11	0	0.760183066	0.761499978	3.851509e-01	1.030007e+00	0
(0,13,15)	0.187500	2.159845	1.733374e-02	0.406827	0.462969	+4.103346177714e-01	+4.103346177659e-01	1.338e-11	5.474e-11	0	0.758978292	0.762727999	3.823093e-01	1.024031e+00	0
(0,13,15)	0.187500	2.552544	1.733374e-02	0.406827	0.462969	+1.753562932665e-01	+1.753562932764e-01	5.643e-11	1.781e-10	0	0.758064254	0.763674943	3.801345e-01	1.019433e+00	0
(0,13,15)	0.187500	2.945243	1.733374e-02	0.406827	0.462969	+9.157197263545e-03	+9.157197268863e-03	5.808e-10	1.745e-08	0	0.757572592	0.764189894	3.789575e-01	1.016936e+00	0
(0,13,15)	0.312500	0.196350	1.733374e-02	0.406827	0.462969	-3.646166322818e-02	-3.646166325367e-02	6.993e-10	2.263e-09	0	0.628066026	0.635184300	3.283587e-01	9.690552e-01	0
(0,13,15)	0.312500	0.589049	1.733374e-02	0.406827	0.462969	+1.144185161869e-01	+1.144185161990e-01	1.052e-10	6.673e-10	0	0.628599606	0.634634869	3.294970e-01	9.715890e-01	0
(0,13,15)	0.312500	0.981748	1.733374e-02	0.406827	0.462969	+3.277428729270e-01	+3.277428729180e-01	2.746e-11	7.156e-11	0	0.629589403	0.633622680	3.316002e-01	9.762535e-01	0
(0,13,15)	0.312500	1.374447	1.733374e-02	0.406827	0.462969	+4.785489372096e-01	+4.785489372119e-01	5.001e-12	3.007e-11	0	0.630889905	0.632306363	3.343481e-01	9.823145e-01	0
(0,13,15)	0.312500	1.767146	1.733374e-02	0.406827	0.462969	+4.785489372096e-01	+4.785489372064e-01	6.588e-12	3.701e-11	0	0.630889905	0.632306363	3.343481e-01	9.823145e-01	0
(0,13,15)	0.312500	2.159845	1.733374e-02	0.406827	0.462969	+3.277428729270e-01	+3.277428729209e-01	1.850e-11	2.408e-10	0	0.629589403	0.633622680	3.316002e-01	9.762535e-01	0
(0,13,15)	0.312500	2.552544	1.733374e-02	0.406827	0.462969	+1.144185161869e-01	+1.144185161990e-01	1.052e-10	6.673e-10	0	0.628599606	0.634634869	3.294970e-01	9.715890e-01	0
(0,13,15)	0.312500	2.945243	1.733374e-02	0.406827	0.462969	-3.646166322817e-02	-3.646166323978e-02	3.184e-10	2.263e-09	0	0.628066026	0.635184300	3.283587e-01	9.690552e-01	0
(0,13,15)	0.437500	0.196350	1.733374e-02	0.406827	0.462969	-6.254463184926e-02	-6.254463184719e-02	3.308e-11	1.426e-09	0	0.508154192	0.515174689	2.779044e-01	9.055656e-01	0
(0,13,15)	0.437500	0.589049	1.733374e-02	0.406827	0.462969	+7.111053796280e-02	+7.111053796590e-02	4.356e-11	1.206e-09	0	0.508682778	0.514635074	2.789819e-01	9.081321e-01	0
(0,13,15)	0.437500	0.981748	1.733374e-02	0.406827	0.462969	+2.600809158832e-01	+2.600809158823e-01	3.407e-12	1.199e-10	0	0.509662255	0.513640025	2.809728e-01	9.128552e-01	0
(0,13,15)	0.437500	1.374447	1.733374e-02	0.406827	0.462969	+3.936702628472e-01	+3.936702628471e-01	2.872e-13	3.864e-11	0	0.510947170	0.512344119	2.835741e-01	9.189897e-01	0
(0,13,15)	0.437500	1.767146	1.733374e-02	0.406827	0.462969	+3.936702628472e-01	+3.936702628482e-01	2.614e-12	4.743e-11	0	0.510947170	0.512344119	2.835741e-01	9.189897e-01	0
(0,13,15)	0.437500	2.159845	1.733374e-02	0.406827	0.462969	+2.600809158832e-01	+2.600809158937e-01	4.042e-11	2.112e-10	0	0.509662255	0.513640025	2.809728e-01	9.128552e-01	0
(0,13,15)	0.437500	2.552544	1.733374e-02	0.406827	0.462969	+7.111053796281e-02	+7.111053796165e-02	1.632e-11	1.160e-09	0	0.508682778	0.514635074	2.789819e-01	9.081321e-01	0
(0,13,15)	0.437500	2.945243	1.733374e-02	0.406827	0.462969	-6.254463184926e-02	-6.254463184703e-02	3.561e-11	9.246e-10	0	0.508154192	0.515174689	2.779044e-01	9.055656e-01	0
(0,13,15)	0.562500	0.196350	1.733374e-02	0.406827	0.462969	-6.692629557775e-02	-6.692629557297e-02	7.142e-11	1.406e-09	0	0.406529281	0.412972804	2.276210e-01	8.229320e-01	0
(0,13,15)	0.562500	0.589049	1.733374e-02	0.406827	0.462969	+4.828716835694e-02	+4.828716835986e-02	6.051e-11	1.644e-09	0	0.407014602	0.412477789	2.286117e-01	8.255282e-01	0
(0,13,15)	0.562500	0.981748	1.733374e-02	0.406827	0.462969	+2.111769743080e-01	+2.111769743047e-01	1.555e-11	3.470e-10	0	0.407913866	0.411564848	2.304423e-01	8.303041e-01	0
(0,13,15)	0.562500	1.374447	1.733374e-02	0.406827	0.462969	+3.263245387005e-01	+3.263245386984e-01	6.449e-12	4.969e-11	0	0.409093431	0.410375634	2.328341e-01	8.365031e-01	0
(0,13,15)	0.562500	1.767146	1.733374e-02	0.406827	0.462969	+3.263245387005e-01	+3.263245387030e-01	7.699e-12	4.969e-11	0	0.409093431	0.410375634	2.328341e-01	8.365031e-01	0
(0,13,15)	0.562500	2.159845	1.733374e-02	0.406827	0.462969	+2.111769743080e-01	+2.111769743046e-01	1.578e-11	2.752e-10	0	0.407913866	0.411564848	2.304423e-01	8.303041e-01	0
(0,13,15)	0.562500	2.552544	1.733374e-02	0.406827	0.462969	+4.828716835693e-02	+4.828716836387e-02	1.438e-10	2.006e-09	0	0.407014602	0.412477789	2.286117e-01	8.255282e-01	0
(0,13,15)	0.562500	2.945243	1.733374e-02	0.406827	0.462969	-6.692629557775e-02	-6.692629556467e-02	1.955e-10	5.751e-10	0	0.406529281	0.412972804	2.276210e-01	8.229320e-01	0
(0,13,15)	0.687500	0.196350	1.733374e-02	0.406827	0.462969	-4.817796210063e-02	-4.817796210168e-02	2.168e-11	2.315e-09	0	0.324630520	0.329948682	1.775596e-01	7.146968e-01	0
(0,13,15)	0.687500	0.589049	1.733374e-02	0.406827	0.462969	+4.794089266655e-02	+4.794089267875e-02	2.544e-10	7.234e-10	0	0.325027635	0.329537059	1.784297e-01	7.173218e-01	0
(0,13,15)	0.687500	0.981748	1.733374e-02	0.406827	0.462969	+1.838140897529e-01	+1.838140897413e-01	6.317e-11	3.563e-10	0	0.325765136	0.328779091	1.800375e-01	7.221470e-01	0
(0,13,15)	0.687500	1.374447	1.733374e-02	0.406827	0.462969	+2.798490525098e-01	+2.798490525040e-01	2.075e-11	5.686e-11	0	0.326735609	0.327794181	1.821383e-01	7.284033e-01	0
(0,13,15)	0.687500	1.767146	1.733374e-02	0.406827	0.462969	+2.798490525098e-01	+2.798490525060e-01	1.329e-11	3.533e-11	0	0.326735609	0.327794181	1.821383e-01	7.284033e-01	0
(0,13,15)	0.687500	2.159845	1.733374e-02	0.406827	0.462969	+1.838140897529e-01	+1.838140897429e-01	5.431e-11	2.357e-10	0	0.325765136	0.328779091	1.800375e-01	7.221470e-01	0
(0,13,15)	0.687500	2.552544	1.733374e-02	0.406827	0.462969	+4.794089266655e-02	+4.794089267875e-02	2.544e-10	7.234e-10	0	0.325027635	0.329537059	1.784297e-01	7.173218e-01	0
(0,13,15)	0.687500	2.945243	1.733374e-02	0.406827	0.462969	-4.817796210063e-02	-4.817796208600e-02	3.036e-10	1.450e-09	0	0.324630520	0.329948682	1.775596e-01	7.146968e-01	0
(0,13,15)	0.812500	0.196350	1.733374e-02	0.406827	0.462969	-6.935056755816e-03	-6.935056753269e-03	3.673e-10	8.596e-09	0	0.263428429	0.266381638	1.278335e-01	5.668007e-01	0
(0,13,15)	0.812500	0.589049	1.733374e-02	0.406827	0.462969	+7.326743915173e-02	+7.326743912947e-02	3.038e-10	7.285e-10	0	0.263632651	0.266138476	1.285320e-01	5.694565e-01	0
(0,13,15)	0.812500	0.981748	1.733374e-02	0.406827	0.462969	+1.865569099242e-01	+1.865569099134e-01	5.771e-11	1.952e-10	0	0.264019886	0.265696315	1.298227e-01	5.743314e-01	0
(0,13,15)	0.812500	1.374447	1.733374e-02	0.406827	0.462969	+2.665703078328e-01	+2.665703078349e-01	7.936e-12	3.396e-11	0	0.264544131	0.265133332	1.315091e-01	5.806391e-01	0
(0,13,15)	0.812500	1.767146	1.733374e-02	0.406827	0.462969	+2.665703078328e-01	+2.665703078338e-01	3.891e-12	2.914e-11	0	0.264544131	0.265133332	1.315091e-01	5.806391e-01	0
(0,13,15)	0.812500	2.159845	1.733374e-02	0.406827	0.462969	+1.865569099242e-01	+1.865569099159e-01	4.431e-11	3.550e-11	0	0.264019886	0.265696315	1.298227e-01	5.743314e-01	0
(0,13,15)	0.812500	2.552544	1.733374e-02	0.406827	0.462969	+7.326743915173e-02	+7.326743915668e-02	6.748e-11	3.776e-10	0	0.263632651	0.266138476	1.285320e-01	5.694565e-01	0
(0,13,15)	0.812500	2.945243	1.733374e-02	0.406827	0.462969	-6.935056755816e-03	-6.935056750477e-03	7.699e-10	8.596e-09	0	0.263428429	0.266381638	1.278335e-01	5.668007e-01	0
(0,13,15)	0.937500	0.196350	1.733374e-02	0.406827	0.462969	-5.691099970441e-02	-5.691099972098e-02	2.913e-10	1.111e-09	0	0.242145608	0.249520019	7.882953e-02	3.321181e-01	0
(0,13,15)	0.937500	0.589049	1.733374e-02	0.406827	0.462969	+8.618307269896e-02	+8.618307270998e-02	1.279e-10	3.546e-10	0	0.242584395	0.248816436	7.924651e-02	3.348189e-01	0
(0,13,15)	0.937500	0.981748	1.733374e-02	0.406827	0.462969	+2.868380236443e-01	+2.868380236420e-01	8.223e-12	5.895e-11	0	0.243441348	0.247586964	8.001698e-02	3.397530e-01	0
(0,13,15)	0.937500	1.374447	1.733374e-02	0.406827	0.462969	+4.275266206062e-01	+4.275266206025e-01	8.827e-12	3.283e-11	0	0.244657550	0.246108727	8.102365e-02	3.460937e-01	0
(0,13,15)	0.937500	1.767146	1.733374e-02	0.406827	0.462969	+4.275266206062e-01	+4.275266206035e-01	6.306e-12	4.024e-11	0	0.244657550	0.246108727	8.102365e-02	3.460937e-01	0
(0,13,15)	0.937500	2.159845	1.733374e-02	0.406827	0.462969	+2.868380236443e-01	+2.868380236473e-01	1.038e-11	1.016e-10	0	0.243441348	0.247586964	8.001698e-02	3.397530e-01	0
(0,13,15)	0.937500	2.552544	1.733374e-02	0.406827	0.462969	+8.618307269896e-02	+8.618307269817e-02	9.095e-12	9.319e-10	0	0.242584395	0.248816436	7.924651e-02	3.348189e-01	0
(0,13,15)	0.937500	2.945243	1.733374e-02	0.406827	0.462969	-5.691099970441e-02	-5.691099971487e-02	1.838e-10	1.111e-09	0	0.242145608	0.249520019	7.882953e-02	3.321181e-01	0
(0,14,0)	-0.937500	0.196350	1.036003e-02	0.353323	0.402031	+1.521332793635e+00	+1.521332793596e+00	2.624e-11	1.477e-10	0	0.952984088	0.959610321	7.318502e-01	8.045878e-01	0
(0,14,0)	-0.937500	0.589049	1.036003e-02	0.353323	0.402031	+1.705156515821e+00	+1.705156515812e+00	5.539e-12	3.513e-11	0	0.953479588	0.959096896	7.320667e-01	8.052566e-01	0
(0,14,0)	-0.937500	0.981748	1.036003e-02	0.353323	0.402031	+1.965094534340e+00	+1.965094534343e+00	1.315e-12	5.133e-11	0	0.954398951	0.958152183	7.324665e-01	8.064909e-01	0
(0,14,0)	-0.937500	1.374447	1.036003e-02	0.353323	0.402031	+2.148878685903e+00	+2.148878685902e+00	5.846e-13	2.836e-11	0	0.955607642	0.956925569	7.329890e-01	8.081007e-01	0
(0,14,0)	-0.937500	1.767146	1.036003e-02	0.353323	0.402031	+2.148878685903e+00	+2.148878685903e+00	3.321e-13	2.836e-11	0	0.955607642	0.956925569	7.329890e-01	8.081007e-01	0
(0,14,0)	-0.937500	2.159845	1.036003e-02	0.353323	0.402031	+1.965094534340e+00	+1.965094534342e+00	7.185e-13	3.721e-11	0	0.954398951	0.958152183	7.324665e-01	8.064909e-01	0
(0,14,0)	-0.937500	2.552544	1.036003e-02	0.353323	0.402031	+1.705156515821e+00	+1.705156515797e+00	1.440e-11	3.203e-11	0	0.953479588	0.959096896	7.320667e-01	8.052566e-01	0
(0,14,0)	-0.937500	2.945243	1.036003e-02	0.353323	0.402031	+1.521332793635e+00	+1.521332793613e+00	1.494e-11	8.768e-11	0	0.952984088	0.959610321	7.318502e-01	8.045878e-01	0
(0,14,0)	-0.812500	0.196350	1.036003e-02	0.353323	0.402031	+6.422539366781e-01	+6.422539366886e-01	1.634e-11	3.010e-10	0	0.906254694	0.913401667	6.867250e-01	8.890828e-01	0
(0,14,0)	-0.812500	0.589049	1.036003e-02	0.353323	0.402031	+9.149864237775e-01	+9.149864238056e-01	3.079e-11	1.208e-10	0	0.906784483	0.912843079	6.870875e-01	8.900966e-01	0
(0,14,0)	-0.812500	0.981748	1.036003e-02	0.353323	0.402031	+1.300610850590e+00	+1.300610850578e+00	9.112e-12	5.653e-11	0	0.907769455	0.911817384	6.877574e-01	8.919666e-01	0
(0,14,0)	-0.812500	1.374447	1.036003e-02	0.353323	0.402031	+1.573233671430e+00	+1.573233671424e+00	3.439e-12	3.448e-11	0	0.909068339	0.910489708	6.886327e-01	8.944041e-01	0
(0,14,0)	-0.812500	1.767146	1.036003e-02	0.353323	0.402031	+1.573233671430e+00	+1.573233671430e+00	4.576e-13	1.277e-11	0	0.909068339	0.910489708	6.886327e-01	8.944041e-01	0
(0,14,0)	-0.812500	2.159845	1.036003e-02	0.353323	0.402031	+1.300610850590e+00	+1.300610850581e+00	6.574e-12	7.444e-11	0	0.907769455	0.911817384	6.877574e-01	8.919666e-01	0
(0,14,0)	-0.812500	2.552544	1.036003e-02	0.353323	0.402031	+9.149864237775e-01	+9.149864237600e-01	1.907e-11	1.562e-10	0	0.906784483	0.912843079	6.870875e-01	8.900966e-01	0
(0,14,0)	-0.812500	2.945243	1.036003e-02	0.353323	0.402031	+6.422539366781e-01	+6.422539366636e-01	2.269e-11	4.694e-10	0	0.906254694	0.913401667	6.867250e-01	8.890828e-01	0
(0,14,0)	-0.687500	0.196350	1.036003e-02	0.353323	0.402031	+3.695343406322e-01	+3.695343406549e-01	6.144e-11	7.361e-10	0	0.895287060	0.901371761	6.419745e-01	9.535410e-01	0
(0,14,0)	-0.687500	0.589049	1.036003e-02	0.353323	0.402031	+6.308650324923e-01	+6.308650324794e-01	2.043e-11	2.102e-10	0	0.895735514	0.900893518	6.424261e-01	9.547184e-01	0
(0,14,0)	-0.687500	0.981748	1.036003e-02	0.353323	0.402031	+1.000357483136e+00	+1.000357483124e+00	1.205e-11	4.000e-11	0	0.896570389	0.900016519	6.432606e-01	9.568900e-01	0
(0,14,0)	-0.687500	1.374447	1.036003e-02	0.353323	0.402031	+1.261568043778e+00	+1.261568043777e+00	8.651e-13	2.143e-11	0	0.897673545	0.898883581	6.443509e-01	9.597200e-01	0
(0,14,0)	-0.687500	1.767146	1.036003e-02	0.353323	0.402031	+1.261568043778e+00	+1.261568043779e+00	6.965e-13	3.243e-11	0	0.897673545	0.898883581	6.443509e-01	9.597200e-01	0
(0,14,0)	-0.687500	2.159845	1.036003e-02	0.353323	0.402031	+1.000357483136e+00	+1.000357483118e+00	1.766e-11	7.641e-11	0	0.896570389	0.900016519	6.432606e-01	9.568900e-01	0
(0,14,0)	-0.687500	2.552544	1.036003e-02	0.353323	0.402031	+6.308650324923e-01	+6.308650324794e-01	2.043e-11	2.102e-10	0	0.895735514	0.900893518	6.424261e-01	9.547184e-01	0
(0,14,0)	-0.687500	2.945243	1.036003e-02	0.353323	0.402031	+3.695343406322e-01	+3.695343406327e-01	1.284e-12	3.700e-10	0	0.895287060	0.901371761	6.419745e-01	9.535410e-01	0
(0,14,0)	-0.562500	0.196350	1.036003e-02	0.353323	0.402031	+2.714488670567e-01	+2.714488670440e-01	4.671e-11	5.059e-10	0	0.908337259	0.913108207	5.973981e-01	1.001339e+00	0
(0,14,0)	-0.562500	0.589049	1.036003e-02	0.353323	0.402031	+5.063977797008e-01	+5.063977797182e-01	3.443e-11	1.027e-10	0	0.908686374	0.912730630	5.979123e-01	1.002615e+00	0
(0,14,0)	-0.562500	0.981748	1.036003e-02	0.353323	0.402031	+8.385885646194e-01	+8.385885646257e-01	7.478e-12	1.211e-10	0	0.909337406	0.912039352	5.988624e-01	1.004970e+00	0
(0,14,0)	-0.562500	1.374447	1.036003e-02	0.353323	0.402031	+1.073428382536e+00	+1.073428382541e+00	4.319e-12	3.989e-11	0	0.910199795	0.911148508	6.001037e-01	1.008037e+00	0
(0,14,0)	-0.562500	1.767146	1.036003e-02	0.353323	0.402031	+1.073428382536e+00	+1.073428382537e+00	1.258e-12	3.875e-11	0	0.910199795	0.911148508	6.001037e-01	1.008037e+00	0
(0,14,0)	-0.562500	2.159845	1.036003e-02	0.353323	0.402031	+8.385885646194e-01	+8.385885646374e-01	2.139e-11	6.299e-11	0	0.909337406	0.912039352	5.988624e-01	1.004970e+00	0
(0,14,0)	-0.562500	2.552544	1.036003e-02	0.353323	0.402031	+5.063977797008e-01	+5.063977797069e-01	1.201e-11	1.622e-10	0	0.908686374	0.912730630	5.979123e-01	1.002615e+00	0
(0,14,0)	-0.562500	2.945243	1.036003e-02	0.353323	0.402031	+2.714488670567e-01	+2.714488670690e-01	4.520e-11	5.298e-10	0	0.908337259	0.913108207	5.973981e-01	1.001339e+00	0
(0,14,0)	-0.437500	0.196350	1.036003e-02	0.353323	0.402031	+2.264366721553e-01	+2.264366721410e-01	6.280e-11	7.362e-10	0	0.938278472	0.941649604	5.529368e-01	1.034646e+00	0
(0,14,0)	-0.437500	0.589049	1.036003e-02	0.353323	0.402031	+4.386778449021e-01	+4.386778448664e-01	8.151e-11	3.213e-10	0	0.938521966	0.941379523	5.534961e-01	1.035990e+00	0
(0,14,0)	-0.437500	0.981748	1.036003e-02	0.353323	0.402031	+7.387660376148e-01	+7.387660375920e-01	3.096e-11	6.919e-11	0	0.938977434	0.940886462	5.545294e-01	1.038468e+00	0
(0,14,0)	-0.437500	1.374447	1.036003e-02	0.353323	0.402031	+9.509136723972e-01	+9.509136724015e-01	4.521e-12	1.884e-11	0	0.939583520	0.940253799	5.558795e-01	1.041696e+00	0
(0,14,0)	-0.437500	1.767146	1.036003e-02	0.353323	0.402031	+9.509136723972e-01	+9.509136723948e-01	2.565e-12	3.874e-11	0	0.939583520	0.940253799	5.558795e-01	1.041696e+00	0
(0,14,0)	-0.437500	2.159845	1.036003e-02	0.353323	0.402031	+7.387660376148e-01	+7.387660376130e-01	2.410e-12	1.234e-10	0	0.938977434	0.940886462	5.545294e-01	1.038468e+00	0
(0,14,0)	-0.437500	2.552544	1.036003e-02	0.353323	0.402031	+4.386778449021e-01	+4.386778448924e-01	2.218e-11	3.284e-10	0	0.938521966	0.941379523	5.534961e-01	1.035990e+00	0
(0,14,0)	-0.437500	2.945243	1.036003e-02	0.353323	0.402031	+2.264366721552e-01	+2.264366721654e-01	4.473e-11	2.554e-10	0	0.938278472	0.941649604	5.529368e-01	1.034646e+00	0
(0,14,0)	-0.312500	0.196350	1.036003e-02	0.353323	0.402031	+1.933427955812e-01	+1.933427955763e-01	2.541e-11	7.644e-10	0	0.975226744	0.977093100	5.085643e-01	1.054774e+00	0
(0,14,0)	-0.312500	0.589049	1.036003e-02	0.353323	0.402031	+3.896317816484e-01	+3.896317816402e-01	2.126e-11	1.770e-10	0	0.975356755	0.976938637	5.091551e-01	1.056166e+00	0
(0,14,0)	-0.312500	0.981748	1.036003e-02	0.353323	0.402031	+6.671707697680e-01	+6.671707697802e-01	1.822e-11	1.365e-10	0	0.975602078	0.976658739	5.102467e-01	1.058734e+00	0
(0,14,0)	-0.312500	1.374447	1.036003e-02	0.353323	0.402031	+8.633811983291e-01	+8.633811983297e-01	7.385e-13	4.060e-11	0	0.975932701	0.976303672	5.116729e-01	1.062079e+00	0
(0,14,0)	-0.312500	1.767146	1.036003e-02	0.353323	0.402031	+8.633811983291e-01	+8.633811983274e-01	1.918e-12	2.512e-11	0	0.975932701	0.976303672	5.116729e-01	1.062079e+00	0
(0,14,0)	-0.312500	2.159845	1.036003e-02	0.353323	0.402031	+6.671707697680e-01	+6.671707697617e-01	9.537e-12	8.934e-11	0	0.975602078	0.976658739	5.102467e-01	1.058734e+00	0
(0,14,0)	-0.312500	2.552544	1.036003e-02	0.353323	0.402031	+3.896317816484e-01	+3.896317816402e-01	2.126e-11	1.770e-10	0	0.975356755	0.976938637	5.091551e-01	1.056166e+00	0
(0,14,0)	-0.312500	2.945243	1.036003e-02	0.353323	0.402031	+1.933427955813e-01	+1.933427955592e-01	1.141e-10	7.644e-10	0	0.975226744	0.977093100	5.085643e-01	1.054774e+00	0
(0,14,0)	-0.187500	0.196350	1.036003e-02	0.353323	0.402031	+1.562884472855e-01	+1.562884472929e-01	4.726e-11	7.799e-10	0	0.999367393	0.999607971	4.642668e-01	1.062439e+00	0
(0,14,0)	-0.187500	0.589049	1.036003e-02	0.353323	0.402031	+3.416197123209e-01	+3.416197123562e-01	1.033e-10	3.432e-10	0	0.999374956	0.999578589	4.648777e-01	1.063868e+00	0
(0,14,0)	-0.187500	0.981748	1.036003e-02	0.353323	0.402031	+6.036716685966e-01	+6.036716685993e-01	4.443e-12	3.772e-10	0	0.999393466	0.999529240	4.660064e-01	1.066504e+00	0
(0,14,0)	-0.187500	1.374447	1.036003e-02	0.353323	0.402031	+7.889378458746e-01	+7.889378458727e-01	2.310e-12	8.087e-11	0	0.999426642	0.999498775	4.674812e-01	1.069938e+00	0
(0,14,0)	-0.187500	1.767146	1.036003e-02	0.353323	0.402031	+7.889378458746e-01	+7.889378458697e-01	6.117e-12	8.495e-11	0	0.999426642	0.999498775	4.674812e-01	1.069938e+00	0
(0,14,0)	-0.187500	2.159845	1.036003e-02	0.353323	0.402031	+6.036716685966e-01	+6.036716686064e-01	1.619e-11	3.047e-10	0	0.999393466	0.999529240	4.660064e-01	1.066504e+00	0
(0,14,0)	-0.187500	2.552544	1.036003e-02	0.353323	0.402031	+3.416197123209e-01	+3.416197123439e-01	6.726e-11	3.432e-10	0	0.999374956	0.999578589	4.648777e-01	1.063868e+00	0
(0,14,0)	-0.187500	2.945243	1.036003e-02	0.353323	0.402031	+1.562884472855e-01	+1.562884472987e-01	8.489e-11	7.799e-10	0	0.999367393	0.999607971	4.642668e-01	1.062439e+00	0
(0,14,0)	-0.062500	0.196350	1.036003e-02	0.353323	0.402031	+1.100687754987e-01	+1.100687754917e-01	6.374e-11	4.637e-10	0	0.977752587	0.979146377	4.200369e-01	1.057896e+00	0
(0,14,0)	-0.062500	0.589049	1.036003e-02	0.353323	0.402031	+2.855138892542e-01	+2.855138892753e-01	7.390e-11	2.684e-10	0	0.977849378	0.979031266	4.206576e-01	1.059354e+00	0
(0,14,0)	-0.062500	0.981748	1.036003e-02	0.353323	0.402031	+5.335933898973e-01	+5.335933899141e-01	3.145e-11	1.476e-10	0	0.978032378	0.978822364	4.218045e-01	1.062044e+00	0
(0,14,0)	-0.062500	1.374447	1.036003e-02	0.353323	0.402031	+7.089856804568e-01	+7.089856804594e-01	3.675e-12	1.620e-11	0	0.978279478	0.978556952	4.233030e-01	1.065547e+00	0
(0,14,0)	-0.062500	1.767146	1.036003e-02	0.353323	0.402031	+7.089856804568e-01	+7.089856804531e-01	5.181e-12	3.044e-11	0	0.978279478	0.978556952	4.233030e-01	1.065547e+00	0
(0,14,0)	-0.062500	2.159845	1.036003e-02	0.353323	0.402031	+5.335933898973e-01	+5.335933899140e-01	3.131e-11	1.010e-10	0	0.978032378	0.978822364	4.218045e-01	1.062044e+00	0
(0,14,0)	-0.062500	2.552544	1.036003e-02	0.353323	0.402031	+2.855138892542e-01	+2.855138892639e-01	3.395e-11	2.769e-10	0	0.977849378	0.979031266	4.206576e-01	1.059354e+00	0
(0,14,0)	-0.062500	2.945243	1.036003e-02	0.353323	0.402031	+1.100687754987e-01	+1.100687754966e-01	1.942e-11	8.116e-10	0	0.977752587	0.979146377	4.200369e-01	1.057896e+00	0
(0,14,0)	0.062500	0.196350	1.036003e-02	0.353323	0.402031	+5.767408415714e-02	+5.767408415017e-02	1.209e-10	5.747e-10	0	0.889166211	0.891915103	3.758715e-01	1.040976e+00	0
(0,14,0)	0.062500	0.589049	1.036003e-02	0.353323	0.402031	+2.204944633210e-01	+2.204944633009e-01	9.098e-11	2.390e-10	0	0.889368313	0.891698958	3.764922e-01	1.042458e+00	0
(0,14,0)	0.062500	0.981748	1.036003e-02	0.353323	0.402031	+4.507278034309e-01	+4.507278034271e-01	8.500e-12	1.313e-10	0	0.889744948	0.891302468	3.776391e-01	1.045191e+00	0
(0,14,0)	0.062500	1.374447	1.036003e-02	0.353323	0.402031	+6.135065446537e-01	+6.135065446546e-01	1.501e-12	1.754e-11	0	0.890243197	0.890790183	3.791376e-01	1.048751e+00	0
(0,14,0)	0.062500	1.767146	1.036003e-02	0.353323	0.402031	+6.135065446537e-01	+6.135065446616e-01	1.282e-11	2.770e-11	0	0.890243197	0.890790183	3.791376e-01	1.048751e+00	0
(0,14,0)	0.062500	2.159845	1.036003e-02	0.353323	0.402031	+4.507278034309e-01	+4.507278034389e-01	1.779e-11	1.007e-10	0	0.889744948	0.891302468	3.776391e-01	1.045191e+00	0
(0,14,0)	0.062500	2.552544	1.036003e-02	0.353323	0.402031	+2.204944633210e-01	+2.204944633218e-01	3.888e-12	3.017e-10	0	0.889368313	0.891698958	3.764922e-01	1.042458e+00	0
(0,14,0)	0.062500	2.945243	1.036003e-02	0.353323	0.402031	+5.767408415715e-02	+5.767408415252e-02	8.016e-11	6.432e-10	0	0.889166211	0.891915103	3.758715e-01	1.040976e+00	0
(0,14,0)	0.187500	0.196350	1.036003e-02	0.353323	0.402031	+8.243095960240e-03	+8.243095963200e-03	3.591e-10	7.017e-09	0	0.750632266	0.754202789	3.317706e-01	1.011060e+00	0
(0,14,0)	0.187500	0.589049	1.036003e-02	0.353323	0.402031	+1.548288756718e-01	+1.548288756700e-01	1.155e-11	5.166e-10	0	0.750899058	0.753926199	3.323814e-01	1.012561e+00	0
(0,14,0)	0.187500	0.981748	1.036003e-02	0.353323	0.402031	+3.621097300596e-01	+3.621097300632e-01	9.969e-12	9.290e-11	0	0.751394274	0.753417132	3.335102e-01	1.015330e+00	0
(0,14,0)	0.187500	1.374447	1.036003e-02	0.353323	0.402031	+5.086633526733e-01	+5.086633526737e-01	6.799e-13	3.134e-11	0	0.752045617	0.752755997	3.349850e-01	1.018937e+00	0
(0,14,0)	0.187500	1.767146	1.036003e-02	0.353323	0.402031	+5.086633526733e-01	+5.086633526776e-01	8.535e-12	4.363e-11	0	0.752045617	0.752755997	3.349850e-01	1.018937e+00	0
(0,14,0)	0.187500	2.159845	1.036003e-02	0.353323	0.402031	+3.621097300596e-01	+3.621097300673e-01	2.126e-11	1.479e-10	0	0.751394274	0.753417132	3.335102e-01	1.015330e+00	0
(0,14,0)	0.187500	2.552544	1.036003e-02	0.353323	0.402031	+1.548288756718e-01	+1.548288756586e-01	8.529e-11	2.647e-10	0	0.750899058	0.753926199	3.323814e-01	1.012561e+00	0
(0,14,0)	0.187500	2.945243	1.036003e-02	0.353323	0.402031	+8.243095960240e-03	+8.243095969707e-03	1.148e-09	4.562e-09	0	0.750632266	0.754202789	3.317706e-01	1.011060e+00	0
(0,14,0)	0.312500	0.196350	1.036003e-02	0.353323	0.402031	-2.923842337575e-02	-2.923842336779e-02	2.722e-10	2.085e-09	0	0.603034698	0.606896324	2.877373e-01	9.669483e-01	0
(0,14,0)	0.312500	0.589049	1.036003e-02	0.353323	0.402031	+9.931137362154e-02	+9.931137363545e-02	1.401e-10	1.104e-09	0	0.603325355	0.606599241	2.883281e-01	9.684667e-01	0
(0,14,0)	0.312500	0.981748	1.036003e-02	0.353323	0.402031	+2.810904459090e-01	+2.810904459155e-01	2.310e-11	1.588e-10	0	0.603863911	0.606051600	2.894196e-01	9.712663e-01	0
(0,14,0)	0.312500	1.374447	1.036003e-02	0.353323	0.402031	+4.096150840833e-01	+4.096150840804e-01	7.083e-12	3.515e-11	0	0.604570419	0.605338670	2.908459e-01	9.749119e-01	0
(0,14,0)	0.312500	1.767146	1.036003e-02	0.353323	0.402031	+4.096150840833e-01	+4.096150840815e-01	4.380e-12	5.951e-11	0	0.604570419	0.605338670	2.908459e-01	9.749119e-01	0
(0,14,0)	0.312500	2.159845	1.036003e-02	0.353323	0.402031	+2.810904459090e-01	+2.810904459086e-01	1.330e-12	1.588e-10	0	0.603863911	0.606051600	2.894196e-01	9.712663e-01	0
(0,14,0)	0.312500	2.552544	1.036003e-02	0.353323	0.402031	+9.931137362154e-02	+9.931137363545e-02	1.401e-10	1.104e-09	0	0.603325355	0.606599241	2.883281e-01	9.684667e-01	0
(0,14,0)	0.312500	2.945243	1.036003e-02	0.353323	0.402031	-2.923842337575e-02	-2.923842336192e-02	4.730e-10	1.583e-09	0	0.603034698	0.606896324	2.877373e-01	9.669483e-01	0
(0,14,0)	0.437500	0.196350	1.036003e-02	0.353323	0.402031	-5.017945537109e-02	-5.017945536685e-02	8.448e-11	1.412e-09	0	0.473794178	0.477570181	2.437790e-01	9.065927e-01	0
(0,14,0)	0.437500	0.589049	1.036003e-02	0.353323	0.402031	+6.027988575992e-02	+6.027988575509e-02	8.012e-11	1.695e-09	0	0.474079404	0.477280677	2.443382e-01	9.081257e-01	0
(0,14,0)	0.437500	0.981748	1.036003e-02	0.353323	0.402031	+2.164781612582e-01	+2.164781612474e-01	5.002e-11	3.360e-10	0	0.474607444	0.476746591	2.453716e-01	9.109516e-01	0
(0,14,0)	0.437500	1.374447	1.036003e-02	0.353323	0.402031	+3.269165451538e-01	+3.269165451547e-01	2.562e-12	6.646e-11	0	0.475299281	0.476050481	2.467217e-01	9.146306e-01	0
(0,14,0)	0.437500	1.767146	1.036003e-02	0.353323	0.402031	+3.269165451538e-01	+3.269165451555e-01	5.265e-12	4.699e-11	0	0.475299281	0.476050481	2.467217e-01	9.146306e-01	0
(0,14,0)	0.437500	2.159845	1.036003e-02	0.353323	0.402031	+2.164781612582e-01	+2.164781612570e-01	5.495e-12	2.722e-10	0	0.474607444	0.476746591	2.453716e-01	9.109516e-01	0
(0,14,0)	0.437500	2.552544	1.036003e-02	0.353323	0.402031	+6.027988575991e-02	+6.027988574154e-02	3.048e-10	1.113e-09	0	0.474079404	0.477280677	2.443382e-01	9.081257e-01	0
(0,14,0)	0.437500	2.945243	1.036003e-02	0.353323	0.402031	-5.017945537109e-02	-5.017945538519e-02	2.811e-10	1.412e-09	0	0.473794178	0.477570181	2.437790e-01	9.065927e-01	0
(0,14,0)	0.562500	0.196350	1.036003e-02	0.353323	0.402031	-5.327872506794e-02	-5.327872506000e-02	1.491e-10	1.812e-09	0	0.370202192	0.373631218	1.999094e-01	8.264828e-01	0
(0,14,0)	0.562500	0.589049	1.036003e-02	0.353323	0.402031	+3.961410469203e-02	+3.961410470176e-02	2.454e-10	9.245e-10	0	0.370461396	0.373368514	2.004236e-01	8.280289e-01	0
(0,14,0)	0.562500	0.981748	1.036003e-02	0.353323	0.402031	+1.709703636184e-01	+1.709703636307e-01	7.205e-11	2.824e-10	0	0.370941183	0.372883780	2.013737e-01	8.308781e-01	0
(0,14,0)	0.562500	1.374447	1.036003e-02	0.353323	0.402031	+2.638433428942e-01	+2.638433428928e-01	5.283e-12	9.317e-11	0	0.371569644	0.372251824	2.026151e-01	8.345860e-01	0
(0,14,0)	0.562500	1.767146	1.036003e-02	0.353323	0.402031	+2.638433428942e-01	+2.638433428965e-01	8.720e-12	5.278e-11	0	0.371569644	0.372251824	2.026151e-01	8.345860e-01	0
(0,14,0)	0.562500	2.159845	1.036003e-02	0.353323	0.402031	+1.709703636184e-01	+1.709703636241e-01	3.334e-11	3.334e-10	0	0.370941183	0.372883780	2.013737e-01	8.308781e-01	0
(0,14,0)	0.562500	2.552544	1.036003e-02	0.353323	0.402031	+3.961410469204e-02	+3.961410469893e-02	1.740e-10	2.588e-09	0	0.370461396	0.373368514	2.004236e-01	8.280289e-01	0
(0,14,0)	0.562500	2.945243	1.036003e-02	0.353323	0.402031	-5.327872506795e-02	-5.327872505279e-02	2.845e-10	1.895e-09	0	0.370202192	0.373631218	1.999094e-01	8.264828e-01	0
(0,14,0)	0.687500	0.196350	1.036003e-02	0.353323	0.402031	-3.807156137253e-02	-3.807156138011e-02	1.989e-10	1.492e-09	0	0.290309065	0.293113725	1.561550e-01	7.201467e-01	0
(0,14,0)	0.687500	0.589049	1.036003e-02	0.353323	0.402031	+3.790360207527e-02	+3.790360209164e-02	4.318e-10	8.521e-10	0	0.290520070	0.292897923	1.566067e-01	7.217049e-01	0
(0,14,0)	0.687500	0.981748	1.036003e-02	0.353323	0.402031	+1.453316165301e-01	+1.453316165281e-01	1.359e-11	3.098e-10	0	0.290911108	0.292500106	1.574412e-01	7.245753e-01	0
(0,14,0)	0.687500	1.374447	1.036003e-02	0.353323	0.402031	+2.212826184795e-01	+2.212826184786e-01	4.056e-12	3.168e-11	0	0.291424201	0.291982224	1.585315e-01	7.283086e-01	0
(0,14,0)	0.687500	1.767146	1.036003e-02	0.353323	0.402031	+2.212826184795e-01	+2.212826184782e-01	6.065e-12	8.648e-11	0	0.291424201	0.291982224	1.585315e-01	7.283086e-01	0
(0,14,0)	0.687500	2.159845	1.036003e-02	0.353323	0.402031	+1.453316165301e-01	+1.453316165213e-01	6.041e-11	1.658e-10	0	0.290911108	0.292500106	1.574412e-01	7.245753e-01	0
(0,14,0)	0.687500	2.552544	1.036003e-02	0.353323	0.402031	+3.790360207527e-02	+3.790360209164e-02	4.318e-10	8.521e-10	0	0.290520070	0.292897923	1.566067e-01	7.217049e-01	0
(0,14,0)	0.687500	2.945243	1.036003e-02	0.353323	0.402031	-3.807156137253e-02	-3.807156139506e-02	5.917e-10	1.642e-09	0	0.290309065	0.293113725	1.561550e-01	7.201467e-01	0
(0,14,0)	0.812500	0.196350	1.036003e-02	0.353323	0.402031	-5.559451009630e-03	-5.559451009351e-03	5.027e-11	1.092e-08	0	0.232159162	0.233707582	1.125747e-01	5.734245e-01	0
(0,14,0)	0.812500	0.589049	1.036003e-02	0.353323	0.402031	+5.676667277853e-02	+5.676667276522e-02	2.345e-10	7.178e-10	0	0.232270693	0.233583797	1.129373e-01	5.749950e-01	0
(0,14,0)	0.812500	0.981748	1.036003e-02	0.353323	0.402031	+1.448718382272e-01	+1.448718382256e-01	1.133e-11	2.005e-10	0	0.232479696	0.233357478	1.136072e-01	5.778856e-01	0
(0,14,0)	0.812500	1.374447	1.036003e-02	0.353323	0.402031	+2.071452730693e-01	+2.071452730685e-01	3.915e-12	3.959e-11	0	0.232758303	0.233066637	1.144824e-01	5.816408e-01	0
(0,14,0)	0.812500	1.767146	1.036003e-02	0.353323	0.402031	+2.071452730693e-01	+2.071452730692e-01	6.980e-13	6.433e-11	0	0.232758303	0.233066637	1.144824e-01	5.816408e-01	0
(0,14,0)	0.812500	2.159845	1.036003e-02	0.353323	0.402031	+1.448718382272e-01	+1.448718382280e-01	5.308e-12	2.221e-10	0	0.232479696	0.233357478	1.136072e-01	5.778856e-01	0
(0,14,0)	0.812500	2.552544	1.036003e-02	0.353323	0.402031	+5.676667277853e-02	+5.676667277987e-02	2.357e-11	1.220e-09	0	0.232270693	0.233583797	1.129373e-01	5.749950e-01	0
(0,14,0)	0.812500	2.945243	1.036003e-02	0.353323	0.402031	-5.559451009630e-03	-5.559451010961e-03	2.393e-10	1.092e-08	0	0.232159162	0.233707582	1.125747e-01	5.734245e-01	0
(0,14,0)	0.937500	0.196350	1.036003e-02	0.353323	0.402031	-4.503380645663e-02	-4.503380645696e-02	7.376e-12	9.594e-10	0	0.212251328	0.216101956	6.936919e-02	3.386524e-01	0
(0,14,0)	0.937500	0.589049	1.036003e-02	0.353323	0.402031	+6.511094200184e-02	+6.511094199739e-02	6.823e-11	8.690e-10	0	0.212505028	0.215765758	6.958561e-02	3.402382e-01	0
(0,14,0)	0.937500	0.981748	1.036003e-02	0.353323	0.402031	+2.204044446584e-01	+2.204044446604e-01	8.930e-12	9.816e-11	0	0.212989526	0.215164811	6.998549e-02	3.431491e-01	0
(0,14,0)	0.937500	1.374447	1.036003e-02	0.353323	0.402031	+3.298792462144e-01	+3.298792462107e-01	1.102e-11	6.399e-11	0	0.213654575	0.214417574	7.050796e-02	3.469157e-01	0
(0,14,0)	0.937500	1.767146	1.036003e-02	0.353323	0.402031	+3.298792462144e-01	+3.298792462128e-01	4.779e-12	5.315e-11	0	0.213654575	0.214417574	7.050796e-02	3.469157e-01	0
(0,14,0)	0.937500	2.159845	1.036003e-02	0.353323	0.402031	+2.204044446584e-01	+2.204044446646e-01	2.803e-11	1.302e-10	0	0.212989526	0.215164811	6.998549e-02	3.431491e-01	0
(0,14,0)	0.937500	2.552544	1.036003e-02	0.353323	0.402031	+6.511094200184e-02	+6.511094200932e-02	1.149e-10	2.739e-10	0	0.212505028	0.215765758	6.958561e-02	3.402382e-01	0
(0,14,0)	0.937500	2.945243	1.036003e-02	0.353323	0.402031	-4.503380645663e-02	-4.503380646257e-02	1.319e-10	9.594e-10	0	0.212251328	0.216101956	6.936919e-02	3.386524e-01	0
(0,14,15)	-0.937500	0.196350	1.036003e-02	0.406878	0.462969	+1.582844227367e+00	+1.582844227406e+00	2.461e-11	1.474e-10	0	0.973102440	0.977647964	8.427797e-01	9.062344e-01	0
(0,14,15)	-0.937500	0.589049	1.036003e-02	0.406878	0.462969	+1.701632148194e+00	+1.701632148178e+00	9.538e-12	1.613e-10	0	0.973443251	0.977296695	8.430290e-01	9.068282e-01	0
(0,14,15)	-0.937500	0.981748	1.036003e-02	0.406878	0.462969	+1.869612375044e+00	+1.869612375045e+00	3.259e-13	4.368e-11	0	0.974075215	0.976649941	8.434895e-01	9.079244e-01	0
(0,14,15)	-0.937500	1.374447	1.036003e-02	0.406878	0.462969	+1.988384369894e+00	+1.988384369898e+00	2.079e-12	2.065e-11	0	0.974905295	0.975809403	8.440911e-01	9.093546e-01	0
(0,14,15)	-0.937500	1.767146	1.036003e-02	0.406878	0.462969	+1.988384369894e+00	+1.988384369896e+00	1.000e-12	1.544e-11	0	0.974905295	0.975809403	8.440911e-01	9.093546e-01	0
(0,14,15)	-0.937500	2.159845	1.036003e-02	0.406878	0.462969	+1.869612375044e+00	+1.869612375052e+00	4.363e-12	6.627e-11	0	0.974075215	0.976649941	8.434895e-01	9.079244e-01	0
(0,14,15)	-0.937500	2.552544	1.036003e-02	0.406878	0.462969	+1.701632148194e+00	+1.701632148172e+00	1.328e-11	1.453e-10	0	0.973443251	0.977296695	8.430290e-01	9.068282e-01	0
(0,14,15)	-0.937500	2.945243	1.036003e-02	0.406878	0.462969	+1.582844227367e+00	+1.582844227408e+00	2.595e-11	8.071e-11	0	0.973102440	0.977647964	8.427797e-01	9.062344e-01	0
(0,14,15)	-0.812500	0.196350	1.036003e-02	0.406878	0.462969	+8.744843917445e-01	+8.744843917434e-01	1.186e-12	2.318e-10	0	0.946831206	0.952071062	7.908146e-01	9.701834e-01	0
(0,14,15)	-0.812500	0.589049	1.036003e-02	0.406878	0.462969	+1.080908015562e+00	+1.080908015576e+00	1.318e-11	9.294e-11	0	0.947220417	0.951662371	7.912321e-01	9.711124e-01	0
(0,14,15)	-0.812500	0.981748	1.036003e-02	0.406878	0.462969	+1.372794326506e+00	+1.372794326500e+00	4.340e-12	4.876e-11	0	0.947943697	0.950911545	7.920036e-01	9.728268e-01	0
(0,14,15)	-0.812500	1.374447	1.036003e-02	0.406878	0.462969	+1.579160287392e+00	+1.579160287385e+00	4.165e-12	1.639e-11	0	0.948896820	0.949938947	7.930115e-01	9.750621e-01	0
(0,14,15)	-0.812500	1.767146	1.036003e-02	0.406878	0.462969	+1.579160287392e+00	+1.579160287383e+00	5.391e-12	1.864e-11	0	0.948896820	0.949938947	7.930115e-01	9.750621e-01	0
(0,14,15)	-0.812500	2.159845	1.036003e-02	0.406878	0.462969	+1.372794326506e+00	+1.372794326503e+00	1.852e-12	7.712e-11	0	0.947943697	0.950911545	7.920036e-01	9.728268e-01	0
(0,14,15)	-0.812500	2.552544	1.036003e-02	0.406878	0.462969	+1.080908015562e+00	+1.080908015577e+00	1.374e-11	9.458e-11	0	0.947220417	0.951662371	7.912321e-01	9.711124e-01	0
(0,14,15)	-0.812500	2.945243	1.036003e-02	0.406878	0.462969	+8.744843917445e-01	+8.744843917624e-01	2.049e-11	2.318e-10	0	0.946831206	0.952071062	7.908146e-01	9.701834e-01	0
(0,14,15)	-0.687500	0.196350	1.036003e-02	0.406878	0.462969	+5.748118956250e-01	+5.748118956103e-01	2.567e-11	3.241e-10	0	0.943344714	0.947895062	7.392812e-01	1.019099e+00	0
(0,14,15)	-0.687500	0.589049	1.036003e-02	0.406878	0.462969	+7.952185282091e-01	+7.952185282181e-01	1.133e-11	1.789e-10	0	0.943680194	0.947537557	7.398012e-01	1.020201e+00	0
(0,14,15)	-0.687500	0.981748	1.036003e-02	0.406878	0.462969	+1.106867558462e+00	+1.106867558454e+00	6.978e-12	3.802e-11	0	0.944304711	0.946881897	7.407622e-01	1.022234e+00	0
(0,14,15)	-0.687500	1.374447	1.036003e-02	0.406878	0.462969	+1.327199219684e+00	+1.327199219677e+00	5.842e-12	4.908e-11	0	0.945129828	0.946034760	7.420178e-01	1.024883e+00	0
(0,14,15)	-0.687500	1.767146	1.036003e-02	0.406878	0.462969	+1.327199219684e+00	+1.327199219682e+00	1.708e-12	2.957e-11	0	0.945129828	0.946034760	7.420178e-01	1.024883e+00	0
(0,14,15)	-0.687500	2.159845	1.036003e-02	0.406878	0.462969	+1.106867558462e+00	+1.106867558438e+00	2.175e-11	1.048e-10	0	0.944304711	0.946881897	7.407622e-01	1.022234e+00	0
(0,14,15)	-0.687500	2.552544	1.036003e-02	0.406878	0.462969	+7.952185282091e-01	+7.952185282181e-01	1.133e-11	1.789e-10	0	0.943680194	0.947537557	7.398012e-01	1.020201e+00	0
(0,14,15)	-0.687500	2.945243	1.036003e-02	0.406878	0.462969	+5.748118956250e-01	+5.748118956056e-01	3.372e-11	4.242e-10	0	0.943344714	0.947895062	7.392812e-01	1.019099e+00	0
(0,14,15)	-0.562500	0.196350	1.036003e-02	0.406878	0.462969	+4.275107534060e-01	+4.275107533841e-01	5.129e-11	3.189e-10	0	0.955278046	0.958761293	6.879481e-01	1.054602e+00	0
(0,14,15)	-0.562500	0.589049	1.036003e-02	0.406878	0.462969	+6.420369205803e-01	+6.420369205936e-01	2.073e-11	2.203e-10	0	0.955532220	0.958484917	6.885402e-01	1.055814e+00	0
(0,14,15)	-0.562500	0.981748	1.036003e-02	0.406878	0.462969	+9.453686124091e-01	+9.453686124033e-01	6.086e-12	8.123e-11	0	0.956006528	0.957979214	6.896344e-01	1.058050e+00	0
(0,14,15)	-0.562500	1.374447	1.036003e-02	0.406878	0.462969	+1.159818247640e+00	+1.159818247647e+00	5.748e-12	4.869e-11	0	0.956635445	0.957328100	6.910639e-01	1.060964e+00	0
(0,14,15)	-0.562500	1.767146	1.036003e-02	0.406878	0.462969	+1.159818247640e+00	+1.159818247644e+00	3.214e-12	3.370e-11	0	0.956635445	0.957328100	6.910639e-01	1.060964e+00	0
(0,14,15)	-0.562500	2.159845	1.036003e-02	0.406878	0.462969	+9.453686124091e-01	+9.453686124279e-01	1.999e-11	8.680e-11	0	0.956006528	0.957979214	6.896344e-01	1.058050e+00	0
(0,14,15)	-0.562500	2.552544	1.036003e-02	0.406878	0.462969	+6.420369205803e-01	+6.420369205955e-01	2.360e-11	3.920e-10	0	0.955532220	0.958484917	6.885402e-01	1.055814e+00	0
(0,14,15)	-0.562500	2.945243	1.036003e-02	0.406878	0.462969	+4.275107534060e-01	+4.275107533773e-01	6.718e-11	4.761e-10	0	0.955278046	0.958761293	6.879481e-01	1.054602e+00	0
(0,14,15)	-0.437500	0.196350	1.036003e-02	0.406878	0.462969	+3.389230654469e-01	+3.389230654930e-01	1.361e-10	4.107e-10	0	0.975940216	0.978174835	6.367477e-01	1.077881e+00	0
(0,14,15)	-0.437500	0.589049	1.036003e-02	0.406878	0.462969	+5.444897182385e-01	+5.444897182437e-01	9.566e-12	2.699e-10	0	0.976099774	0.977993929	6.373917e-01	1.079171e+00	0
(0,14,15)	-0.437500	0.981748	1.036003e-02	0.406878	0.462969	+8.351544721669e-01	+8.351544721760e-01	1.094e-11	6.057e-11	0	0.976399067	0.977664450	6.385816e-01	1.081550e+00	0
(0,14,15)	-0.437500	1.374447	1.036003e-02	0.406878	0.462969	+1.040649866580e+00	+1.040649866585e+00	4.701e-12	4.082e-11	0	0.976798947	0.977243228	6.401364e-01	1.084651e+00	0
(0,14,15)	-0.437500	1.767146	1.036003e-02	0.406878	0.462969	+1.040649866580e+00	+1.040649866582e+00	1.979e-12	3.547e-11	0	0.976798947	0.977243228	6.401364e-01	1.084651e+00	0
(0,14,15)	-0.437500	2.159845	1.036003e-02	0.406878	0.462969	+8.351544721669e-01	+8.351544721836e-01	2.008e-11	3.802e-11	0	0.976399067	0.977664450	6.385816e-01	1.081550e+00	0
(0,14,15)	-0.437500	2.552544	1.036003e-02	0.406878	0.462969	+5.444897182385e-01	+5.444897182474e-01	1.640e-11	3.251e-10	0	0.976099774	0.977993929	6.373917e-01	1.079171e+00	0
(0,14,15)	-0.437500	2.945243	1.036003e-02	0.406878	0.462969	+3.389230654469e-01	+3.389230654778e-01	9.102e-11	4.107e-10	0	0.975940216	0.978174835	6.367477e-01	1.077881e+00	0
(0,14,15)	-0.312500	0.196350	1.036003e-02	0.406878	0.462969	+2.703995923023e-01	+2.703995923180e-01	5.777e-11	7.529e-10	0	0.995361251	0.996211872	5.856495e-01	1.089661e+00	0
(0,14,15)	-0.312500	0.589049	1.036003e-02	0.406878	0.462969	+4.687316302806e-01	+4.687316303244e-01	9.356e-11	3.311e-10	0	0.995416211	0.996137070	5.863298e-01	1.091008e+00	0
(0,14,15)	-0.312500	0.981748	1.036003e-02	0.406878	0.462969	+7.491705803934e-01	+7.491705803962e-01	3.721e-12	1.221e-10	0	0.995521905	0.996003319	5.875868e-01	1.093494e+00	0
(0,14,15)	-0.312500	1.374447	1.036003e-02	0.406878	0.462969	+9.474391187446e-01	+9.474391187398e-01	5.135e-12	4.973e-11	0	0.995668200	0.995837203	5.892292e-01	1.096734e+00	0
(0,14,15)	-0.312500	1.767146	1.036003e-02	0.406878	0.462969	+9.474391187446e-01	+9.474391187383e-01	6.700e-12	4.973e-11	0	0.995668200	0.995837203	5.892292e-01	1.096734e+00	0
(0,14,15)	-0.312500	2.159845	1.036003e-02	0.406878	0.462969	+7.491705803934e-01	+7.491705804148e-01	2.851e-11	1.660e-10	0	0.995521905	0.996003319	5.875868e-01	1.093494e+00	0
(0,14,15)	-0.312500	2.552544	1.036003e-02	0.406878	0.462969	+4.687316302806e-01	+4.687316303244e-01	9.356e-11	3.311e-10	0	0.995416211	0.996137070	5.863298e-01	1.091008e+00	0
(0,14,15)	-0.312500	2.945243	1.036003e-02	0.406878	0.462969	+2.703995923023e-01	+2.703995923383e-01	1.331e-10	3.339e-10	0	0.995361251	0.996211872	5.856495e-01	1.089661e+00	0
(0,14,15)	-0.187500	0.196350	1.036003e-02	0.406878	0.462969	+2.051008662528e-01	+2.051008662590e-01	3.034e-11	8.468e-10	0	0.996892159	0.997511673	5.346376e-01	1.090282e+00	0
(0,14,15)	-0.187500	0.589049	1.036003e-02	0.406878	0.462969	+3.979719749034e-01	+3.979719748796e-01	5.995e-11	3.126e-10	0	0.996930344	0.997455795	5.353410e-01	1.091674e+00	0
(0,14,15)	-0.187500	0.981748	1.036003e-02	0.406878	0.462969	+6.706939853763e-01	+6.706939853910e-01	2.195e-11	5.764e-11	0	0.997004893	0.997356227	5.366409e-01	1.094243e+00	0
(0,14,15)	-0.187500	1.374447	1.036003e-02	0.406878	0.462969	+8.635100516360e-01	+8.635100516324e-01	4.205e-12	1.196e-11	0	0.997110001	0.997236828	5.383392e-01	1.097590e+00	0
(0,14,15)	-0.187500	1.767146	1.036003e-02	0.406878	0.462969	+8.635100516360e-01	+8.635100516343e-01	2.049e-12	2.900e-11	0	0.997110001	0.997236828	5.383392e-01	1.097590e+00	0
(0,14,15)	-0.187500	2.159845	1.036003e-02	0.406878	0.462969	+6.706939853763e-01	+6.706939854008e-01	3.665e-11	1.272e-10	0	0.997004893	0.997356227	5.366409e-01	1.094243e+00	0
(0,14,15)	-0.187500	2.552544	1.036003e-02	0.406878	0.462969	+3.979719749034e-01	+3.979719748735e-01	7.512e-11	2.665e-10	0	0.996930344	0.997455795	5.353410e-01	1.091674e+00	0
(0,14,15)	-0.187500	2.945243	1.036003e-02	0.406878	0.462969	+2.051008662528e-01	+2.051008662624e-01	4.695e-11	8.468e-10	0	0.996892159	0.997511673	5.346376e-01	1.090282e+00	0
(0,14,15)	-0.062500	0.196350	1.036003e-02	0.406878	0.462969	+1.373949447534e-01	+1.373949447653e-01	8.672e-11	1.084e-09	0	0.960768525	0.962812968	4.837036e-01	1.079746e+00	0
(0,14,15)	-0.062500	0.589049	1.036003e-02	0.406878	0.462969	+3.244539619083e-01	+3.244539619252e-01	5.205e-11	1.860e-10	0	0.960916600	0.962650028	4.844184e-01	1.081175e+00	0
(0,14,15)	-0.062500	0.981748	1.036003e-02	0.406878	0.462969	+5.889624201021e-01	+5.889624201284e-01	4.462e-11	1.203e-10	0	0.961193575	0.962352035	4.857391e-01	1.083811e+00	0
(0,14,15)	-0.062500	1.374447	1.036003e-02	0.406878	0.462969	+7.759748599606e-01	+7.759748599571e-01	4.405e-12	3.565e-11	0	0.961561950	0.961968802	4.874647e-01	1.087244e+00	0
(0,14,15)	-0.062500	1.767146	1.036003e-02	0.406878	0.462969	+7.759748599606e-01	+7.759748599594e-01	1.470e-12	1.910e-11	0	0.961561950	0.961968802	4.874647e-01	1.087244e+00	0
(0,14,15)	-0.062500	2.159845	1.036003e-02	0.406878	0.462969	+5.889624201021e-01	+5.889624201092e-01	1.213e-11	7.632e-11	0	0.961193575	0.962352035	4.857391e-01	1.083811e+00	0
(0,14,15)	-0.062500	2.552544	1.036003e-02	0.406878	0.462969	+3.244539619083e-01	+3.244539619279e-01	6.033e-11	2.845e-10	0	0.960916600	0.962650028	4.844184e-01	1.081175e+00	0
(0,14,15)	-0.062500	2.945243	1.036003e-02	0.406878	0.462969	+1.373949447534e-01	+1.373949447708e-01	1.261e-10	1.084e-09	0	0.960768525	0.962812968	4.837036e-01	1.079746e+00	0
(0,14,15)	0.062500	0.196350	1.036003e-02	0.406878	0.462969	+6.963595231570e-02	+6.963595230864e-02	1.014e-10	8.680e-10	0	0.877655629	0.880868072	4.328439e-01	1.057714e+00	0
(0,14,15)	0.062500	0.589049	1.036003e-02	0.406878	0.462969	+2.481226383403e-01	+2.481226383453e-01	1.999e-11	4.518e-10	0	0.877894277	0.880617859	4.335586e-01	1.059173e+00	0
(0,14,15)	0.062500	0.981748	1.036003e-02	0.406878	0.462969	+5.005136471998e-01	+5.005136472126e-01	2.558e-11	1.759e-10	0	0.878337876	0.880157909	4.348794e-01	1.061863e+00	0
(0,14,15)	0.062500	1.374447	1.036003e-02	0.406878	0.462969	+6.789617560772e-01	+6.789617560814e-01	6.207e-12	3.834e-11	0	0.878922533	0.879561692	4.366050e-01	1.065367e+00	0
(0,14,15)	0.062500	1.767146	1.036003e-02	0.406878	0.462969	+6.789617560772e-01	+6.789617560759e-01	1.882e-12	3.241e-11	0	0.878922533	0.879561692	4.366050e-01	1.065367e+00	0
(0,14,15)	0.062500	2.159845	1.036003e-02	0.406878	0.462969	+5.005136471998e-01	+5.005136472103e-01	2.083e-11	8.989e-11	0	0.878337876	0.880157909	4.348794e-01	1.061863e+00	0
(0,14,15)	0.062500	2.552544	1.036003e-02	0.406878	0.462969	+2.481226383403e-01	+2.481226383598e-01	7.846e-11	4.651e-10	0	0.877894277	0.880617859	4.335586e-01	1.059173e+00	0
(0,14,15)	0.062500	2.945243	1.036003e-02	0.406878	0.462969	+6.963595231570e-02	+6.963595231460e-02	1.580e-11	6.882e-10	0	0.877655629	0.880868072	4.328439e-01	1.057714e+00	0
(0,14,15)	0.187500	0.196350	1.036003e-02	0.406878	0.462969	+9.162807981924e-03	+9.162807985201e-03	3.577e-10	1.069e-08	0	0.758915697	0.762870539	3.820584e-01	1.023443e+00	0
(0,14,15)	0.187500	0.589049	1.036003e-02	0.406878	0.462969	+1.753575002287e-01	+1.753575002291e-01	2.032e-12	5.049e-10	0	0.759212497	0.762565423	3.827618e-01	1.024926e+00	0
(0,14,15)	0.187500	0.981748	1.036003e-02	0.406878	0.462969	+4.103698907771e-01	+4.103698907884e-01	2.739e-11	1.199e-10	0	0.759762823	0.762003340	3.840617e-01	1.027662e+00	0
(0,14,15)	0.187500	1.374447	1.036003e-02	0.406878	0.462969	+5.765329148879e-01	+5.765329148880e-01	2.390e-13	2.590e-11	0	0.760485523	0.761272329	3.857600e-01	1.031226e+00	0
(0,14,15)	0.187500	1.767146	1.036003e-02	0.406878	0.462969	+5.765329148879e-01	+5.765329148922e-01	7.507e-12	2.262e-11	0	0.760485523	0.761272329	3.857600e-01	1.031226e+00	0
(0,14,15)	0.187500	2.159845	1.036003e-02	0.406878	0.462969	+4.103698907771e-01	+4.103698907790e-01	4.550e-12	1.538e-10	0	0.759762823	0.762003340	3.840617e-01	1.027662e+00	0
(0,14,15)	0.187500	2.552544	1.036003e-02	0.406878	0.462969	+1.753575002287e-01	+1.753575002339e-01	2.985e-11	5.176e-10	0	0.759212497	0.762565423	3.827618e-01	1.024926e+00	0
(0,14,15)	0.187500	2.945243	1.036003e-02	0.406878	0.462969	+9.162807981924e-03	+9.162807981971e-03	5.141e-12	6.656e-09	0	0.758915697	0.762870539	3.820584e-01	1.023443e+00	0
(0,14,15)	0.312500	0.196350	1.036003e-02	0.406878	0.462969	-3.645781601436e-02	-3.645781600907e-02	1.451e-10	1.624e-09	0	0.629504123	0.633758476	3.313508e-01	9.756515e-01	0
(0,14,15)	0.312500	0.589049	1.036003e-02	0.406878	0.462969	+1.144175316272e-01	+1.144175316371e-01	8.580e-11	5.907e-10	0	0.629825063	0.633431875	3.320311e-01	9.771564e-01	0
(0,14,15)	0.312500	0.981748	1.036003e-02	0.406878	0.462969	+3.277687598717e-01	+3.277687598830e-01	3.457e-11	1.294e-10	0	0.630419403	0.632829535	3.332882e-01	9.799311e-01	0
(0,14,15)	0.312500	1.374447	1.036003e-02	0.406878	0.462969	+4.786176185343e-01	+4.786176185406e-01	1.333e-11	5.504e-11	0	0.631198461	0.632044821	3.349306e-01	9.835447e-01	0
(0,14,15)	0.312500	1.767146	1.036003e-02	0.406878	0.462969	+4.786176185343e-01	+4.786176185370e-01	5.646e-12	3.326e-11	0	0.631198461	0.632044821	3.349306e-01	9.835447e-01	0
(0,14,15)	0.312500	2.159845	1.036003e-02	0.406878	0.462969	+3.277687598717e-01	+3.277687598728e-01	3.537e-12	1.019e-10	0	0.630419403	0.632829535	3.332882e-01	9.799311e-01	0
(0,14,15)	0.312500	2.552544	1.036003e-02	0.406878	0.462969	+1.144175316272e-01	+1.144175316371e-01	8.580e-11	5.907e-10	0	0.629825063	0.633431875	3.320311e-01	9.771564e-01	0
(0,14,15)	0.312500	2.945243	1.036003e-02	0.406878	0.462969	-3.645781601436e-02	-3.645781601804e-02	1.010e-10	2.920e-09	0	0.629504123	0.633758476	3.313508e-01	9.756515e-01	0
(0,14,15)	0.437500	0.196350	1.036003e-02	0.406878	0.462969	-6.254679653508e-02	-6.254679650042e-02	5.541e-10	1.993e-09	0	0.509565720	0.513761761	2.807296e-01	9.122377e-01	0
(0,14,15)	0.437500	0.589049	1.036003e-02	0.406878	0.462969	+7.110314078421e-02	+7.110314077735e-02	9.646e-11	7.279e-10	0	0.509883092	0.513440453	2.813736e-01	9.137612e-01	0
(0,14,15)	0.437500	0.981748	1.036003e-02	0.406878	0.462969	+2.600960552415e-01	+2.600960552346e-01	2.661e-11	1.671e-10	0	0.510470453	0.512847528	2.825635e-01	9.165698e-01	0
(0,14,15)	0.437500	1.374447	1.036003e-02	0.406878	0.462969	+3.937224665408e-01	+3.937224665400e-01	1.901e-12	2.532e-11	0	0.511239651	0.512074399	2.841183e-01	9.202264e-01	0
(0,14,15)	0.437500	1.767146	1.036003e-02	0.406878	0.462969	+3.937224665408e-01	+3.937224665380e-01	7.092e-12	3.414e-11	0	0.511239651	0.512074399	2.841183e-01	9.202264e-01	0
(0,14,15)	0.437500	2.159845	1.036003e-02	0.406878	0.462969	+2.600960552415e-01	+2.600960552477e-01	2.369e-11	1.583e-10	0	0.510470453	0.512847528	2.825635e-01	9.165698e-01	0
(0,14,15)	0.437500	2.552544	1.036003e-02	0.406878	0.462969	+7.110314078421e-02	+7.110314078092e-02	4.620e-11	8.923e-10	0	0.509883092	0.513440453	2.813736e-01	9.137612e-01	0
(0,14,15)	0.437500	2.945243	1.036003e-02	0.406878	0.462969	-6.254679653508e-02	-6.254679652827e-02	1.089e-10	1.871e-09	0	0.509565720	0.513761761	2.807296e-01	9.122377e-01	0
(0,14,15)	0.562500	0.196350	1.036003e-02	0.406878	0.462969	-6.693927922123e-02	-6.693927922256e-02	1.991e-11	1.421e-09	0	0.407815991	0.411667385	2.302105e-01	8.296679e-01	0
(0,14,15)	0.562500	0.589049	1.036003e-02	0.406878	0.462969	+4.826831904863e-02	+4.826831908232e-02	6.979e-10	1.949e-09	0	0.408107364	0.411372553	2.308027e-01	8.312081e-01	0
(0,14,15)	0.562500	0.981748	1.036003e-02	0.406878	0.462969	+2.111798067127e-01	+2.111798067079e-01	2.264e-11	2.025e-10	0	0.408646587	0.410828445	2.318968e-01	8.340464e-01	0
(0,14,15)	0.562500	1.374447	1.036003e-02	0.406878	0.462969	+3.263638508595e-01	+3.263638508581e-01	4.048e-12	4.020e-11	0	0.409352691	0.410118889	2.333263e-01	8.377403e-01	0
(0,14,15)	0.562500	1.767146	1.036003e-02	0.406878	0.462969	+3.263638508595e-01	+3.263638508585e-01	2.957e-12	4.594e-11	0	0.409352691	0.410118889	2.333263e-01	8.377403e-01	0
(0,14,15)	0.562500	2.159845	1.036003e-02	0.406878	0.462969	+2.111798067127e-01	+2.111798067151e-01	1.162e-11	1.923e-10	0	0.408646587	0.410828445	2.318968e-01	8.340464e-01	0
(0,14,15)	0.562500	2.552544	1.036003e-02	0.406878	0.462969	+4.826831904864e-02	+4.826831906538e-02	3.469e-10	1.949e-09	0	0.408107364	0.411372553	2.308027e-01	8.312081e-01	0
(0,14,15)	0.562500	2.945243	1.036003e-02	0.406878	0.462969	-6.693927922123e-02	-6.693927922461e-02	5.050e-11	9.432e-10	0	0.407815991	0.411667385	2.302105e-01	8.296679e-01	0
(0,14,15)	0.687500	0.196350	1.036003e-02	0.406878	0.462969	-4.820787081833e-02	-4.820787082436e-02	1.251e-10	2.035e-09	0	0.325677291	0.328856469	1.798241e-01	7.214854e-01	0
(0,14,15)	0.687500	0.589049	1.036003e-02	0.406878	0.462969	+4.790217825722e-02	+4.790217825981e-02	5.404e-11	1.002e-09	0	0.325916609	0.328611979	1.803442e-01	7.230408e-01	0
(0,14,15)	0.687500	0.981748	1.036003e-02	0.406878	0.462969	+1.838011014070e-01	+1.838011013952e-01	6.444e-11	3.215e-10	0	0.326360054	0.328161225	1.813051e-01	7.259058e-01	0
(0,14,15)	0.687500	1.374447	1.036003e-02	0.406878	0.462969	+2.798811652566e-01	+2.798811652544e-01	7.660e-12	8.096e-11	0	0.326941791	0.327574324	1.825607e-01	7.296323e-01	0
(0,14,15)	0.687500	1.767146	1.036003e-02	0.406878	0.462969	+2.798811652566e-01	+2.798811652570e-01	1.420e-12	5.609e-11	0	0.326941791	0.327574324	1.825607e-01	7.296323e-01	0
(0,14,15)	0.687500	2.159845	1.036003e-02	0.406878	0.462969	+1.838011014070e-01	+1.838011014016e-01	2.917e-11	3.274e-10	0	0.326360054	0.328161225	1.813051e-01	7.259058e-01	0
(0,14,15)	0.687500	2.552544	1.036003e-02	0.406878	0.462969	+4.790217825722e-02	+4.790217825981e-02	5.404e-11	1.002e-09	0	0.325916609	0.328611979	1.803442e-01	7.230408e-01	0
(0,14,15)	0.687500	2.945243	1.036003e-02	0.406878	0.462969	-4.820787081834e-02	-4.820787081237e-02	1.238e-10	2.035e-09	0	0.325677291	0.328856469	1.798241e-01	7.214854e-01	0
(0,14,15)	0.812500	0.196350	1.036003e-02	0.406878	0.462969	-6.984820988088e-03	-6.984820991236e-03	4.506e-10	4.440e-09	0	0.263968328	0.265735201	1.296381e-01	5.736267e-01	0
(0,14,15)	0.812500	0.589049	1.036003e-02	0.406878	0.462969	+7.318419706970e-02	+7.318419706427e-02	7.416e-11	7.435e-10	0	0.264095647	0.265594002	1.300556e-01	5.751967e-01	0
(0,14,15)	0.812500	0.981748	1.036003e-02	0.406878	0.462969	+1.865124899642e-01	+1.865124899678e-01	1.922e-11	1.729e-10	0	0.264334212	0.265335827	1.308271e-01	5.780863e-01	0
(0,14,15)	0.812500	1.374447	1.036003e-02	0.406878	0.462969	+2.666139302106e-01	+2.666139302106e-01	1.391e-13	3.502e-11	0	0.264652177	0.265004008	1.318350e-01	5.818402e-01	0
(0,14,15)	0.812500	1.767146	1.036003e-02	0.406878	0.462969	+2.666139302106e-01	+2.666139302101e-01	1.844e-12	8.677e-11	0	0.264652177	0.265004008	1.318350e-01	5.818402e-01	0
(0,14,15)	0.812500	2.159845	1.036003e-02	0.406878	0.462969	+1.865124899642e-01	+1.865124899730e-01	4.731e-11	1.544e-10	0	0.264334212	0.265335827	1.308271e-01	5.780863e-01	0
(0,14,15)	0.812500	2.552544	1.036003e-02	0.406878	0.462969	+7.318419706971e-02	+7.318419707781e-02	1.107e-10	5.147e-10	0	0.264095647	0.265594002	1.300556e-01	5.751967e-01	0
(0,14,15)	0.812500	2.945243	1.036003e-02	0.406878	0.462969	-6.984820988083e-03	-6.984820990792e-03	3.879e-10	7.004e-09	0	0.263968328	0.265735201	1.296381e-01	5.736267e-01	0
(0,14,15)	0.937500	0.196350	1.036003e-02	0.406878	0.462969	-5.657972971572e-02	-5.657972972796e-02	2.164e-10	9.272e-10	0	0.243388261	0.247782294	7.988376e-02	3.389200e-01	0
(0,14,15)	0.937500	0.589049	1.036003e-02	0.406878	0.462969	+8.575317914908e-02	+8.575317914993e-02	9.920e-12	5.278e-10	0	0.243677735	0.247398626	8.013298e-02	3.405046e-01	0
(0,14,15)	0.937500	0.981748	1.036003e-02	0.406878	0.462969	+2.864336050971e-01	+2.864336051003e-01	1.102e-11	1.085e-10	0	0.244230567	0.246712834	8.059347e-02	3.434133e-01	0
(0,14,15)	0.937500	1.374447	1.036003e-02	0.406878	0.462969	+4.279074261460e-01	+4.279074261430e-01	6.976e-12	2.437e-11	0	0.244989441	0.245860118	8.119514e-02	3.471770e-01	0
(0,14,15)	0.937500	1.767146	1.036003e-02	0.406878	0.462969	+4.279074261460e-01	+4.279074261431e-01	6.787e-12	2.437e-11	0	0.244989441	0.245860118	8.119514e-02	3.471770e-01	0
(0,14,15)	0.937500	2.159845	1.036003e-02	0.406878	0.462969	+2.864336050971e-01	+2.864336050988e-01	5.768e-12	1.150e-10	0	0.244230567	0.246712834	8.059347e-02	3.434133e-01	0
(0,14,15)	0.937500	2.552544	1.036003e-02	0.406878	0.462969	+8.575317914908e-02	+8.575317915558e-02	7.579e-11	2.257e-10	0	0.243677735	0.247398626	8.013298e-02	3.405046e-01	0
(0,14,15)	0.937500	2.945243	1.036003e-02	0.406878	0.462969	-5.657972971572e-02	-5.657972972750e-02	2.083e-10	6.956e-10	0	0.243388261	0.247782294	7.988376e-02	3.389200e-01	0
(0,15,0)	-0.937500	0.196350	3.439933e-03	0.353345	0.402031	+1.521330700854e+00	+1.521330700883e+00	1.923e-11	1.664e-10	0	0.955241767	0.957442296	7.328203e-01	8.074786e-01	0
(0,15,0)	-0.937500	0.589049	3.439933e-03	0.353345	0.402031	+1.705244507150e+00	+1.705244507122e+00	1.681e-11	1.114e-10	0	0.955408287	0.957273800	7.328921e-01	8.076999e-01	0
(0,15,0)	-0.937500	0.981748	3.439933e-03	0.353345	0.402031	+1.965334819366e+00	+1.965334819388e+00	1.114e-11	4.773e-11	0	0.955716400	0.956962891	7.330249e-01	8.081087e-01	0
(0,15,0)	-0.937500	1.374447	3.439933e-03	0.353345	0.402031	+2.149244260078e+00	+2.149244260075e+00	1.662e-12	1.193e-11	0	0.956119803	0.956557512	7.331984e-01	8.086425e-01	0
(0,15,0)	-0.937500	1.767146	3.439933e-03	0.353345	0.402031	+2.149244260078e+00	+2.149244260070e+00	3.677e-12	1.193e-11	0	0.956119803	0.956557512	7.331984e-01	8.086425e-01	0
(0,15,0)	-0.937500	2.159845	3.439933e-03	0.353345	0.402031	+1.965334819366e+00	+1.965334819389e+00	1.130e-11	7.056e-11	0	0.955716400	0.956962891	7.330249e-01	8.081087e-01	0
(0,15,0)	-0.937500	2.552544	3.439933e-03	0.353345	0.402031	+1.705244507150e+00	+1.705244507119e+00	1.853e-11	3.805e-11	0	0.955408287	0.957273800	7.328921e-01	8.076999e-01	0
(0,15,0)	-0.937500	2.945243	3.439933e-03	0.353345	0.402031	+1.521330700854e+00	+1.521330700883e+00	1.924e-11	1.189e-10	0	0.955241767	0.957442296	7.328203e-01	8.074786e-01	0
(0,15,0)	-0.812500	0.196350	3.439933e-03	0.353345	0.402031	+6.421373455758e-01	+6.421373455759e-01	1.418e-13	2.982e-10	0	0.908656746	0.911030009	6.883334e-01	8.934852e-01	0
(0,15,0)	-0.812500	0.589049	3.439933e-03	0.353345	0.402031	+9.149205392975e-01	+9.149205392614e-01	3.945e-11	1.875e-10	0	0.908835818	0.910847762	6.884538e-01	8.938203e-01	0
(0,15,0)	-0.812500	0.981748	3.439933e-03	0.353345	0.402031	+1.300685678538e+00	+1.300685678536e+00	1.197e-12	9.672e-11	0	0.909167382	0.910511708	6.886762e-01	8.944390e-01	0
(0,15,0)	-0.812500	1.374447	3.439933e-03	0.353345	0.402031	+1.573456776785e+00	+1.573456776788e+00	1.836e-12	2.842e-11	0	0.909601926	0.910073988	6.889668e-01	8.952469e-01	0
(0,15,0)	-0.812500	1.767146	3.439933e-03	0.353345	0.402031	+1.573456776785e+00	+1.573456776783e+00	1.562e-12	2.401e-11	0	0.909601926	0.910073988	6.889668e-01	8.952469e-01	0
(0,15,0)	-0.812500	2.159845	3.439933e-03	0.353345	0.402031	+1.300685678538e+00	+1.300685678520e+00	1.356e-11	7.538e-11	0	0.909167382	0.910511708	6.886762e-01	8.944390e-01	0
(0,15,0)	-0.812500	2.552544	3.439933e-03	0.353345	0.402031	+9.149205392974e-01	+9.149205392590e-01	4.197e-11	1.875e-10	0	0.908835818	0.910847762	6.884538e-01	8.938203e-01	0
(0,15,0)	-0.812500	2.945243	3.439933e-03	0.353345	0.402031	+6.421373455758e-01	+6.421373455767e-01	1.316e-12	2.883e-10	0	0.908656746	0.911030009	6.883334e-01	8.934852e-01	0
(0,15,0)	-0.687500	0.196350	3.439933e-03	0.353345	0.402031	+3.694568154746e-01	+3.694568155119e-01	1.010e-10	2.662e-10	0	0.897326046	0.899346497	6.439710e-01	9.586605e-01	0
(0,15,0)	-0.687500	0.589049	3.439933e-03	0.353345	0.402031	+6.308031808613e-01	+6.308031808220e-01	6.232e-11	2.596e-10	0	0.897478208	0.899191051	6.441210e-01	9.590495e-01	0
(0,15,0)	-0.687500	0.981748	3.439933e-03	0.353345	0.402031	+1.000393387288e+00	+1.000393387279e+00	8.941e-12	9.977e-11	0	0.897760071	0.898904544	6.443980e-01	9.597679e-01	0
(0,15,0)	-0.687500	1.374447	3.439933e-03	0.353345	0.402031	+1.261726504565e+00	+1.261726504566e+00	7.326e-13	2.111e-11	0	0.898129724	0.898531606	6.447601e-01	9.607056e-01	0
(0,15,0)	-0.687500	1.767146	3.439933e-03	0.353345	0.402031	+1.261726504565e+00	+1.261726504562e+00	2.600e-12	1.937e-11	0	0.898129724	0.898531606	6.447601e-01	9.607056e-01	0
(0,15,0)	-0.687500	2.159845	3.439933e-03	0.353345	0.402031	+1.000393387288e+00	+1.000393387289e+00	5.205e-13	4.521e-11	0	0.897760071	0.898904544	6.443980e-01	9.597679e-01	0
(0,15,0)	-0.687500	2.552544	3.439933e-03	0.353345	0.402031	+6.308031808613e-01	+6.308031808220e-01	6.232e-11	2.596e-10	0	0.897478208	0.899191051	6.441210e-01	9.590495e-01	0
(0,15,0)	-0.687500	2.945243	3.439933e-03	0.353345	0.402031	+3.694568154747e-01	+3.694568155055e-01	8.339e-11	4.191e-10	0	0.897326046	0.899346497	6.439710e-01	9.586605e-01	0
(0,15,0)	-0.562500	0.196350	3.439933e-03	0.353345	0.402031	+2.714026222861e-01	+2.714026222782e-01	2.920e-11	8.839e-10	0	0.909935602	0.911519798	5.996664e-01	1.006893e+00	0
(0,15,0)	-0.562500	0.589049	3.439933e-03	0.353345	0.402031	+5.063526453166e-01	+5.063526453114e-01	1.027e-11	1.612e-10	0	0.910054630	0.911397632	5.998371e-01	1.007314e+00	0
(0,15,0)	-0.562500	0.981748	3.439933e-03	0.353345	0.402031	+8.386136474900e-01	+8.386136474752e-01	1.759e-11	6.357e-11	0	0.910275236	0.911172589	6.001526e-01	1.008093e+00	0
(0,15,0)	-0.562500	1.374447	3.439933e-03	0.353345	0.402031	+1.073551640190e+00	+1.073551640186e+00	4.004e-12	2.838e-11	0	0.910564791	0.910879896	6.005648e-01	1.009109e+00	0
(0,15,0)	-0.562500	1.767146	3.439933e-03	0.353345	0.402031	+1.073551640190e+00	+1.073551640186e+00	4.073e-12	2.986e-11	0	0.910564791	0.910879896	6.005648e-01	1.009109e+00	0
(0,15,0)	-0.562500	2.159845	3.439933e-03	0.353345	0.402031	+8.386136474900e-01	+8.386136474742e-01	1.890e-11	9.637e-11	0	0.910275236	0.911172589	6.001526e-01	1.008093e+00	0
(0,15,0)	-0.562500	2.552544	3.439933e-03	0.353345	0.402031	+5.063526453166e-01	+5.063526452824e-01	6.766e-11	2.182e-10	0	0.910054630	0.911397632	5.998371e-01	1.007314e+00	0
(0,15,0)	-0.562500	2.945243	3.439933e-03	0.353345	0.402031	+2.714026222861e-01	+2.714026222950e-01	3.282e-11	5.876e-10	0	0.909935602	0.911519798	5.996664e-01	1.006893e+00	0
(0,15,0)	-0.437500	0.196350	3.439933e-03	0.353345	0.402031	+2.264090968754e-01	+2.264090968695e-01	2.627e-11	4.857e-10	0	0.939409686	0.940529074	5.554000e-01	1.040493e+00	0
(0,15,0)	-0.437500	0.589049	3.439933e-03	0.353345	0.402031	+4.386464913117e-01	+4.386464912964e-01	3.505e-11	5.282e-10	0	0.939493435	0.940442394	5.555857e-01	1.040937e+00	0
(0,15,0)	-0.437500	0.981748	3.439933e-03	0.353345	0.402031	+7.387881993341e-01	+7.387881993133e-01	2.813e-11	1.470e-10	0	0.939648811	0.940282873	5.559288e-01	1.041757e+00	0
(0,15,0)	-0.437500	1.374447	3.439933e-03	0.353345	0.402031	+9.510152792052e-01	+9.510152792056e-01	4.387e-13	2.885e-11	0	0.939853052	0.940075702	5.563771e-01	1.042826e+00	0
(0,15,0)	-0.437500	1.767146	3.439933e-03	0.353345	0.402031	+9.510152792052e-01	+9.510152791992e-01	6.272e-12	2.211e-11	0	0.939853052	0.940075702	5.563771e-01	1.042826e+00	0
(0,15,0)	-0.437500	2.159845	3.439933e-03	0.353345	0.402031	+7.387881993341e-01	+7.387881993162e-01	2.417e-11	7.945e-11	0	0.939648811	0.940282873	5.559288e-01	1.041757e+00	0
(0,15,0)	-0.437500	2.552544	3.439933e-03	0.353345	0.402031	+4.386464913117e-01	+4.386464912880e-01	5.412e-11	2.663e-10	0	0.939493435	0.940442394	5.555857e-01	1.040937e+00	0
(0,15,0)	-0.437500	2.945243	3.439933e-03	0.353345	0.402031	+2.264090968755e-01	+2.264090968752e-01	1.111e-12	4.857e-10	0	0.939409686	0.940529074	5.554000e-01	1.040493e+00	0
(0,15,0)	-0.312500	0.196350	3.439933e-03	0.353345	0.402031	+1.933265491581e-01	+1.933265491322e-01	1.341e-10	7.201e-10	0	0.975856547	0.976476290	5.111631e-01	1.060833e+00	0
(0,15,0)	-0.312500	0.589049	3.439933e-03	0.353345	0.402031	+3.896107535063e-01	+3.896107535216e-01	3.914e-11	3.958e-10	0	0.975902380	0.976427761	5.113593e-01	1.061293e+00	0
(0,15,0)	-0.312500	0.981748	3.439933e-03	0.353345	0.402031	+6.671924118863e-01	+6.671924118736e-01	1.916e-11	1.061e-10	0	0.975987646	0.976338683	5.117217e-01	1.062142e+00	0
(0,15,0)	-0.312500	1.374447	3.439933e-03	0.353345	0.402031	+8.634679536498e-01	+8.634679536543e-01	5.221e-12	4.340e-11	0	0.976100184	0.976223449	5.121953e-01	1.063251e+00	0
(0,15,0)	-0.312500	1.767146	3.439933e-03	0.353345	0.402031	+8.634679536498e-01	+8.634679536467e-01	3.541e-12	5.161e-11	0	0.976100184	0.976223449	5.121953e-01	1.063251e+00	0
(0,15,0)	-0.312500	2.159845	3.439933e-03	0.353345	0.402031	+6.671924118864e-01	+6.671924118985e-01	1.817e-11	8.862e-11	0	0.975987646	0.976338683	5.117217e-01	1.062142e+00	0
(0,15,0)	-0.312500	2.552544	3.439933e-03	0.353345	0.402031	+3.896107535063e-01	+3.896107535216e-01	3.914e-11	3.958e-10	0	0.975902380	0.976427761	5.113593e-01	1.061293e+00	0
(0,15,0)	-0.312500	2.945243	3.439933e-03	0.353345	0.402031	+1.933265491581e-01	+1.933265491418e-01	8.448e-11	7.201e-10	0	0.975856547	0.976476290	5.111631e-01	1.060833e+00	0
(0,15,0)	-0.187500	0.196350	3.439933e-03	0.353345	0.402031	+1.562796565259e-01	+1.562796565767e-01	3.251e-10	5.936e-10	0	0.999455359	0.999535284	4.669511e-01	1.068660e+00	0
(0,15,0)	-0.187500	0.589049	3.439933e-03	0.353345	0.402031	+3.416065231877e-01	+3.416065232393e-01	1.512e-10	3.098e-10	0	0.999460247	0.999527991	4.671540e-01	1.069132e+00	0
(0,15,0)	-0.187500	0.981748	3.439933e-03	0.353345	0.402031	+6.036932162791e-01	+6.036932162350e-01	7.293e-11	1.587e-10	0	0.999469791	0.999515046	4.675287e-01	1.070003e+00	0
(0,15,0)	-0.187500	1.374447	3.439933e-03	0.353345	0.402031	+7.890129056470e-01	+7.890129056471e-01	1.850e-13	5.959e-11	0	0.999483271	0.999499365	4.680184e-01	1.071141e+00	0
(0,15,0)	-0.187500	1.767146	3.439933e-03	0.353345	0.402031	+7.890129056470e-01	+7.890129056472e-01	2.613e-13	5.959e-11	0	0.999483271	0.999499365	4.680184e-01	1.071141e+00	0
(0,15,0)	-0.187500	2.159845	3.439933e-03	0.353345	0.402031	+6.036932162791e-01	+6.036932162429e-01	5.991e-11	1.275e-10	0	0.999469791	0.999515046	4.675287e-01	1.070003e+00	0
(0,15,0)	-0.187500	2.552544	3.439933e-03	0.353345	0.402031	+3.416065231877e-01	+3.416065232374e-01	1.454e-10	2.337e-10	0	0.999460247	0.999527991	4.671540e-01	1.069132e+00	0
(0,15,0)	-0.187500	2.945243	3.439933e-03	0.353345	0.402031	+1.562796565259e-01	+1.562796565547e-01	1.840e-10	5.936e-10	0	0.999455359	0.999535284	4.669511e-01	1.068660e+00	0
(0,15,0)	-0.062500	0.196350	3.439933e-03	0.353345	0.402031	+1.100651980034e-01	+1.100651980155e-01	1.099e-10	8.782e-10	0	0.978226197	0.978688945	4.227616e-01	1.064243e+00	0
(0,15,0)	-0.062500	0.589049	3.439933e-03	0.353345	0.402031	+2.855066572848e-01	+2.855066572921e-01	2.536e-11	1.680e-10	0	0.978260407	0.978652716	4.229677e-01	1.064724e+00	0
(0,15,0)	-0.062500	0.981748	3.439933e-03	0.353345	0.402031	+5.336142294667e-01	+5.336142294572e-01	1.771e-11	1.306e-10	0	0.978324062	0.978586205	4.233485e-01	1.065613e+00	0
(0,15,0)	-0.062500	1.374447	3.439933e-03	0.353345	0.402031	+7.090498638133e-01	+7.090498638109e-01	3.334e-12	2.230e-11	0	0.978408097	0.978500151	4.238460e-01	1.066774e+00	0
(0,15,0)	-0.062500	1.767146	3.439933e-03	0.353345	0.402031	+7.090498638133e-01	+7.090498638044e-01	1.251e-11	3.077e-11	0	0.978408097	0.978500151	4.238460e-01	1.066774e+00	0
(0,15,0)	-0.062500	2.159845	3.439933e-03	0.353345	0.402031	+5.336142294666e-01	+5.336142294637e-01	5.530e-12	1.341e-10	0	0.978324062	0.978586205	4.233485e-01	1.065613e+00	0
(0,15,0)	-0.062500	2.552544	3.439933e-03	0.353345	0.402031	+2.855066572848e-01	+2.855066572867e-01	6.415e-12	4.475e-10	0	0.978260407	0.978652716	4.229677e-01	1.064724e+00	0
(0,15,0)	-0.062500	2.945243	3.439933e-03	0.353345	0.402031	+1.100651980034e-01	+1.100651979926e-01	9.817e-11	8.782e-10	0	0.978226197	0.978688945	4.227616e-01	1.064243e+00	0
(0,15,0)	0.062500	0.196350	3.439933e-03	0.353345	0.402031	+5.767394114649e-02	+5.767394116704e-02	3.563e-10	2.066e-09	0	0.890091642	0.891004341	3.785934e-01	1.047425e+00	0
(0,15,0)	0.062500	0.589049	3.439933e-03	0.353345	0.402031	+2.204913566759e-01	+2.204913566520e-01	1.085e-10	2.442e-10	0	0.890160339	0.890934096	3.787995e-01	1.047914e+00	0
(0,15,0)	0.062500	0.981748	3.439933e-03	0.353345	0.402031	+4.507467070929e-01	+4.507467070933e-01	8.294e-13	1.288e-10	0	0.890287615	0.890804631	3.791804e-01	1.048817e+00	0
(0,15,0)	0.062500	1.374447	3.439933e-03	0.353345	0.402031	+6.135595310331e-01	+6.135595310286e-01	7.314e-12	2.720e-11	0	0.890454572	0.890636126	3.796779e-01	1.049997e+00	0
(0,15,0)	0.062500	1.767146	3.439933e-03	0.353345	0.402031	+6.135595310331e-01	+6.135595310304e-01	4.388e-12	2.497e-11	0	0.890454572	0.890636126	3.796779e-01	1.049997e+00	0
(0,15,0)	0.062500	2.159845	3.439933e-03	0.353345	0.402031	+4.507467070929e-01	+4.507467070829e-01	2.216e-11	9.445e-11	0	0.890287615	0.890804631	3.791804e-01	1.048817e+00	0
(0,15,0)	0.062500	2.552544	3.439933e-03	0.353345	0.402031	+2.204913566759e-01	+2.204913566787e-01	1.252e-11	2.721e-10	0	0.890160339	0.890934096	3.787995e-01	1.047914e+00	0
(0,15,0)	0.062500	2.945243	3.439933e-03	0.353345	0.402031	+5.767394114647e-02	+5.767394114186e-02	7.991e-11	1.256e-09	0	0.890091642	0.891004341	3.785934e-01	1.047425e+00	0
(0,15,0)	0.187500	0.196350	3.439933e-03	0.353345	0.402031	+8.244545068227e-03	+8.244545066667e-03	1.892e-10	8.440e-09	0	0.751830190	0.753015712	3.344467e-01	1.017591e+00	0
(0,15,0)	0.187500	0.589049	3.439933e-03	0.353345	0.402031	+1.548278342893e-01	+1.548278343027e-01	8.691e-11	1.938e-10	0	0.751919889	0.752924933	3.346496e-01	1.018087e+00	0
(0,15,0)	0.187500	0.981748	3.439933e-03	0.353345	0.402031	+3.621254023442e-01	+3.621254023410e-01	8.999e-12	8.738e-11	0	0.752085870	0.752757425	3.350243e-01	1.019002e+00	0
(0,15,0)	0.187500	1.374447	3.439933e-03	0.353345	0.402031	+5.087051453965e-01	+5.087051453938e-01	5.399e-12	3.410e-11	0	0.752303197	0.752539018	3.355140e-01	1.020197e+00	0
(0,15,0)	0.187500	1.767146	3.439933e-03	0.353345	0.402031	+5.087051453965e-01	+5.087051453937e-01	5.611e-12	3.058e-11	0	0.752303197	0.752539018	3.355140e-01	1.020197e+00	0
(0,15,0)	0.187500	2.159845	3.439933e-03	0.353345	0.402031	+3.621254023442e-01	+3.621254023412e-01	8.317e-12	1.104e-10	0	0.752085870	0.752757425	3.350243e-01	1.019002e+00	0
(0,15,0)	0.187500	2.552544	3.439933e-03	0.353345	0.402031	+1.548278342893e-01	+1.548278342885e-01	4.862e-12	3.088e-10	0	0.751919889	0.752924933	3.346496e-01	1.018087e+00	0
(0,15,0)	0.187500	2.945243	3.439933e-03	0.353345	0.402031	+8.244545068231e-03	+8.244545064435e-03	4.605e-10	8.440e-09	0	0.751830190	0.753015712	3.344467e-01	1.017591e+00	0
(0,15,0)	0.312500	0.196350	3.439933e-03	0.353345	0.402031	-2.923728095043e-02	-2.923728095396e-02	1.207e-10	1.675e-09	0	0.604327213	0.605609407	2.903225e-01	9.735491e-01	0
(0,15,0)	0.312500	0.589049	3.439933e-03	0.353345	0.402031	+9.931025880824e-02	+9.931025881472e-02	6.527e-11	3.781e-10	0	0.604424457	0.605511454	2.905186e-01	9.740501e-01	0
(0,15,0)	0.312500	0.981748	3.439933e-03	0.353345	0.402031	+2.811019710409e-01	+2.811019710259e-01	5.340e-11	2.178e-10	0	0.604604298	0.605330612	2.908811e-01	9.749753e-01	0
(0,15,0)	0.312500	1.374447	3.439933e-03	0.353345	0.402031	+4.096467363191e-01	+4.096467363224e-01	7.996e-12	4.151e-11	0	0.604839576	0.605094625	2.913546e-01	9.761827e-01	0
(0,15,0)	0.312500	1.767146	3.439933e-03	0.353345	0.402031	+4.096467363191e-01	+4.096467363206e-01	3.634e-12	2.827e-11	0	0.604839576	0.605094625	2.913546e-01	9.761827e-01	0
(0,15,0)	0.312500	2.159845	3.439933e-03	0.353345	0.402031	+2.811019710409e-01	+2.811019710292e-01	4.157e-11	1.397e-10	0	0.604604298	0.605330612	2.908811e-01	9.749753e-01	0
(0,15,0)	0.312500	2.552544	3.439933e-03	0.353345	0.402031	+9.931025880824e-02	+9.931025881472e-02	6.527e-11	3.781e-10	0	0.604424457	0.605511454	2.905186e-01	9.740501e-01	0
(0,15,0)	0.312500	2.945243	3.439933e-03	0.353345	0.402031	-2.923728095043e-02	-2.923728094892e-02	5.178e-11	1.274e-09	0	0.604327213	0.605609407	2.903225e-01	9.735491e-01	0
(0,15,0)	0.437500	0.196350	3.439933e-03	0.353345	0.402031	-5.018047655918e-02	-5.018047655389e-02	1.054e-10	2.117e-09	0	0.475054998	0.476308781	2.462231e-01	9.132517e-01	0
(0,15,0)	0.437500	0.589049	3.439933e-03	0.353345	0.402031	+6.027666039640e-02	+6.027666040644e-02	1.665e-10	7.529e-10	0	0.475150198	0.476213109	2.464088e-01	9.137573e-01	0
(0,15,0)	0.437500	0.981748	3.439933e-03	0.353345	0.402031	+2.164850072446e-01	+2.164850072316e-01	6.015e-11	1.001e-10	0	0.475326211	0.476036430	2.467519e-01	9.146908e-01	0
(0,15,0)	0.437500	1.374447	3.439933e-03	0.353345	0.402031	+3.269398330233e-01	+3.269398330210e-01	6.804e-12	6.611e-11	0	0.475556386	0.475805783	2.472002e-01	9.159091e-01	0
(0,15,0)	0.437500	1.767146	3.439933e-03	0.353345	0.402031	+3.269398330233e-01	+3.269398330236e-01	1.127e-12	6.611e-11	0	0.475556386	0.475805783	2.472002e-01	9.159091e-01	0
(0,15,0)	0.437500	2.159845	3.439933e-03	0.353345	0.402031	+2.164850072446e-01	+2.164850072299e-01	6.780e-11	1.357e-10	0	0.475326211	0.476036430	2.467519e-01	9.146908e-01	0
(0,15,0)	0.437500	2.552544	3.439933e-03	0.353345	0.402031	+6.027666039641e-02	+6.027666040751e-02	1.841e-10	7.529e-10	0	0.475150198	0.476213109	2.464088e-01	9.137573e-01	0
(0,15,0)	0.437500	2.945243	3.439933e-03	0.353345	0.402031	-5.018047655919e-02	-5.018047656491e-02	1.141e-10	2.197e-09	0	0.475054998	0.476308781	2.462231e-01	9.132517e-01	0
(0,15,0)	0.562500	0.196350	3.439933e-03	0.353345	0.402031	-5.328385609672e-02	-5.328385608599e-02	2.013e-10	2.328e-09	0	0.371343293	0.372481895	2.021532e-01	8.331909e-01	0
(0,15,0)	0.562500	0.589049	3.439933e-03	0.353345	0.402031	+3.960661907949e-02	+3.960661906559e-02	3.508e-10	1.742e-09	0	0.371429768	0.372395034	2.023239e-01	8.337005e-01	0
(0,15,0)	0.562500	0.981748	3.439933e-03	0.353345	0.402031	+1.709720408685e-01	+1.709720408641e-01	2.547e-11	2.582e-10	0	0.371589641	0.372234616	2.026394e-01	8.346411e-01	0
(0,15,0)	0.562500	1.374447	3.439933e-03	0.353345	0.402031	+2.638603268880e-01	+2.638603268885e-01	1.889e-12	4.819e-11	0	0.371798693	0.372025179	2.030516e-01	8.358686e-01	0
(0,15,0)	0.562500	1.767146	3.439933e-03	0.353345	0.402031	+2.638603268880e-01	+2.638603268911e-01	1.185e-11	8.216e-11	0	0.371798693	0.372025179	2.030516e-01	8.358686e-01	0
(0,15,0)	0.562500	2.159845	3.439933e-03	0.353345	0.402031	+1.709720408685e-01	+1.709720408622e-01	3.674e-11	2.420e-10	0	0.371589641	0.372234616	2.026394e-01	8.346411e-01	0
(0,15,0)	0.562500	2.552544	3.439933e-03	0.353345	0.402031	+3.960661907950e-02	+3.960661908170e-02	5.539e-11	2.034e-09	0	0.371429768	0.372395034	2.023239e-01	8.337005e-01	0
(0,15,0)	0.562500	2.945243	3.439933e-03	0.353345	0.402031	-5.328385609671e-02	-5.328385608720e-02	1.786e-10	2.328e-09	0	0.371343293	0.372481895	2.021532e-01	8.331909e-01	0
(0,15,0)	0.687500	0.196350	3.439933e-03	0.353345	0.402031	-3.808315769910e-02	-3.808315770147e-02	6.222e-11	1.352e-09	0	0.291235810	0.292167155	1.581215e-01	7.268952e-01	0
(0,15,0)	0.687500	0.589049	3.439933e-03	0.353345	0.402031	+3.788856081136e-02	+3.788856080841e-02	7.787e-11	5.816e-10	0	0.291306437	0.292096000	1.582715e-01	7.274081e-01	0
(0,15,0)	0.687500	0.981748	3.439933e-03	0.353345	0.402031	+1.453269112482e-01	+1.453269112446e-01	2.448e-11	4.254e-10	0	0.291437057	0.291964632	1.585486e-01	7.283550e-01	0
(0,15,0)	0.687500	1.374447	3.439933e-03	0.353345	0.402031	+2.212959651706e-01	+2.212959651728e-01	9.923e-12	6.438e-11	0	0.291607950	0.291793211	1.589106e-01	7.295903e-01	0
(0,15,0)	0.687500	1.767146	3.439933e-03	0.353345	0.402031	+2.212959651706e-01	+2.212959651713e-01	3.099e-12	6.438e-11	0	0.291607950	0.291793211	1.589106e-01	7.295903e-01	0
(0,15,0)	0.687500	2.159845	3.439933e-03	0.353345	0.402031	+1.453269112482e-01	+1.453269112512e-01	2.063e-11	3.298e-10	0	0.291437057	0.291964632	1.585486e-01	7.283550e-01	0
(0,15,0)	0.687500	2.552544	3.439933e-03	0.353345	0.402031	+3.788856081136e-02	+3.788856080841e-02	7.787e-11	5.816e-10	0	0.291306437	0.292096000	1.582715e-01	7.274081e-01	0
(0,15,0)	0.687500	2.945243	3.439933e-03	0.353345	0.402031	-3.808315769909e-02	-3.808315771910e-02	5.254e-10	1.634e-09	0	0.291235810	0.292167155	1.581215e-01	7.268952e-01	0
(0,15,0)	0.812500	0.196350	3.439933e-03	0.353345	0.402031	-5.578626919934e-03	-5.578626921933e-03	3.584e-10	1.237e-08	0	0.232653105	0.233167498	1.141477e-01	5.802022e-01	0
(0,15,0)	0.812500	0.589049	3.439933e-03	0.353345	0.402031	+5.673467419127e-02	+5.673467420476e-02	2.378e-10	9.298e-10	0	0.232691578	0.233127675	1.142680e-01	5.807180e-01	0
(0,15,0)	0.812500	0.981748	3.439933e-03	0.353345	0.402031	+1.448548809883e-01	+1.448548809886e-01	2.153e-12	2.339e-10	0	0.232762970	0.233054375	1.144905e-01	5.816700e-01	0
(0,15,0)	0.812500	1.374447	3.439933e-03	0.353345	0.402031	+2.071623719194e-01	+2.071623719189e-01	2.576e-12	8.358e-11	0	0.232856832	0.232959163	1.147811e-01	5.829114e-01	0
(0,15,0)	0.812500	1.767146	3.439933e-03	0.353345	0.402031	+2.071623719194e-01	+2.071623719163e-01	1.496e-11	4.875e-11	0	0.232856832	0.232959163	1.147811e-01	5.829114e-01	0
(0,15,0)	0.812500	2.159845	3.439933e-03	0.353345	0.402031	+1.448548809883e-01	+1.448548809838e-01	3.133e-11	2.339e-10	0	0.232762970	0.233054375	1.144905e-01	5.816700e-01	0
(0,15,0)	0.812500	2.552544	3.439933e-03	0.353345	0.402031	+5.673467419129e-02	+5.673467419071e-02	1.013e-11	9.746e-10	0	0.232691578	0.233127675	1.142680e-01	5.807180e-01	0
(0,15,0)	0.812500	2.945243	3.439933e-03	0.353345	0.402031	-5.578626919934e-03	-5.578626918234e-03	3.047e-10	1.237e-08	0	0.232653105	0.233167498	1.141477e-01	5.802022e-01	0
(0,15,0)	0.937500	0.196350	3.439933e-03	0.353345	0.402031	-4.490114381271e-02	-4.490114380896e-02	8.347e-11	1.389e-09	0	0.213431083	0.214707684	7.029824e-02	3.454165e-01	0
(0,15,0)	0.937500	0.589049	3.439933e-03	0.353345	0.402031	+6.494881396027e-02	+6.494881395994e-02	4.967e-12	1.106e-09	0	0.213523787	0.214605903	7.037010e-02	3.459335e-01	0
(0,15,0)	0.937500	0.981748	3.439933e-03	0.353345	0.402031	+2.202478818426e-01	+2.202478818405e-01	9.519e-12	1.772e-10	0	0.213696969	0.214419889	7.050288e-02	3.468869e-01	0
(0,15,0)	0.937500	1.374447	3.439933e-03	0.353345	0.402031	+3.300239887716e-01	+3.300239887685e-01	9.263e-12	3.683e-11	0	0.213926980	0.214180805	7.067636e-02	3.481286e-01	0
(0,15,0)	0.937500	1.767146	3.439933e-03	0.353345	0.402031	+3.300239887716e-01	+3.300239887682e-01	1.022e-11	3.683e-11	0	0.213926980	0.214180805	7.067636e-02	3.481286e-01	0
(0,15,0)	0.937500	2.159845	3.439933e-03	0.353345	0.402031	+2.202478818426e-01	+2.202478818413e-01	6.161e-12	1.394e-10	0	0.213696969	0.214419889	7.050288e-02	3.468869e-01	0
(0,15,0)	0.937500	2.552544	3.439933e-03	0.353345	0.402031	+6.494881396027e-02	+6.494881395714e-02	4.807e-11	4.644e-10	0	0.213523787	0.214605903	7.037010e-02	3.459335e-01	0
(0,15,0)	0.937500	2.945243	3.439933e-03	0.353345	0.402031	-4.490114381271e-02	-4.490114381082e-02	4.198e-11	7.775e-10	0	0.213431083	0.214707684	7.029824e-02	3.454165e-01	0
(0,15,15)	-0.937500	0.196350	3.439933e-03	0.406903	0.462969	+1.582903371570e+00	+1.582903371591e+00	1.287e-11	1.009e-10	0	0.974662465	0.976171977	8.438968e-01	9.088076e-01	0
(0,15,15)	-0.937500	0.589049	3.439933e-03	0.406903	0.462969	+1.701741860698e+00	+1.701741860728e+00	1.777e-11	1.290e-10	0	0.974776794	0.976056495	8.439795e-01	9.090042e-01	0
(0,15,15)	-0.937500	0.981748	3.439933e-03	0.406903	0.462969	+1.869803621518e+00	+1.869803621501e+00	9.238e-12	7.421e-11	0	0.974988296	0.975843362	8.441324e-01	9.093675e-01	0
(0,15,15)	-0.937500	1.374447	3.439933e-03	0.406903	0.462969	+1.988640353866e+00	+1.988640353870e+00	1.938e-12	1.192e-11	0	0.975265123	0.975565382	8.443322e-01	9.098419e-01	0
(0,15,15)	-0.937500	1.767146	3.439933e-03	0.406903	0.462969	+1.988640353866e+00	+1.988640353868e+00	9.365e-13	1.278e-11	0	0.975265123	0.975565382	8.443322e-01	9.098419e-01	0
(0,15,15)	-0.937500	2.159845	3.439933e-03	0.406903	0.462969	+1.869803621518e+00	+1.869803621498e+00	1.048e-11	7.421e-11	0	0.974988296	0.975843362	8.441324e-01	9.093675e-01	0
(0,15,15)	-0.937500	2.552544	3.439933e-03	0.406903	0.462969	+1.701741860698e+00	+1.701741860737e+00	2.289e-11	2.877e-11	0	0.974776794	0.976056495	8.439795e-01	9.090042e-01	0
(0,15,15)	-0.937500	2.945243	3.439933e-03	0.406903	0.462969	+1.582903371570e+00	+1.582903371590e+00	1.219e-11	1.009e-10	0	0.974662465	0.976171977	8.438968e-01	9.088076e-01	0
(0,15,15)	-0.812500	0.196350	3.439933e-03	0.406903	0.462969	+8.744278398089e-01	+8.744278398065e-01	2.759e-12	1.882e-10	0	0.948602730	0.950342725	7.926669e-01	9.742243e-01	0
(0,15,15)	-0.812500	0.589049	3.439933e-03	0.406903	0.462969	+1.080895383242e+00	+1.080895383268e+00	2.361e-11	1.241e-10	0	0.948734109	0.950209199	7.928055e-01	9.745316e-01	0
(0,15,15)	-0.812500	0.981748	3.439933e-03	0.406903	0.462969	+1.372880086382e+00	+1.372880086362e+00	1.470e-11	8.677e-11	0	0.948977326	0.949962944	7.930616e-01	9.750991e-01	0
(0,15,15)	-0.812500	1.374447	3.439933e-03	0.406903	0.462969	+1.579341270198e+00	+1.579341270192e+00	3.589e-12	2.101e-11	0	0.949296011	0.949642112	7.933963e-01	9.758402e-01	0
(0,15,15)	-0.812500	1.767146	3.439933e-03	0.406903	0.462969	+1.579341270198e+00	+1.579341270195e+00	1.956e-12	2.484e-11	0	0.949296011	0.949642112	7.933963e-01	9.758402e-01	0
(0,15,15)	-0.812500	2.159845	3.439933e-03	0.406903	0.462969	+1.372880086382e+00	+1.372880086367e+00	1.117e-11	6.655e-11	0	0.948977326	0.949962944	7.930616e-01	9.750991e-01	0
(0,15,15)	-0.812500	2.552544	3.439933e-03	0.406903	0.462969	+1.080895383242e+00	+1.080895383247e+00	4.279e-12	1.121e-10	0	0.948734109	0.950209199	7.928055e-01	9.745316e-01	0
(0,15,15)	-0.812500	2.945243	3.439933e-03	0.406903	0.462969	+8.744278398089e-01	+8.744278398014e-01	8.578e-12	1.280e-10	0	0.948602730	0.950342725	7.926669e-01	9.742243e-01	0
(0,15,15)	-0.687500	0.196350	3.439933e-03	0.406903	0.462969	+5.747592626509e-01	+5.747592626383e-01	2.189e-11	3.007e-10	0	0.944878073	0.946389066	7.415803e-01	1.023895e+00	0
(0,15,15)	-0.687500	0.589049	3.439933e-03	0.406903	0.462969	+7.951889706693e-01	+7.951889706634e-01	7.343e-12	1.383e-10	0	0.944991881	0.946272830	7.417530e-01	1.024260e+00	0
(0,15,15)	-0.687500	0.981748	3.439933e-03	0.406903	0.462969	+1.106917806996e+00	+1.106917807016e+00	1.819e-11	1.263e-10	0	0.945202691	0.946058586	7.420720e-01	1.024932e+00	0
(0,15,15)	-0.687500	1.374447	3.439933e-03	0.406903	0.462969	+1.327339247197e+00	+1.327339247197e+00	2.879e-13	2.941e-11	0	0.945479150	0.945779699	7.424889e-01	1.025811e+00	0
(0,15,15)	-0.687500	1.767146	3.439933e-03	0.406903	0.462969	+1.327339247197e+00	+1.327339247191e+00	3.887e-12	3.411e-11	0	0.945479150	0.945779699	7.424889e-01	1.025811e+00	0
(0,15,15)	-0.687500	2.159845	3.439933e-03	0.406903	0.462969	+1.106917806996e+00	+1.106917806971e+00	2.254e-11	1.138e-10	0	0.945202691	0.946058586	7.420720e-01	1.024932e+00	0
(0,15,15)	-0.687500	2.552544	3.439933e-03	0.406903	0.462969	+7.951889706693e-01	+7.951889706634e-01	7.343e-12	1.383e-10	0	0.944991881	0.946272830	7.417530e-01	1.024260e+00	0
(0,15,15)	-0.687500	2.945243	3.439933e-03	0.406903	0.462969	+5.747592626510e-01	+5.747592626490e-01	3.340e-12	3.007e-10	0	0.944878073	0.946389066	7.415803e-01	1.023895e+00	0
(0,15,15)	-0.562500	0.196350	3.439933e-03	0.406903	0.462969	+4.274744711092e-01	+4.274744710570e-01	1.222e-10	5.451e-10	0	0.956452059	0.957608702	6.905603e-01	1.059880e+00	0
(0,15,15)	-0.562500	0.589049	3.439933e-03	0.406903	0.462969	+6.420108323643e-01	+6.420108323658e-01	2.359e-12	1.890e-10	0	0.956538884	0.957519429	6.907569e-01	1.060281e+00	0
(0,15,15)	-0.562500	0.981748	3.439933e-03	0.406903	0.462969	+9.454050963419e-01	+9.454050963574e-01	1.635e-11	4.133e-11	0	0.956699841	0.957355011	6.911202e-01	1.061021e+00	0
(0,15,15)	-0.562500	1.374447	3.439933e-03	0.406903	0.462969	+1.159933018071e+00	+1.159933018071e+00	1.133e-13	3.170e-11	0	0.956911171	0.957141234	6.915948e-01	1.061987e+00	0
(0,15,15)	-0.562500	1.767146	3.439933e-03	0.406903	0.462969	+1.159933018071e+00	+1.159933018063e+00	6.519e-12	2.116e-11	0	0.956911171	0.957141234	6.915948e-01	1.061987e+00	0
(0,15,15)	-0.562500	2.159845	3.439933e-03	0.406903	0.462969	+9.454050963419e-01	+9.454050963415e-01	3.577e-13	9.096e-11	0	0.956699841	0.957355011	6.911202e-01	1.061021e+00	0
(0,15,15)	-0.562500	2.552544	3.439933e-03	0.406903	0.462969	+6.420108323643e-01	+6.420108323624e-01	2.935e-12	1.454e-10	0	0.956538884	0.957519429	6.907569e-01	1.060281e+00	0
(0,15,15)	-0.562500	2.945243	3.439933e-03	0.406903	0.462969	+4.274744711092e-01	+4.274744710537e-01	1.299e-10	2.981e-10	0	0.956452059	0.957608702	6.905603e-01	1.059880e+00	0
(0,15,15)	-0.437500	0.196350	3.439933e-03	0.406903	0.462969	+3.389001999275e-01	+3.389001999369e-01	2.784e-11	2.033e-10	0	0.976696367	0.977438403	6.395843e-01	1.083499e+00	0
(0,15,15)	-0.437500	0.589049	3.439933e-03	0.406903	0.462969	+5.444704434759e-01	+5.444704434749e-01	1.831e-12	1.776e-10	0	0.976751680	0.977380738	6.397981e-01	1.083925e+00	0
(0,15,15)	-0.437500	0.981748	3.439933e-03	0.406903	0.462969	+8.351851135250e-01	+8.351851135369e-01	1.415e-11	1.138e-10	0	0.976854387	0.977274701	6.401932e-01	1.084712e+00	0
(0,15,15)	-0.437500	1.374447	3.439933e-03	0.406903	0.462969	+1.040747499264e+00	+1.040747499262e+00	1.351e-12	2.037e-11	0	0.976989572	0.977137164	6.407094e-01	1.085739e+00	0
(0,15,15)	-0.437500	1.767146	3.439933e-03	0.406903	0.462969	+1.040747499264e+00	+1.040747499258e+00	5.008e-12	1.745e-11	0	0.976989572	0.977137164	6.407094e-01	1.085739e+00	0
(0,15,15)	-0.437500	2.159845	3.439933e-03	0.406903	0.462969	+8.351851135250e-01	+8.351851135230e-01	2.491e-12	9.378e-11	0	0.976854387	0.977274701	6.401932e-01	1.084712e+00	0
(0,15,15)	-0.437500	2.552544	3.439933e-03	0.406903	0.462969	+5.444704434759e-01	+5.444704434615e-01	2.642e-11	2.663e-10	0	0.976751680	0.977380738	6.397981e-01	1.083925e+00	0
(0,15,15)	-0.437500	2.945243	3.439933e-03	0.406903	0.462969	+3.389001999275e-01	+3.389001999750e-01	1.403e-10	3.911e-10	0	0.976696367	0.977438403	6.395843e-01	1.083499e+00	0
(0,15,15)	-0.312500	0.196350	3.439933e-03	0.406903	0.462969	+2.703863831055e-01	+2.703863831058e-01	9.571e-13	9.457e-10	0	0.995655161	0.995937651	5.886422e-01	1.095531e+00	0
(0,15,15)	-0.312500	0.589049	3.439933e-03	0.406903	0.462969	+4.687188812631e-01	+4.687188812752e-01	2.582e-11	1.947e-10	0	0.995675576	0.995915049	5.888681e-01	1.095976e+00	0
(0,15,15)	-0.312500	0.981748	3.439933e-03	0.406903	0.462969	+7.491984386430e-01	+7.491984386333e-01	1.290e-11	1.041e-10	0	0.995713765	0.995873767	5.892855e-01	1.096798e+00	0
(0,15,15)	-0.312500	1.374447	3.439933e-03	0.406903	0.462969	+9.475239346179e-01	+9.475239346245e-01	6.987e-12	1.646e-11	0	0.995764581	0.995820764	5.898308e-01	1.097872e+00	0
(0,15,15)	-0.312500	1.767146	3.439933e-03	0.406903	0.462969	+9.475239346179e-01	+9.475239346232e-01	5.596e-12	3.938e-11	0	0.995764581	0.995820764	5.898308e-01	1.097872e+00	0
(0,15,15)	-0.312500	2.159845	3.439933e-03	0.406903	0.462969	+7.491984386430e-01	+7.491984386426e-01	5.022e-13	1.541e-10	0	0.995713765	0.995873767	5.892855e-01	1.096798e+00	0
(0,15,15)	-0.312500	2.552544	3.439933e-03	0.406903	0.462969	+4.687188812631e-01	+4.687188812752e-01	2.582e-11	1.947e-10	0	0.995675576	0.995915049	5.888681e-01	1.095976e+00	0
(0,15,15)	-0.312500	2.945243	3.439933e-03	0.406903	0.462969	+2.703863831055e-01	+2.703863831026e-01	1.065e-11	4.829e-10	0	0.995655161	0.995937651	5.886422e-01	1.095531e+00	0
(0,15,15)	-0.187500	0.196350	3.439933e-03	0.406903	0.462969	+2.050945707696e-01	+2.050945707218e-01	2.332e-10	8.090e-10	0	0.997108983	0.997314637	5.377288e-01	1.096347e+00	0
(0,15,15)	-0.187500	0.589049	3.439933e-03	0.406903	0.462969	+3.979647232659e-01	+3.979647232858e-01	4.988e-11	2.555e-10	0	0.997123657	0.997298012	5.379624e-01	1.096807e+00	0
(0,15,15)	-0.187500	0.981748	3.439933e-03	0.406903	0.462969	+6.707200167663e-01	+6.707200167605e-01	8.680e-12	1.214e-10	0	0.997151201	0.997267710	5.383940e-01	1.097657e+00	0
(0,15,15)	-0.187500	1.374447	3.439933e-03	0.406903	0.462969	+8.635840996562e-01	+8.635840996520e-01	4.804e-12	3.910e-11	0	0.997188023	0.997228938	5.389579e-01	1.098766e+00	0
(0,15,15)	-0.187500	1.767146	3.439933e-03	0.406903	0.462969	+8.635840996562e-01	+8.635840996571e-01	1.006e-12	5.862e-11	0	0.997188023	0.997228938	5.389579e-01	1.098766e+00	0
(0,15,15)	-0.187500	2.159845	3.439933e-03	0.406903	0.462969	+6.707200167663e-01	+6.707200167605e-01	8.715e-12	7.473e-11	0	0.997151201	0.997267710	5.383940e-01	1.097657e+00	0
(0,15,15)	-0.187500	2.552544	3.439933e-03	0.406903	0.462969	+3.979647232659e-01	+3.979647232893e-01	5.871e-11	2.194e-10	0	0.997123657	0.997298012	5.379624e-01	1.096807e+00	0
(0,15,15)	-0.187500	2.945243	3.439933e-03	0.406903	0.462969	+2.050945707696e-01	+2.050945707155e-01	2.641e-10	7.642e-10	0	0.997108983	0.997314637	5.377288e-01	1.096347e+00	0
(0,15,15)	-0.062500	0.196350	3.439933e-03	0.406903	0.462969	+1.373935315232e-01	+1.373935315500e-01	1.949e-10	1.214e-09	0	0.961460775	0.962139563	4.868413e-01	1.085968e+00	0
(0,15,15)	-0.062500	0.589049	3.439933e-03	0.406903	0.462969	+3.244509474247e-01	+3.244509474220e-01	8.249e-12	2.554e-10	0	0.961511621	0.962087078	4.870786e-01	1.086440e+00	0
(0,15,15)	-0.062500	0.981748	3.439933e-03	0.406903	0.462969	+5.889864500270e-01	+5.889864500360e-01	1.518e-11	1.241e-10	0	0.961605932	0.961990449	4.875171e-01	1.087311e+00	0
(0,15,15)	-0.062500	1.374447	3.439933e-03	0.406903	0.462969	+7.760387297333e-01	+7.760387297250e-01	1.060e-11	1.370e-11	0	0.961729858	0.961864885	4.880901e-01	1.088449e+00	0
(0,15,15)	-0.062500	1.767146	3.439933e-03	0.406903	0.462969	+7.760387297333e-01	+7.760387297346e-01	1.785e-12	3.168e-11	0	0.961729858	0.961864885	4.880901e-01	1.088449e+00	0
(0,15,15)	-0.062500	2.159845	3.439933e-03	0.406903	0.462969	+5.889864500270e-01	+5.889864500257e-01	2.238e-12	1.454e-10	0	0.961605932	0.961990449	4.875171e-01	1.087311e+00	0
(0,15,15)	-0.062500	2.552544	3.439933e-03	0.406903	0.462969	+3.244509474246e-01	+3.244509473959e-01	8.843e-11	3.198e-10	0	0.961511621	0.962087078	4.870786e-01	1.086440e+00	0
(0,15,15)	-0.062500	2.945243	3.439933e-03	0.406903	0.462969	+1.373935315232e-01	+1.373935315349e-01	8.538e-11	1.407e-09	0	0.961460775	0.962139563	4.868413e-01	1.085968e+00	0
(0,15,15)	0.062500	0.196350	3.439933e-03	0.406903	0.462969	+6.963758852211e-02	+6.963758852503e-02	4.201e-11	1.807e-09	0	0.878736620	0.879803235	4.359784e-01	1.064063e+00	0
(0,15,15)	0.062500	0.589049	3.439933e-03	0.406903	0.462969	+2.481223336965e-01	+2.481223336899e-01	2.632e-11	2.744e-10	0	0.878817170	0.879721410	4.362157e-01	1.064545e+00	0
(0,15,15)	0.062500	0.981748	3.439933e-03	0.406903	0.462969	+5.005348728641e-01	+5.005348728485e-01	3.105e-11	1.167e-10	0	0.878966288	0.879570489	4.366543e-01	1.065434e+00	0
(0,15,15)	0.062500	1.374447	3.439933e-03	0.406903	0.462969	+6.790153639805e-01	+6.790153639738e-01	9.841e-12	3.384e-11	0	0.879161667	0.879373836	4.372272e-01	1.066595e+00	0
(0,15,15)	0.062500	1.767146	3.439933e-03	0.406903	0.462969	+6.790153639805e-01	+6.790153639743e-01	9.205e-12	2.108e-11	0	0.879161667	0.879373836	4.372272e-01	1.066595e+00	0
(0,15,15)	0.062500	2.159845	3.439933e-03	0.406903	0.462969	+5.005348728641e-01	+5.005348728517e-01	2.467e-11	9.305e-11	0	0.878966288	0.879570489	4.366543e-01	1.065434e+00	0
(0,15,15)	0.062500	2.552544	3.439933e-03	0.406903	0.462969	+2.481223336965e-01	+2.481223336857e-01	4.349e-11	6.756e-10	0	0.878817170	0.879721410	4.362157e-01	1.064545e+00	0
(0,15,15)	0.062500	2.945243	3.439933e-03	0.406903	0.462969	+6.963758852211e-02	+6.963758851851e-02	5.168e-11	1.807e-09	0	0.878736620	0.879803235	4.359784e-01	1.064063e+00	0
(0,15,15)	0.187500	0.196350	3.439933e-03	0.406903	0.462969	+9.165582171303e-03	+9.165582183026e-03	1.279e-09	7.328e-09	0	0.760242425	0.761555555	3.851402e-01	1.029898e+00	0
(0,15,15)	0.187500	0.589049	3.439933e-03	0.406903	0.462969	+1.753580926623e-01	+1.753580926676e-01	3.050e-11	6.018e-10	0	0.760341919	0.761455144	3.853737e-01	1.030387e+00	0
(0,15,15)	0.187500	0.981748	3.439933e-03	0.406903	0.462969	+4.103873255296e-01	+4.103873255236e-01	1.454e-11	1.512e-10	0	0.760525964	0.761269803	3.858053e-01	1.031292e+00	0
(0,15,15)	0.187500	1.374447	3.439933e-03	0.406903	0.462969	+5.765763437904e-01	+5.765763437913e-01	1.539e-12	2.472e-11	0	0.760766824	0.761028027	3.863692e-01	1.032472e+00	0
(0,15,15)	0.187500	1.767146	3.439933e-03	0.406903	0.462969	+5.765763437904e-01	+5.765763437958e-01	9.398e-12	1.486e-11	0	0.760766824	0.761028027	3.863692e-01	1.032472e+00	0
(0,15,15)	0.187500	2.159845	3.439933e-03	0.406903	0.462969	+4.103873255296e-01	+4.103873255295e-01	1.419e-13	1.175e-10	0	0.760525964	0.761269803	3.858053e-01	1.031292e+00	0
(0,15,15)	0.187500	2.552544	3.439933e-03	0.406903	0.462969	+1.753580926623e-01	+1.753580926452e-01	9.730e-11	3.942e-10	0	0.760341919	0.761455144	3.853737e-01	1.030387e+00	0
(0,15,15)	0.187500	2.945243	3.439933e-03	0.406903	0.462969	+9.165582171303e-03	+9.165582179054e-03	8.457e-10	8.797e-09	0	0.760242425	0.761555555	3.851402e-01	1.029898e+00	0
(0,15,15)	0.312500	0.196350	3.439933e-03	0.406903	0.462969	-3.645591272824e-02	-3.645591272256e-02	1.558e-10	2.738e-09	0	0.630928036	0.632340631	3.343278e-01	9.821955e-01	0
(0,15,15)	0.312500	0.589049	3.439933e-03	0.406903	0.462969	+1.144170418873e-01	+1.144170418800e-01	6.409e-11	3.566e-10	0	0.631035249	0.632232795	3.345537e-01	9.826921e-01	0
(0,15,15)	0.312500	0.981748	3.439933e-03	0.406903	0.462969	+3.277815548910e-01	+3.277815548762e-01	4.522e-11	1.756e-10	0	0.631233491	0.632033671	3.349711e-01	9.836091e-01	0
(0,15,15)	0.312500	1.374447	3.439933e-03	0.406903	0.462969	+4.786515883647e-01	+4.786515883651e-01	7.887e-13	2.241e-11	0	0.631492775	0.631773762	3.355164e-01	9.848059e-01	0
(0,15,15)	0.312500	1.767146	3.439933e-03	0.406903	0.462969	+4.786515883647e-01	+4.786515883692e-01	9.454e-12	3.629e-11	0	0.631492775	0.631773762	3.355164e-01	9.848059e-01	0
(0,15,15)	0.312500	2.159845	3.439933e-03	0.406903	0.462969	+3.277815548911e-01	+3.277815548789e-01	3.703e-11	2.489e-10	0	0.631233491	0.632033671	3.349711e-01	9.836091e-01	0
(0,15,15)	0.312500	2.552544	3.439933e-03	0.406903	0.462969	+1.144170418873e-01	+1.144170418800e-01	6.409e-11	3.566e-10	0	0.631035249	0.632232795	3.345537e-01	9.826921e-01	0
(0,15,15)	0.312500	2.945243	3.439933e-03	0.406903	0.462969	-3.645591272824e-02	-3.645591272908e-02	2.299e-11	2.696e-09	0	0.630928036	0.632340631	3.343278e-01	9.821955e-01	0
(0,15,15)	0.437500	0.196350	3.439933e-03	0.406903	0.462969	-6.254786417864e-02	-6.254786418605e-02	1.185e-10	9.720e-10	0	0.510966769	0.512360024	2.835441e-01	9.188572e-01	0
(0,15,15)	0.437500	0.589049	3.439933e-03	0.406903	0.462969	+7.109948194613e-02	+7.109948194439e-02	2.451e-11	1.382e-09	0	0.511072605	0.512253754	2.837580e-01	9.193597e-01	0
(0,15,15)	0.437500	0.981748	3.439933e-03	0.406903	0.462969	+2.601035368196e-01	+2.601035368123e-01	2.800e-11	1.843e-10	0	0.511268261	0.512057484	2.841531e-01	9.202876e-01	0
(0,15,15)	0.437500	1.374447	3.439933e-03	0.406903	0.462969	+3.937482885108e-01	+3.937482885100e-01	2.023e-12	5.820e-11	0	0.511524086	0.511801226	2.846693e-01	9.214984e-01	0
(0,15,15)	0.437500	1.767146	3.439933e-03	0.406903	0.462969	+3.937482885108e-01	+3.937482885133e-01	6.451e-12	6.435e-11	0	0.511524086	0.511801226	2.846693e-01	9.214984e-01	0
(0,15,15)	0.437500	2.159845	3.439933e-03	0.406903	0.462969	+2.601035368196e-01	+2.601035368102e-01	3.596e-11	1.843e-10	0	0.511268261	0.512057484	2.841531e-01	9.202876e-01	0
(0,15,15)	0.437500	2.552544	3.439933e-03	0.406903	0.462969	+7.109948194612e-02	+7.109948196269e-02	2.331e-10	7.501e-10	0	0.511072605	0.512253754	2.837580e-01	9.193597e-01	0
(0,15,15)	0.437500	2.945243	3.439933e-03	0.406903	0.462969	-6.254786417864e-02	-6.254786418551e-02	1.098e-10	9.720e-10	0	0.510966769	0.512360024	2.835441e-01	9.188572e-01	0
(0,15,15)	0.562500	0.196350	3.439933e-03	0.406903	0.462969	-6.694569374600e-02	-6.694569374498e-02	1.533e-11	7.630e-10	0	0.409097640	0.410376491	2.327944e-01	8.363516e-01	0
(0,15,15)	0.562500	0.589049	3.439933e-03	0.406903	0.462969	+4.825899970519e-02	+4.825899971556e-02	2.148e-10	2.102e-09	0	0.409194794	0.410278956	2.329910e-01	8.368592e-01	0
(0,15,15)	0.562500	0.981748	3.439933e-03	0.406903	0.462969	+2.111812028123e-01	+2.111812028188e-01	3.057e-11	1.630e-10	0	0.409374397	0.410098815	2.333543e-01	8.377963e-01	0
(0,15,15)	0.562500	1.374447	3.439933e-03	0.406903	0.462969	+3.263832986931e-01	+3.263832986901e-01	9.376e-12	1.082e-10	0	0.409609224	0.409863607	2.338289e-01	8.390192e-01	0
(0,15,15)	0.562500	1.767146	3.439933e-03	0.406903	0.462969	+3.263832986931e-01	+3.263832986885e-01	1.435e-11	6.572e-11	0	0.409609224	0.409863607	2.338289e-01	8.390192e-01	0
(0,15,15)	0.562500	2.159845	3.439933e-03	0.406903	0.462969	+2.111812028123e-01	+2.111812028145e-01	1.053e-11	2.943e-10	0	0.409374397	0.410098815	2.333543e-01	8.377963e-01	0
(0,15,15)	0.562500	2.552544	3.439933e-03	0.406903	0.462969	+4.825899970520e-02	+4.825899970591e-02	1.463e-11	2.355e-09	0	0.409194794	0.410278956	2.329910e-01	8.368592e-01	0
(0,15,15)	0.562500	2.945243	3.439933e-03	0.406903	0.462969	-6.694569374600e-02	-6.694569374352e-02	3.706e-11	1.011e-09	0	0.409097640	0.410376491	2.327944e-01	8.363516e-01	0
(0,15,15)	0.687500	0.196350	3.439933e-03	0.406903	0.462969	-4.822264996768e-02	-4.822264996914e-02	3.011e-11	1.285e-09	0	0.326727797	0.327783510	1.820886e-01	7.282222e-01	0
(0,15,15)	0.687500	0.589049	3.439933e-03	0.406903	0.462969	+4.788303999782e-02	+4.788303999335e-02	9.346e-11	2.104e-09	0	0.326807870	0.327702867	1.822613e-01	7.287342e-01	0
(0,15,15)	0.687500	0.981748	3.439933e-03	0.406903	0.462969	+1.837946717938e-01	+1.837946717958e-01	1.081e-11	2.553e-10	0	0.326955953	0.327553978	1.825804e-01	7.296794e-01	0
(0,15,15)	0.687500	1.374447	3.439933e-03	0.406903	0.462969	+2.798970549528e-01	+2.798970549524e-01	1.180e-12	3.823e-11	0	0.327149681	0.327359681	1.829973e-01	7.309124e-01	0
(0,15,15)	0.687500	1.767146	3.439933e-03	0.406903	0.462969	+2.798970549528e-01	+2.798970549517e-01	3.814e-12	7.737e-11	0	0.327149681	0.327359681	1.829973e-01	7.309124e-01	0
(0,15,15)	0.687500	2.159845	3.439933e-03	0.406903	0.462969	+1.837946717938e-01	+1.837946717973e-01	1.906e-11	3.175e-10	0	0.326955953	0.327553978	1.825804e-01	7.296794e-01	0
(0,15,15)	0.687500	2.552544	3.439933e-03	0.406903	0.462969	+4.788303999782e-02	+4.788303999335e-02	9.346e-11	2.104e-09	0	0.326807870	0.327702867	1.822613e-01	7.287342e-01	0
(0,15,15)	0.687500	2.945243	3.439933e-03	0.406903	0.462969	-4.822264996764e-02	-4.822264997757e-02	2.058e-10	1.479e-09	0	0.326727797	0.327783510	1.820886e-01	7.282222e-01	0
(0,15,15)	0.812500	0.196350	3.439933e-03	0.406903	0.462969	-7.009415899289e-03	-7.009415898940e-03	4.982e-11	9.900e-09	0	0.264531964	0.265118930	1.314495e-01	5.804024e-01	0
(0,15,15)	0.812500	0.589049	3.439933e-03	0.406903	0.462969	+7.314305634366e-02	+7.314305635867e-02	2.052e-10	8.971e-10	0	0.264575871	0.265073494	1.315881e-01	5.809181e-01	0
(0,15,15)	0.812500	0.981748	3.439933e-03	0.406903	0.462969	+1.864904998818e-01	+1.864904998713e-01	5.647e-11	1.930e-10	0	0.264657343	0.264989861	1.318443e-01	5.818697e-01	0
(0,15,15)	0.812500	1.374447	3.439933e-03	0.406903	0.462969	+2.666355201525e-01	+2.666355201489e-01	1.342e-11	5.133e-11	0	0.264764454	0.264881222	1.321789e-01	5.831107e-01	0
(0,15,15)	0.812500	1.767146	3.439933e-03	0.406903	0.462969	+2.666355201525e-01	+2.666355201479e-01	1.717e-11	7.194e-11	0	0.264764454	0.264881222	1.321789e-01	5.831107e-01	0
(0,15,15)	0.812500	2.159845	3.439933e-03	0.406903	0.462969	+1.864904998818e-01	+1.864904998834e-01	8.776e-12	2.421e-10	0	0.264657343	0.264989861	1.318443e-01	5.818697e-01	0
(0,15,15)	0.812500	2.552544	3.439933e-03	0.406903	0.462969	+7.314305634365e-02	+7.314305635554e-02	1.626e-10	3.301e-10	0	0.264575871	0.265073494	1.315881e-01	5.809181e-01	0
(0,15,15)	0.812500	2.945243	3.439933e-03	0.406903	0.462969	-7.009415899281e-03	-7.009415902499e-03	4.592e-10	8.891e-09	0	0.264531964	0.265118930	1.314495e-01	5.804024e-01	0
(0,15,15)	0.937500	0.196350	3.439933e-03	0.406903	0.462969	-5.641643187329e-02	-5.641643188622e-02	2.292e-10	1.072e-09	0	0.244734728	0.246191505	8.095363e-02	3.456784e-01	0
(0,15,15)	0.937500	0.589049	3.439933e-03	0.406903	0.462969	+8.554133400561e-02	+8.554133401090e-02	6.184e-11	4.884e-10	0	0.244840514	0.246075357	8.103638e-02	3.461951e-01	0
(0,15,15)	0.937500	0.981748	3.439933e-03	0.406903	0.462969	+2.862329512668e-01	+2.862329512638e-01	1.027e-11	1.223e-10	0	0.245038134	0.245863084	8.118928e-02	3.471477e-01	0
(0,15,15)	0.937500	1.374447	3.439933e-03	0.406903	0.462969	+4.280960136395e-01	+4.280960136390e-01	1.263e-12	2.805e-11	0	0.245300605	0.245590254	8.138906e-02	3.483885e-01	0
(0,15,15)	0.937500	1.767146	3.439933e-03	0.406903	0.462969	+4.280960136395e-01	+4.280960136363e-01	7.596e-12	2.741e-11	0	0.245300605	0.245590254	8.138906e-02	3.483885e-01	0
(0,15,15)	0.937500	2.159845	3.439933e-03	0.406903	0.462969	+2.862329512668e-01	+2.862329512700e-01	1.140e-11	1.355e-10	0	0.245038134	0.245863084	8.118928e-02	3.471477e-01	0
(0,15,15)	0.937500	2.552544	3.439933e-03	0.406903	0.462969	+8.554133400562e-02	+8.554133400942e-02	4.436e-11	4.034e-10	0	0.244840514	0.246075357	8.103638e-02	3.461951e-01	0
(0,15,15)	0.937500	2.945243	3.439933e-03	0.406903	0.462969	-5.641643187329e-02	-5.641643189436e-02	3.735e-10	1.072e-09	0	0.244734728	0.246191505	8.095363e-02	3.456784e-01	0
(5,13,0)	-0.937500	0.196350	1.810413e-02	0.368980	0.402031	+1.527648595162e+00	+1.527648595156e+00	3.950e-12	1.166e-10	0	0.953005877	0.964118108	7.454662e-01	8.157252e-01	0
(5,13,0)	-0.937500	0.589049	1.810413e-02	0.368980	0.402031	+1.701432885438e+00	+1.701432885439e+00	4.628e-13	4.527e-11	0	0.953826623	0.963246441	7.458444e-01	8.168776e-01	0
(5,13,0)	-0.937500	0.981748	1.810413e-02	0.368980	0.402031	+1.947125645472e+00	+1.947125645426e+00	2.367e-11	2.555e-11	0	0.955353790	0.961647271	7.465432e-01	8.190026e-01	0
(5,13,0)	-0.937500	1.374447	1.810413e-02	0.368980	0.402031	+2.120803408422e+00	+2.120803408430e+00	3.696e-12	9.258e-12	0	0.957370170	0.959579988	7.474562e-01	8.217708e-01	0
(5,13,0)	-0.937500	1.767146	1.810413e-02	0.368980	0.402031	+2.120803408422e+00	+2.120803408418e+00	1.784e-12	2.688e-11	0	0.957370170	0.959579988	7.474562e-01	8.217708e-01	0
(5,13,0)	-0.937500	2.159845	1.810413e-02	0.368980	0.402031	+1.947125645472e+00	+1.947125645432e+00	2.071e-11	2.555e-11	0	0.955353790	0.961647271	7.465432e-01	8.190026e-01	0
(5,13,0)	-0.937500	2.552544	1.810413e-02	0.368980	0.402031	+1.701432885438e+00	+1.701432885441e+00	1.820e-12	7.618e-11	0	0.953826623	0.963246441	7.458444e-01	8.168776e-01	0
(5,13,0)	-0.937500	2.945243	1.810413e-02	0.368980	0.402031	+1.527648595162e+00	+1.527648595149e+00	8.533e-12	1.497e-10	0	0.953005877	0.964118108	7.454662e-01	8.157252e-01	0
(5,13,0)	-0.812500	0.196350	1.810413e-02	0.368980	0.402031	+6.693031181323e-01	+6.693031181434e-01	1.657e-11	2.600e-10	0	0.908340152	0.920472447	6.976663e-01	8.963098e-01	0
(5,13,0)	-0.812500	0.589049	1.810413e-02	0.368980	0.402031	+9.322194703960e-01	+9.322194703716e-01	2.609e-11	1.156e-10	0	0.909222696	0.919506408	6.982998e-01	8.980662e-01	0
(5,13,0)	-0.812500	0.981748	1.810413e-02	0.368980	0.402031	+1.303823056213e+00	+1.303823056213e+00	2.783e-13	5.332e-11	0	0.910870585	0.917740478	6.994705e-01	9.013027e-01	0
(5,13,0)	-0.812500	1.374447	1.810413e-02	0.368980	0.402031	+1.566433644322e+00	+1.566433644316e+00	3.711e-12	2.237e-11	0	0.913057801	0.915469823	7.010000e-01	9.055140e-01	0
(5,13,0)	-0.812500	1.767146	1.810413e-02	0.368980	0.402031	+1.566433644322e+00	+1.566433644318e+00	2.366e-12	2.014e-11	0	0.913057801	0.915469823	7.010000e-01	9.055140e-01	0
(5,13,0)	-0.812500	2.159845	1.810413e-02	0.368980	0.402031	+1.303823056213e+00	+1.303823056203e+00	7.429e-12	6.988e-11	0	0.910870585	0.917740478	6.994705e-01	9.013027e-01	0
(5,13,0)	-0.812500	2.552544	1.810413e-02	0.368980	0.402031	+9.322194703960e-01	+9.322194703617e-01	3.674e-11	1.382e-10	0	0.909222696	0.919506408	6.982998e-01	8.980662e-01	0
(5,13,0)	-0.812500	2.945243	1.810413e-02	0.368980	0.402031	+6.693031181323e-01	+6.693031181721e-01	5.945e-11	2.332e-10	0	0.908340152	0.920472447	6.976663e-01	8.963098e-01	0
(5,13,0)	-0.687500	0.196350	1.810413e-02	0.368980	0.402031	+3.920081555612e-01	+3.920081555867e-01	6.496e-11	4.519e-10	0	0.898410321	0.908808871	6.505213e-01	9.583288e-01	0
(5,13,0)	-0.687500	0.589049	1.810413e-02	0.368980	0.402031	+6.467256355545e-01	+6.467256355530e-01	2.409e-12	1.715e-10	0	0.899159057	0.907972729	6.513105e-01	9.603750e-01	0
(5,13,0)	-0.687500	0.981748	1.810413e-02	0.368980	0.402031	+1.006708652191e+00	+1.006708652206e+00	1.503e-11	8.423e-11	0	0.900560405	0.906447819	6.527688e-01	9.641445e-01	0
(5,13,0)	-0.687500	1.374447	1.810413e-02	0.368980	0.402031	+1.261084183188e+00	+1.261084183192e+00	3.076e-12	1.212e-11	0	0.902426961	0.904493926	6.546741e-01	9.690475e-01	0
(5,13,0)	-0.687500	1.767146	1.810413e-02	0.368980	0.402031	+1.261084183188e+00	+1.261084183181e+00	5.356e-12	2.320e-11	0	0.902426961	0.904493926	6.546741e-01	9.690475e-01	0
(5,13,0)	-0.687500	2.159845	1.810413e-02	0.368980	0.402031	+1.006708652191e+00	+1.006708652171e+00	2.019e-11	4.870e-11	0	0.900560405	0.906447819	6.527688e-01	9.641445e-01	0
(5,13,0)	-0.687500	2.552544	1.810413e-02	0.368980	0.402031	+6.467256355545e-01	+6.467256355530e-01	2.409e-12	1.715e-10	0	0.899159057	0.907972729	6.513105e-01	9.603750e-01	0
(5,13,0)	-0.687500	2.945243	1.810413e-02	0.368980	0.402031	+3.920081555612e-01	+3.920081555798e-01	4.755e-11	2.842e-10	0	0.898410321	0.908808871	6.505213e-01	9.583288e-01	0
(5,13,0)	-0.562500	0.196350	1.810413e-02	0.368980	0.402031	+2.883228494187e-01	+2.883228494253e-01	2.272e-11	4.986e-10	0	0.911763489	0.919938881	6.036805e-01	1.004356e+00	0
(5,13,0)	-0.562500	0.589049	1.810413e-02	0.368980	0.402031	+5.187030357024e-01	+5.187030356780e-01	4.715e-11	3.477e-10	0	0.912344662	0.919273603	6.045791e-01	1.006579e+00	0
(5,13,0)	-0.562500	0.981748	1.810413e-02	0.368980	0.402031	+8.442873705311e-01	+8.442873705263e-01	5.678e-12	1.478e-10	0	0.913435662	0.918063712	6.062394e-01	1.010673e+00	0
(5,13,0)	-0.562500	1.374447	1.810413e-02	0.368980	0.402031	+1.074353112611e+00	+1.074353112604e+00	6.554e-12	2.688e-11	0	0.914895307	0.916520035	6.084087e-01	1.015998e+00	0
(5,13,0)	-0.562500	1.767146	1.810413e-02	0.368980	0.402031	+1.074353112611e+00	+1.074353112602e+00	8.653e-12	2.500e-11	0	0.914895307	0.916520035	6.084087e-01	1.015998e+00	0
(5,13,0)	-0.562500	2.159845	1.810413e-02	0.368980	0.402031	+8.442873705311e-01	+8.442873705310e-01	9.231e-14	4.714e-11	0	0.913435662	0.918063712	6.062394e-01	1.010673e+00	0
(5,13,0)	-0.562500	2.552544	1.810413e-02	0.368980	0.402031	+5.187030357024e-01	+5.187030357181e-01	3.027e-11	2.781e-10	0	0.912344662	0.919273603	6.045791e-01	1.006579e+00	0
(5,13,0)	-0.562500	2.945243	1.810413e-02	0.368980	0.402031	+2.883228494187e-01	+2.883228493940e-01	8.588e-11	4.986e-10	0	0.911763489	0.919938881	6.036805e-01	1.004356e+00	0
(5,13,0)	-0.437500	0.196350	1.810413e-02	0.368980	0.402031	+2.392427019028e-01	+2.392427018952e-01	3.195e-11	5.404e-10	0	0.941385476	0.947145903	5.570410e-01	1.036277e+00	0
(5,13,0)	-0.437500	0.589049	1.810413e-02	0.368980	0.402031	+4.479012017085e-01	+4.479012017126e-01	9.155e-12	2.848e-10	0	0.941785439	0.946667106	5.580183e-01	1.038620e+00	0
(5,13,0)	-0.437500	0.981748	1.810413e-02	0.368980	0.402031	+7.427968556579e-01	+7.427968556525e-01	7.267e-12	1.403e-10	0	0.942540486	0.945800624	5.598240e-01	1.042936e+00	0
(5,13,0)	-0.437500	1.374447	1.810413e-02	0.368980	0.402031	+9.511839222527e-01	+9.511839222443e-01	8.834e-12	2.018e-11	0	0.943558981	0.944703371	5.621833e-01	1.048547e+00	0
(5,13,0)	-0.437500	1.767146	1.810413e-02	0.368980	0.402031	+9.511839222527e-01	+9.511839222491e-01	3.821e-12	2.574e-11	0	0.943558981	0.944703371	5.621833e-01	1.048547e+00	0
(5,13,0)	-0.437500	2.159845	1.810413e-02	0.368980	0.402031	+7.427968556579e-01	+7.427968556417e-01	2.185e-11	4.517e-11	0	0.942540486	0.945800624	5.598240e-01	1.042936e+00	0
(5,13,0)	-0.437500	2.552544	1.810413e-02	0.368980	0.402031	+4.479012017085e-01	+4.479012017202e-01	2.624e-11	2.857e-10	0	0.941785439	0.946667106	5.580183e-01	1.038620e+00	0
(5,13,0)	-0.437500	2.945243	1.810413e-02	0.368980	0.402031	+2.392427019028e-01	+2.392427019061e-01	1.362e-11	8.835e-10	0	0.941385476	0.947145903	5.570410e-01	1.036277e+00	0
(5,13,0)	-0.312500	0.196350	1.810413e-02	0.368980	0.402031	+2.031425141179e-01	+2.031425141091e-01	4.325e-11	5.154e-10	0	0.977338332	0.980465229	5.105565e-01	1.055264e+00	0
(5,13,0)	-0.312500	0.589049	1.810413e-02	0.368980	0.402031	+3.961922329274e-01	+3.961922329315e-01	1.026e-11	2.880e-10	0	0.977540964	0.980190093	5.115889e-01	1.057694e+00	0
(5,13,0)	-0.312500	0.981748	1.810413e-02	0.368980	0.402031	+6.690441931905e-01	+6.690441931930e-01	3.746e-12	8.518e-11	0	0.977930057	0.979698518	5.134964e-01	1.062171e+00	0
(5,13,0)	-0.312500	1.374447	1.810413e-02	0.368980	0.402031	+8.618655341712e-01	+8.618655341704e-01	8.720e-13	4.837e-11	0	0.978467775	0.979088372	5.159888e-01	1.067991e+00	0
(5,13,0)	-0.312500	1.767146	1.810413e-02	0.368980	0.402031	+8.618655341712e-01	+8.618655341712e-01	5.333e-14	1.796e-11	0	0.978467775	0.979088372	5.159888e-01	1.067991e+00	0
(5,13,0)	-0.312500	2.159845	1.810413e-02	0.368980	0.402031	+6.690441931905e-01	+6.690441931914e-01	1.248e-12	7.313e-11	0	0.977930057	0.979698518	5.134964e-01	1.062171e+00	0
(5,13,0)	-0.312500	2.552544	1.810413e-02	0.368980	0.402031	+3.961922329274e-01	+3.961922329315e-01	1.026e-11	2.880e-10	0	0.977540964	0.980190093	5.115889e-01	1.057694e+00	0
(5,13,0)	-0.312500	2.945243	1.810413e-02	0.368980	0.402031	+2.031425141179e-01	+2.031425141191e-01	6.099e-12	5.154e-10	0	0.977338332	0.980465229	5.105565e-01	1.055264e+00	0
(5,13,0)	-0.187500	0.196350	1.810413e-02	0.368980	0.402031	+1.633349351899e-01	+1.633349351648e-01	1.535e-10	1.333e-09	0	0.999678798	0.999927649	4.642031e-01	1.061954e+00	0
(5,13,0)	-0.187500	0.589049	1.810413e-02	0.368980	0.402031	+3.454669223200e-01	+3.454669223137e-01	1.820e-11	7.171e-10	0	0.999666355	0.999876689	4.652706e-01	1.064451e+00	0
(5,13,0)	-0.187500	0.981748	1.810413e-02	0.368980	0.402031	+6.029070108202e-01	+6.029070107616e-01	9.705e-11	3.185e-10	0	0.999656343	0.999841766	4.672431e-01	1.069050e+00	0
(5,13,0)	-0.187500	1.374447	1.810413e-02	0.368980	0.402031	+7.848503894862e-01	+7.848503894731e-01	1.675e-11	3.010e-10	0	0.999669248	0.999830901	4.698203e-01	1.075030e+00	0
(5,13,0)	-0.187500	1.767146	1.810413e-02	0.368980	0.402031	+7.848503894862e-01	+7.848503894807e-01	7.074e-12	3.010e-10	0	0.999669248	0.999830901	4.698203e-01	1.075030e+00	0
(5,13,0)	-0.187500	2.159845	1.810413e-02	0.368980	0.402031	+6.029070108202e-01	+6.029070107729e-01	7.841e-11	2.296e-10	0	0.999656343	0.999841766	4.672431e-01	1.069050e+00	0
(5,13,0)	-0.187500	2.552544	1.810413e-02	0.368980	0.402031	+3.454669223200e-01	+3.454669223444e-01	7.063e-11	7.989e-10	0	0.999666355	0.999876689	4.652706e-01	1.064451e+00	0
(5,13,0)	-0.187500	2.945243	1.810413e-02	0.368980	0.402031	+1.633349351899e-01	+1.633349351825e-01	4.504e-11	1.333e-09	0	0.999678798	0.999927649	4.642031e-01	1.061954e+00	0
(5,13,0)	-0.062500	0.196350	1.810413e-02	0.368980	0.402031	+1.139205415412e-01	+1.139205415270e-01	1.245e-10	1.052e-09	0	0.974175180	0.976848335	4.179679e-01	1.056551e+00	0
(5,13,0)	-0.062500	0.589049	1.810413e-02	0.368980	0.402031	+2.861774248133e-01	+2.861774247981e-01	5.327e-11	2.743e-10	0	0.974351201	0.976618862	4.190526e-01	1.059101e+00	0
(5,13,0)	-0.062500	0.981748	1.810413e-02	0.368980	0.402031	+5.296781322397e-01	+5.296781322380e-01	3.264e-12	1.119e-10	0	0.974688964	0.976205555	4.210567e-01	1.063798e+00	0
(5,13,0)	-0.062500	1.374447	1.810413e-02	0.368980	0.402031	+7.017833373094e-01	+7.017833373104e-01	1.339e-12	2.699e-11	0	0.975154117	0.975687025	4.236753e-01	1.069903e+00	0
(5,13,0)	-0.062500	1.767146	1.810413e-02	0.368980	0.402031	+7.017833373094e-01	+7.017833373106e-01	1.663e-12	2.739e-11	0	0.975154117	0.975687025	4.236753e-01	1.069903e+00	0
(5,13,0)	-0.062500	2.159845	1.810413e-02	0.368980	0.402031	+5.296781322397e-01	+5.296781322320e-01	1.460e-11	1.391e-10	0	0.974688964	0.976205555	4.210567e-01	1.063798e+00	0
(5,13,0)	-0.062500	2.552544	1.810413e-02	0.368980	0.402031	+2.861774248133e-01	+2.861774247889e-01	8.526e-11	3.862e-10	0	0.974351201	0.976618862	4.190526e-01	1.059101e+00	0
(5,13,0)	-0.062500	2.945243	1.810413e-02	0.368980	0.402031	+1.139205415412e-01	+1.139205415288e-01	1.092e-10	8.915e-10	0	0.974175180	0.976848335	4.179679e-01	1.056551e+00	0
(5,13,0)	0.062500	0.196350	1.810413e-02	0.368980	0.402031	+5.753696937468e-02	+5.753696935665e-02	3.133e-10	7.876e-10	0	0.881440618	0.886564534	3.718454e-01	1.038852e+00	0
(5,13,0)	0.062500	0.589049	1.810413e-02	0.368980	0.402031	+2.173537876339e-01	+2.173537876265e-01	3.404e-11	2.490e-10	0	0.881810042	0.886155121	3.729300e-01	1.041446e+00	0
(5,13,0)	0.062500	0.981748	1.810413e-02	0.368980	0.402031	+4.432856899867e-01	+4.432856899831e-01	8.053e-12	2.548e-10	0	0.882502099	0.885406552	3.749342e-01	1.046222e+00	0
(5,13,0)	0.062500	1.374447	1.810413e-02	0.368980	0.402031	+6.029849021815e-01	+6.029849021817e-01	4.065e-13	3.618e-11	0	0.883424263	0.884444460	3.775528e-01	1.052429e+00	0
(5,13,0)	0.062500	1.767146	1.810413e-02	0.368980	0.402031	+6.029849021815e-01	+6.029849021798e-01	2.733e-12	3.079e-11	0	0.883424263	0.884444460	3.775528e-01	1.052429e+00	0
(5,13,0)	0.062500	2.159845	1.810413e-02	0.368980	0.402031	+4.432856899867e-01	+4.432856899771e-01	2.149e-11	1.511e-10	0	0.882502099	0.885406552	3.749342e-01	1.046222e+00	0
(5,13,0)	0.062500	2.552544	1.810413e-02	0.368980	0.402031	+2.173537876339e-01	+2.173537876433e-01	4.335e-11	2.419e-10	0	0.881810042	0.886155121	3.729300e-01	1.041446e+00	0
(5,13,0)	0.062500	2.945243	1.810413e-02	0.368980	0.402031	+5.753696937468e-02	+5.753696934835e-02	4.577e-10	1.499e-09	0	0.881440618	0.886564534	3.718454e-01	1.038852e+00	0
(5,13,0)	0.187500	0.196350	1.810413e-02	0.368980	0.402031	+3.435544442530e-03	+3.435544438381e-03	1.208e-09	2.078e-08	0	0.739286960	0.745932543	3.258355e-01	1.008211e+00	0
(5,13,0)	0.187500	0.589049	1.810413e-02	0.368980	0.402031	+1.474399303295e-01	+1.474399303427e-01	8.916e-11	4.834e-10	0	0.739779083	0.745413900	3.269030e-01	1.010841e+00	0
(5,13,0)	0.187500	0.981748	1.810413e-02	0.368980	0.402031	+3.510302485571e-01	+3.510302485486e-01	2.429e-11	1.012e-10	0	0.740694771	0.744460745	3.288755e-01	1.015683e+00	0
(5,13,0)	0.187500	1.374447	1.810413e-02	0.368980	0.402031	+4.949461077788e-01	+4.949461077772e-01	3.181e-12	2.855e-11	0	0.741903194	0.743225854	3.314527e-01	1.021975e+00	0
(5,13,0)	0.187500	1.767146	1.810413e-02	0.368980	0.402031	+4.949461077788e-01	+4.949461077801e-01	2.731e-12	3.283e-11	0	0.741903194	0.743225854	3.314527e-01	1.021975e+00	0
(5,13,0)	0.187500	2.159845	1.810413e-02	0.368980	0.402031	+3.510302485571e-01	+3.510302485519e-01	1.484e-11	1.609e-10	0	0.740694771	0.744460745	3.288755e-01	1.015683e+00	0
(5,13,0)	0.187500	2.552544	1.810413e-02	0.368980	0.402031	+1.474399303295e-01	+1.474399303410e-01	7.765e-11	3.851e-10	0	0.739779083	0.745413900	3.269030e-01	1.010841e+00	0
(5,13,0)	0.187500	2.945243	1.810413e-02	0.368980	0.402031	+3.435544442530e-03	+3.435544441610e-03	2.678e-10	1.402e-08	0	0.739286960	0.745932543	3.258355e-01	1.008211e+00	0
(5,13,0)	0.312500	0.196350	1.810413e-02	0.368980	0.402031	-3.905410551652e-02	-3.905410551186e-02	1.194e-10	3.531e-09	0	0.588857379	0.596099722	2.799438e-01	9.634078e-01	0
(5,13,0)	0.312500	0.589049	1.810413e-02	0.368980	0.402031	+8.749251204738e-02	+8.749251204721e-02	1.918e-12	5.963e-10	0	0.589400525	0.595541015	2.809762e-01	9.660695e-01	0
(5,13,0)	0.312500	0.981748	1.810413e-02	0.368980	0.402031	+2.664092082485e-01	+2.664092082293e-01	7.218e-11	1.208e-10	0	0.590407967	0.594511599	2.828837e-01	9.709685e-01	0
(5,13,0)	0.312500	1.374447	1.810413e-02	0.368980	0.402031	+3.928890540448e-01	+3.928890540455e-01	1.778e-12	3.628e-11	0	0.591731437	0.593172611	2.853761e-01	9.773323e-01	0
(5,13,0)	0.312500	1.767146	1.810413e-02	0.368980	0.402031	+3.928890540448e-01	+3.928890540470e-01	5.570e-12	4.509e-11	0	0.591731437	0.593172611	2.853761e-01	9.773323e-01	0
(5,13,0)	0.312500	2.159845	1.810413e-02	0.368980	0.402031	+2.664092082485e-01	+2.664092082318e-01	6.292e-11	1.963e-10	0	0.590407967	0.594511599	2.828837e-01	9.709685e-01	0
(5,13,0)	0.312500	2.552544	1.810413e-02	0.368980	0.402031	+8.749251204738e-02	+8.749251204721e-02	1.918e-12	5.963e-10	0	0.589400525	0.595541015	2.809762e-01	9.660695e-01	0
(5,13,0)	0.312500	2.945243	1.810413e-02	0.368980	0.402031	-3.905410551652e-02	-3.905410551122e-02	1.356e-10	3.531e-09	0	0.588857379	0.596099722	2.799438e-01	9.634078e-01	0
(5,13,0)	0.437500	0.196350	1.810413e-02	0.368980	0.402031	-6.507464935069e-02	-6.507464937408e-02	3.593e-10	1.603e-09	0	0.457274013	0.464471003	2.341832e-01	9.023704e-01	0
(5,13,0)	0.437500	0.589049	1.810413e-02	0.368980	0.402031	+4.395746040666e-02	+4.395746040625e-02	9.357e-12	8.402e-10	0	0.457817575	0.463919451	2.351605e-01	9.050602e-01	0
(5,13,0)	0.437500	0.981748	1.810413e-02	0.368980	0.402031	+1.981147199981e-01	+1.981147199889e-01	4.641e-11	2.854e-10	0	0.458824040	0.462901713	2.369662e-01	9.100093e-01	0
(5,13,0)	0.437500	1.374447	1.810413e-02	0.368980	0.402031	+3.070939363984e-01	+3.070939363987e-01	1.212e-12	6.610e-11	0	0.460142890	0.461574910	2.393255e-01	9.164354e-01	0
(5,13,0)	0.437500	1.767146	1.810413e-02	0.368980	0.402031	+3.070939363984e-01	+3.070939363981e-01	7.247e-13	3.007e-11	0	0.460142890	0.461574910	2.393255e-01	9.164354e-01	0
(5,13,0)	0.437500	2.159845	1.810413e-02	0.368980	0.402031	+1.981147199981e-01	+1.981147199901e-01	4.014e-11	2.154e-10	0	0.458824040	0.462901713	2.369662e-01	9.100093e-01	0
(5,13,0)	0.437500	2.552544	1.810413e-02	0.368980	0.402031	+4.395746040666e-02	+4.395746038359e-02	5.248e-10	7.397e-10	0	0.457817575	0.463919451	2.351605e-01	9.050602e-01	0
(5,13,0)	0.437500	2.945243	1.810413e-02	0.368980	0.402031	-6.507464935069e-02	-6.507464937769e-02	4.148e-10	1.349e-09	0	0.457274013	0.464471003	2.341832e-01	9.023704e-01	0
(5,13,0)	0.562500	0.196350	1.810413e-02	0.368980	0.402031	-7.313666835645e-02	-7.313666834096e-02	2.119e-10	1.914e-09	0	0.351309524	0.358049501	1.885777e-01	8.215610e-01	0
(5,13,0)	0.562500	0.589049	1.810413e-02	0.368980	0.402031	+1.866158478604e-02	+1.866158479195e-02	3.167e-10	6.251e-09	0	0.351820400	0.357534763	1.894762e-01	8.242770e-01	0
(5,13,0)	0.562500	0.981748	1.810413e-02	0.368980	0.402031	+1.484509986528e-01	+1.484509986405e-01	8.294e-11	3.310e-10	0	0.352765526	0.356584200	1.911365e-01	8.292720e-01	0
(5,13,0)	0.562500	1.374447	1.810413e-02	0.368980	0.402031	+2.402027344920e-01	+2.402027344896e-01	9.674e-12	1.371e-10	0	0.354002423	0.355343477	1.933058e-01	8.357534e-01	0
(5,13,0)	0.562500	1.767146	1.810413e-02	0.368980	0.402031	+2.402027344920e-01	+2.402027344922e-01	1.120e-12	7.918e-11	0	0.354002423	0.355343477	1.933058e-01	8.357534e-01	0
(5,13,0)	0.562500	2.159845	1.810413e-02	0.368980	0.402031	+1.484509986528e-01	+1.484509986480e-01	3.247e-11	3.549e-10	0	0.352765526	0.356584200	1.911365e-01	8.292720e-01	0
(5,13,0)	0.562500	2.552544	1.810413e-02	0.368980	0.402031	+1.866158478604e-02	+1.866158480474e-02	1.002e-09	6.251e-09	0	0.351820400	0.357534763	1.894762e-01	8.242770e-01	0
(5,13,0)	0.562500	2.945243	1.810413e-02	0.368980	0.402031	-7.313666835645e-02	-7.313666834975e-02	9.163e-11	1.492e-09	0	0.351309524	0.358049501	1.885777e-01	8.215610e-01	0
(5,13,0)	0.687500	0.196350	1.810413e-02	0.368980	0.402031	-6.220786751212e-02	-6.220786750154e-02	1.702e-10	8.870e-10	0	0.268292887	0.274201586	1.431733e-01	7.144611e-01	0
(5,13,0)	0.687500	0.589049	1.810413e-02	0.368980	0.402031	+1.216965585874e-02	+1.216965584854e-02	8.380e-10	4.658e-09	0	0.268740272	0.273750004	1.439625e-01	7.172034e-01	0
(5,13,0)	0.687500	0.981748	1.810413e-02	0.368980	0.402031	+1.173201976768e-01	+1.173201976769e-01	1.120e-13	5.498e-10	0	0.269568216	0.272916158	1.454208e-01	7.222432e-01	0
(5,13,0)	0.687500	1.374447	1.810413e-02	0.368980	0.402031	+1.916480537148e-01	+1.916480537191e-01	2.239e-11	5.256e-11	0	0.270652226	0.271828002	1.473261e-01	7.287754e-01	0
(5,13,0)	0.687500	1.767146	1.810413e-02	0.368980	0.402031	+1.916480537148e-01	+1.916480537162e-01	7.123e-12	5.736e-11	0	0.270652226	0.271828002	1.473261e-01	7.287754e-01	0
(5,13,0)	0.687500	2.159845	1.810413e-02	0.368980	0.402031	+1.173201976768e-01	+1.173201976647e-01	1.038e-10	5.498e-10	0	0.269568216	0.272916158	1.454208e-01	7.222432e-01	0
(5,13,0)	0.687500	2.552544	1.810413e-02	0.368980	0.402031	+1.216965585874e-02	+1.216965584854e-02	8.380e-10	4.658e-09	0	0.268740272	0.273750004	1.439625e-01	7.172034e-01	0
(5,13,0)	0.687500	2.945243	1.810413e-02	0.368980	0.402031	-6.220786751212e-02	-6.220786749617e-02	2.563e-10	1.379e-09	0	0.268292887	0.274201586	1.431733e-01	7.144611e-01	0
(5,13,0)	0.812500	0.196350	1.810413e-02	0.368980	0.402031	-2.941164736206e-02	-2.941164736026e-02	6.124e-11	1.186e-09	0	0.204617437	0.208926805	9.807321e-02	5.667988e-01	0
(5,13,0)	0.812500	0.589049	1.810413e-02	0.368980	0.402031	+2.733542542554e-02	+2.733542542136e-02	1.529e-10	6.559e-10	0	0.204936445	0.208591080	9.870676e-02	5.695724e-01	0
(5,13,0)	0.812500	0.981748	1.810413e-02	0.368980	0.402031	+1.075267395797e-01	+1.075267395790e-01	6.159e-12	2.563e-10	0	0.205530389	0.207973591	9.987741e-02	5.746619e-01	0
(5,13,0)	0.812500	1.374447	1.810413e-02	0.368980	0.402031	+1.641874904802e-01	+1.641874904804e-01	8.647e-13	8.136e-11	0	0.206314574	0.207172823	1.014069e-01	5.812447e-01	0
(5,13,0)	0.812500	1.767146	1.810413e-02	0.368980	0.402031	+1.641874904802e-01	+1.641874904802e-01	6.745e-14	5.039e-11	0	0.206314574	0.207172823	1.014069e-01	5.812447e-01	0
(5,13,0)	0.812500	2.159845	1.810413e-02	0.368980	0.402031	+1.075267395797e-01	+1.075267395843e-01	4.340e-11	1.950e-10	0	0.205530389	0.207973591	9.987741e-02	5.746619e-01	0
(5,13,0)	0.812500	2.552544	1.810413e-02	0.368980	0.402031	+2.733542542554e-02	+2.733542543958e-02	5.138e-10	1.078e-09	0	0.204936445	0.208591080	9.870676e-02	5.695724e-01	0
(5,13,0)	0.812500	2.945243	1.810413e-02	0.368980	0.402031	-2.941164736206e-02	-2.941164736432e-02	7.690e-11	1.967e-09	0	0.204617437	0.208926805	9.807321e-02	5.667988e-01	0
(5,13,0)	0.937500	0.196350	1.810413e-02	0.368980	0.402031	+1.518398444471e-03	+1.518398440473e-03	2.633e-09	2.836e-08	0	0.168973997	0.171266802	5.362806e-02	3.303429e-01	0
(5,13,0)	0.937500	0.589049	1.810413e-02	0.368980	0.402031	+6.431162521849e-02	+6.431162521726e-02	1.907e-11	6.296e-10	0	0.169075952	0.171006772	5.400624e-02	3.331784e-01	0
(5,13,0)	0.937500	0.981748	1.810413e-02	0.368980	0.402031	+1.524246303327e-01	+1.524246303312e-01	1.003e-11	8.649e-11	0	0.169291277	0.170569269	5.470504e-02	3.383551e-01	0
(5,13,0)	0.937500	1.374447	1.810413e-02	0.368980	0.402031	+2.142482404675e-01	+2.142482404657e-01	8.110e-12	4.095e-11	0	0.169629317	0.170129361	5.561805e-02	3.450017e-01	0
(5,13,0)	0.937500	1.767146	1.810413e-02	0.368980	0.402031	+2.142482404675e-01	+2.142482404658e-01	7.822e-12	3.406e-11	0	0.169629317	0.170129361	5.561805e-02	3.450017e-01	0
(5,13,0)	0.937500	2.159845	1.810413e-02	0.368980	0.402031	+1.524246303327e-01	+1.524246303307e-01	1.303e-11	1.726e-10	0	0.169291277	0.170569269	5.470504e-02	3.383551e-01	0
(5,13,0)	0.937500	2.552544	1.810413e-02	0.368980	0.402031	+6.431162521849e-02	+6.431162522483e-02	9.859e-11	2.490e-10	0	0.169075952	0.171006772	5.400624e-02	3.331784e-01	0
(5,13,0)	0.937500	2.945243	1.810413e-02	0.368980	0.402031	+1.518398444471e-03	+1.518398440264e-03	2.770e-09	1.188e-08	0	0.168973997	0.171266802	5.362806e-02	3.303429e-01	0
(5,13,15)	-0.937500	0.196350	1.810413e-02	0.424908	0.462969	+1.577009181404e+00	+1.577009181385e+00	1.186e-11	6.813e-11	0	0.973116890	0.980679437	8.584595e-01	9.202413e-01	0
(5,13,15)	-0.937500	0.589049	1.810413e-02	0.424908	0.462969	+1.688641031248e+00	+1.688641031216e+00	1.872e-11	1.009e-10	0	0.973677953	0.980088858	8.588950e-01	9.212629e-01	0
(5,13,15)	-0.937500	0.981748	1.810413e-02	0.424908	0.462969	+1.846482289147e+00	+1.846482289146e+00	4.256e-13	5.448e-11	0	0.974720870	0.979004204	8.596997e-01	9.231477e-01	0
(5,13,15)	-0.937500	1.374447	1.810413e-02	0.424908	0.462969	+1.958071691890e+00	+1.958071691886e+00	1.640e-12	1.219e-11	0	0.976095766	0.977599799	8.607512e-01	9.256045e-01	0
(5,13,15)	-0.937500	1.767146	1.810413e-02	0.424908	0.462969	+1.958071691890e+00	+1.958071691882e+00	3.890e-12	1.613e-11	0	0.976095766	0.977599799	8.607512e-01	9.256045e-01	0
(5,13,15)	-0.937500	2.159845	1.810413e-02	0.424908	0.462969	+1.846482289147e+00	+1.846482289148e+00	3.535e-13	5.485e-11	0	0.974720870	0.979004204	8.596997e-01	9.231477e-01	0
(5,13,15)	-0.937500	2.552544	1.810413e-02	0.424908	0.462969	+1.688641031248e+00	+1.688641031220e+00	1.615e-11	1.520e-10	0	0.973677953	0.980088858	8.588950e-01	9.212629e-01	0
(5,13,15)	-0.937500	2.945243	1.810413e-02	0.424908	0.462969	+1.577009181404e+00	+1.577009181388e+00	1.009e-11	8.501e-11	0	0.973116890	0.980679437	8.584595e-01	9.202413e-01	0
(5,13,15)	-0.812500	0.196350	1.810413e-02	0.424908	0.462969	+8.931009889310e-01	+8.931009889224e-01	9.655e-12	1.590e-10	0	0.948368928	0.957161256	8.034144e-01	9.803993e-01	0
(5,13,15)	-0.812500	0.589049	1.810413e-02	0.424908	0.462969	+1.090219814822e+00	+1.090219814817e+00	5.236e-12	9.132e-11	0	0.949010705	0.956463598	8.041439e-01	9.820053e-01	0
(5,13,15)	-0.812500	0.981748	1.810413e-02	0.424908	0.462969	+1.368876112507e+00	+1.368876112480e+00	1.973e-11	6.861e-11	0	0.950208132	0.955187163	8.054920e-01	9.849661e-01	0
(5,13,15)	-0.812500	1.374447	1.810413e-02	0.424908	0.462969	+1.565836842284e+00	+1.565836842281e+00	1.765e-12	2.123e-11	0	0.951795622	0.953543819	8.072534e-01	9.888211e-01	0
(5,13,15)	-0.812500	1.767146	1.810413e-02	0.424908	0.462969	+1.565836842284e+00	+1.565836842284e+00	3.276e-14	3.905e-11	0	0.951795622	0.953543819	8.072534e-01	9.888211e-01	0
(5,13,15)	-0.812500	2.159845	1.810413e-02	0.424908	0.462969	+1.368876112507e+00	+1.368876112498e+00	6.874e-12	6.861e-11	0	0.950208132	0.955187163	8.054920e-01	9.849661e-01	0
(5,13,15)	-0.812500	2.552544	1.810413e-02	0.424908	0.462969	+1.090219814822e+00	+1.090219814828e+00	5.230e-12	6.621e-11	0	0.949010705	0.956463598	8.041439e-01	9.820053e-01	0
(5,13,15)	-0.812500	2.945243	1.810413e-02	0.424908	0.462969	+8.931009889310e-01	+8.931009888977e-01	3.731e-11	1.388e-10	0	0.948368928	0.957161256	8.034144e-01	9.803993e-01	0
(5,13,15)	-0.687500	0.196350	1.810413e-02	0.424908	0.462969	+5.949635766585e-01	+5.949635766169e-01	6.995e-11	2.032e-10	0	0.945688987	0.953352031	7.491235e-01	1.026756e+00	0
(5,13,15)	-0.687500	0.589049	1.810413e-02	0.424908	0.462969	+8.075839147267e-01	+8.075839147287e-01	2.494e-12	2.108e-10	0	0.946240963	0.952736216	7.500323e-01	1.028666e+00	0
(5,13,15)	-0.687500	0.981748	1.810413e-02	0.424908	0.462969	+1.108126405496e+00	+1.108126405485e+00	9.964e-12	1.515e-10	0	0.947274017	0.951612908	7.517116e-01	1.032186e+00	0
(5,13,15)	-0.687500	1.374447	1.810413e-02	0.424908	0.462969	+1.320537403111e+00	+1.320537403113e+00	1.654e-12	3.219e-11	0	0.948649891	0.950173235	7.539057e-01	1.036768e+00	0
(5,13,15)	-0.687500	1.767146	1.810413e-02	0.424908	0.462969	+1.320537403111e+00	+1.320537403109e+00	9.189e-13	2.057e-11	0	0.948649891	0.950173235	7.539057e-01	1.036768e+00	0
(5,13,15)	-0.687500	2.159845	1.810413e-02	0.424908	0.462969	+1.108126405496e+00	+1.108126405481e+00	1.387e-11	1.515e-10	0	0.947274017	0.951612908	7.517116e-01	1.032186e+00	0
(5,13,15)	-0.687500	2.552544	1.810413e-02	0.424908	0.462969	+8.075839147267e-01	+8.075839147287e-01	2.494e-12	2.108e-10	0	0.946240963	0.952736216	7.500323e-01	1.028666e+00	0
(5,13,15)	-0.687500	2.945243	1.810413e-02	0.424908	0.462969	+5.949635766585e-01	+5.949635766199e-01	6.485e-11	2.626e-10	0	0.945688987	0.953352031	7.491235e-01	1.026756e+00	0
(5,13,15)	-0.562500	0.196350	1.810413e-02	0.424908	0.462969	+4.447625785861e-01	+4.447625786272e-01	9.245e-11	1.723e-10	0	0.957784900	0.963638127	6.951828e-01	1.060299e+00	0
(5,13,15)	-0.562500	0.589049	1.810413e-02	0.424908	0.462969	+6.530175967923e-01	+6.530175967890e-01	5.000e-12	8.857e-11	0	0.958198713	0.963159555	6.962176e-01	1.062405e+00	0
(5,13,15)	-0.562500	0.981748	1.810413e-02	0.424908	0.462969	+9.473817388899e-01	+9.473817388933e-01	3.659e-12	3.481e-11	0	0.958976602	0.962290118	6.981295e-01	1.066285e+00	0
(5,13,15)	-0.562500	1.374447	1.810413e-02	0.424908	0.462969	+1.155420564765e+00	+1.155420564766e+00	1.337e-12	2.259e-11	0	0.960019379	0.961182630	7.006276e-01	1.071334e+00	0
(5,13,15)	-0.562500	1.767146	1.810413e-02	0.424908	0.462969	+1.155420564765e+00	+1.155420564767e+00	2.081e-12	2.248e-11	0	0.960019379	0.961182630	7.006276e-01	1.071334e+00	0
(5,13,15)	-0.562500	2.159845	1.810413e-02	0.424908	0.462969	+9.473817388899e-01	+9.473817388838e-01	6.426e-12	5.410e-11	0	0.958976602	0.962290118	6.981295e-01	1.066285e+00	0
(5,13,15)	-0.562500	2.552544	1.810413e-02	0.424908	0.462969	+6.530175967923e-01	+6.530175967685e-01	3.637e-11	1.273e-10	0	0.958198713	0.963159555	6.962176e-01	1.062405e+00	0
(5,13,15)	-0.562500	2.945243	1.810413e-02	0.424908	0.462969	+4.447625785861e-01	+4.447625786199e-01	7.597e-11	1.494e-10	0	0.957784900	0.963638127	6.951828e-01	1.060299e+00	0
(5,13,15)	-0.437500	0.196350	1.810413e-02	0.424908	0.462969	+3.528246913167e-01	+3.528246913280e-01	3.180e-11	4.096e-10	0	0.978000656	0.981698370	6.414740e-01	1.081984e+00	0
(5,13,15)	-0.437500	0.589049	1.810413e-02	0.424908	0.462969	+5.531066035238e-01	+5.531066035390e-01	2.756e-11	1.681e-10	0	0.978251574	0.981385017	6.425994e-01	1.084229e+00	0
(5,13,15)	-0.437500	0.981748	1.810413e-02	0.424908	0.462969	+8.362046904477e-01	+8.362046904618e-01	1.687e-11	1.029e-10	0	0.978727943	0.980820388	6.446788e-01	1.088363e+00	0
(5,13,15)	-0.437500	1.374447	1.810413e-02	0.424908	0.462969	+1.036284016699e+00	+1.036284016700e+00	6.745e-13	3.830e-11	0	0.979375745	0.980110202	6.473957e-01	1.093742e+00	0
(5,13,15)	-0.437500	1.767146	1.810413e-02	0.424908	0.462969	+1.036284016699e+00	+1.036284016709e+00	8.991e-12	2.792e-11	0	0.979375745	0.980110202	6.473957e-01	1.093742e+00	0
(5,13,15)	-0.437500	2.159845	1.810413e-02	0.424908	0.462969	+8.362046904477e-01	+8.362046904420e-01	6.856e-12	9.715e-11	0	0.978727943	0.980820388	6.446788e-01	1.088363e+00	0
(5,13,15)	-0.437500	2.552544	1.810413e-02	0.424908	0.462969	+5.531066035238e-01	+5.531066035351e-01	2.050e-11	2.817e-10	0	0.978251574	0.981385017	6.425994e-01	1.084229e+00	0
(5,13,15)	-0.437500	2.945243	1.810413e-02	0.424908	0.462969	+3.528246913167e-01	+3.528246912948e-01	6.212e-11	4.096e-10	0	0.978000656	0.981698370	6.414740e-01	1.081984e+00	0
(5,13,15)	-0.312500	0.196350	1.810413e-02	0.424908	0.462969	+2.810777655331e-01	+2.810777654888e-01	1.576e-10	5.561e-10	0	0.996317729	0.997594871	5.879437e-01	1.092413e+00	0
(5,13,15)	-0.312500	0.589049	1.810413e-02	0.424908	0.462969	+4.746762141517e-01	+4.746762141265e-01	5.320e-11	2.882e-10	0	0.996386624	0.997468010	5.891325e-01	1.094761e+00	0
(5,13,15)	-0.312500	0.981748	1.810413e-02	0.424908	0.462969	+7.483378500393e-01	+7.483378500115e-01	3.714e-11	1.386e-10	0	0.996525692	0.997247002	5.913292e-01	1.099086e+00	0
(5,13,15)	-0.312500	1.374447	1.810413e-02	0.424908	0.462969	+9.417554796884e-01	+9.417554796905e-01	2.185e-12	5.555e-11	0	0.996730901	0.997017728	5.941993e-01	1.104712e+00	0
(5,13,15)	-0.312500	1.767146	1.810413e-02	0.424908	0.462969	+9.417554796884e-01	+9.417554796810e-01	7.824e-12	7.228e-11	0	0.996730901	0.997017728	5.941993e-01	1.104712e+00	0
(5,13,15)	-0.312500	2.159845	1.810413e-02	0.424908	0.462969	+7.483378500393e-01	+7.483378500102e-01	3.886e-11	1.285e-10	0	0.996525692	0.997247002	5.913292e-01	1.099086e+00	0
(5,13,15)	-0.312500	2.552544	1.810413e-02	0.424908	0.462969	+4.746762141517e-01	+4.746762141265e-01	5.320e-11	2.882e-10	0	0.996386624	0.997468010	5.891325e-01	1.094761e+00	0
(5,13,15)	-0.312500	2.945243	1.810413e-02	0.424908	0.462969	+2.810777655331e-01	+2.810777654894e-01	1.557e-10	8.868e-10	0	0.996317729	0.997594871	5.879437e-01	1.092413e+00	0
(5,13,15)	-0.187500	0.196350	1.810413e-02	0.424908	0.462969	+2.124033935615e-01	+2.124033935416e-01	9.371e-11	8.028e-10	0	0.995321752	0.996643464	5.345642e-01	1.091852e+00	0
(5,13,15)	-0.187500	0.589049	1.810413e-02	0.424908	0.462969	+4.008619861602e-01	+4.008619861643e-01	1.037e-11	1.966e-10	0	0.995396044	0.996517807	5.357935e-01	1.094281e+00	0
(5,13,15)	-0.187500	0.981748	1.810413e-02	0.424908	0.462969	+6.672721789507e-01	+6.672721789385e-01	1.823e-11	1.492e-10	0	0.995545254	0.996295992	5.380650e-01	1.098756e+00	0
(5,13,15)	-0.187500	1.374447	1.810413e-02	0.424908	0.462969	+8.555745693562e-01	+8.555745693542e-01	2.334e-12	2.229e-11	0	0.995763006	0.996057758	5.410329e-01	1.104575e+00	0
(5,13,15)	-0.187500	1.767146	1.810413e-02	0.424908	0.462969	+8.555745693562e-01	+8.555745693554e-01	9.482e-13	2.242e-11	0	0.995763006	0.996057758	5.410329e-01	1.104575e+00	0
(5,13,15)	-0.187500	2.159845	1.810413e-02	0.424908	0.462969	+6.672721789507e-01	+6.672721789460e-01	7.022e-12	8.632e-11	0	0.995545254	0.996295992	5.380650e-01	1.098756e+00	0
(5,13,15)	-0.187500	2.552544	1.810413e-02	0.424908	0.462969	+4.008619861602e-01	+4.008619861536e-01	1.640e-11	2.113e-10	0	0.995396044	0.996517807	5.357935e-01	1.094281e+00	0
(5,13,15)	-0.187500	2.945243	1.810413e-02	0.424908	0.462969	+2.124033935615e-01	+2.124033935684e-01	3.254e-11	8.028e-10	0	0.995321752	0.996643464	5.345642e-01	1.091852e+00	0
(5,13,15)	-0.062500	0.196350	1.810413e-02	0.424908	0.462969	+1.407539344726e-01	+1.407539344654e-01	5.128e-11	1.416e-09	0	0.955585156	0.959451457	4.813210e-01	1.080256e+00	0
(5,13,15)	-0.062500	0.589049	1.810413e-02	0.424908	0.462969	+3.236979598145e-01	+3.236979598175e-01	9.303e-12	3.775e-10	0	0.955857618	0.959136472	4.825701e-01	1.082750e+00	0
(5,13,15)	-0.062500	0.981748	1.810413e-02	0.424908	0.462969	+5.823272255736e-01	+5.823272255719e-01	2.805e-12	1.178e-10	0	0.956371017	0.958562975	4.848780e-01	1.087345e+00	0
(5,13,15)	-0.062500	1.374447	1.810413e-02	0.424908	0.462969	+7.651402828695e-01	+7.651402828673e-01	2.866e-12	3.335e-11	0	0.957060768	0.957830754	4.878935e-01	1.093319e+00	0
(5,13,15)	-0.062500	1.767146	1.810413e-02	0.424908	0.462969	+7.651402828695e-01	+7.651402828716e-01	2.818e-12	1.757e-11	0	0.957060768	0.957830754	4.878935e-01	1.093319e+00	0
(5,13,15)	-0.062500	2.159845	1.810413e-02	0.424908	0.462969	+5.823272255736e-01	+5.823272255698e-01	6.506e-12	1.497e-10	0	0.956371017	0.958562975	4.848780e-01	1.087345e+00	0
(5,13,15)	-0.062500	2.552544	1.810413e-02	0.424908	0.462969	+3.236979598145e-01	+3.236979598209e-01	1.990e-11	3.454e-10	0	0.955857618	0.959136472	4.825701e-01	1.082750e+00	0
(5,13,15)	-0.062500	2.945243	1.810413e-02	0.424908	0.462969	+1.407539344726e-01	+1.407539344753e-01	1.856e-11	8.006e-10	0	0.955585156	0.959451457	4.813210e-01	1.080256e+00	0
(5,13,15)	0.062500	0.196350	1.810413e-02	0.424908	0.462969	+6.824406199191e-02	+6.824406199491e-02	4.397e-11	2.162e-09	0	0.868637691	0.874617475	4.282075e-01	1.057248e+00	0
(5,13,15)	0.062500	0.589049	1.810413e-02	0.424908	0.462969	+2.430438165448e-01	+2.430438165337e-01	4.561e-11	4.074e-10	0	0.869076327	0.874146747	4.294565e-01	1.059797e+00	0
(5,13,15)	0.062500	0.981748	1.810413e-02	0.424908	0.462969	+4.901724852245e-01	+4.901724852177e-01	1.384e-11	1.866e-10	0	0.869894414	0.873283310	4.317645e-01	1.064490e+00	0
(5,13,15)	0.062500	1.374447	1.810413e-02	0.424908	0.462969	+6.648655042168e-01	+6.648655042180e-01	1.757e-12	2.405e-11	0	0.870977712	0.872167969	4.347800e-01	1.070591e+00	0
(5,13,15)	0.062500	1.767146	1.810413e-02	0.424908	0.462969	+6.648655042168e-01	+6.648655042219e-01	7.654e-12	2.343e-11	0	0.870977712	0.872167969	4.347800e-01	1.070591e+00	0
(5,13,15)	0.062500	2.159845	1.810413e-02	0.424908	0.462969	+4.901724852245e-01	+4.901724852155e-01	1.840e-11	1.434e-10	0	0.869894414	0.873283310	4.317645e-01	1.064490e+00	0
(5,13,15)	0.062500	2.552544	1.810413e-02	0.424908	0.462969	+2.430438165448e-01	+2.430438165460e-01	4.970e-12	2.924e-10	0	0.869076327	0.874146747	4.294565e-01	1.059797e+00	0
(5,13,15)	0.062500	2.945243	1.810413e-02	0.424908	0.462969	+6.824406199191e-02	+6.824406199297e-02	1.555e-11	1.240e-09	0	0.868637691	0.874617475	4.282075e-01	1.057248e+00	0
(5,13,15)	0.187500	0.196350	1.810413e-02	0.424908	0.462969	+2.269952503075e-03	+2.269952501257e-03	8.012e-10	5.279e-07	0	0.746349579	0.753710294	3.752237e-01	1.022057e+00	0
(5,13,15)	0.187500	0.589049	1.810413e-02	0.424908	0.462969	+1.653865503238e-01	+1.653865503150e-01	5.322e-11	7.957e-10	0	0.746898638	0.753139574	3.764530e-01	1.024652e+00	0
(5,13,15)	0.187500	0.981748	1.810413e-02	0.424908	0.462969	+3.960077533324e-01	+3.960077533330e-01	1.464e-12	8.471e-11	0	0.747918387	0.752089224	3.787245e-01	1.029429e+00	0
(5,13,15)	0.187500	1.374447	1.810413e-02	0.424908	0.462969	+5.590388387999e-01	+5.590388388073e-01	1.322e-11	4.104e-11	0	0.749260599	0.750725395	3.816923e-01	1.035638e+00	0
(5,13,15)	0.187500	1.767146	1.810413e-02	0.424908	0.462969	+5.590388387999e-01	+5.590388388056e-01	1.031e-11	5.155e-11	0	0.749260599	0.750725395	3.816923e-01	1.035638e+00	0
(5,13,15)	0.187500	2.159845	1.810413e-02	0.424908	0.462969	+3.960077533324e-01	+3.960077533253e-01	1.780e-11	1.408e-10	0	0.747918387	0.752089224	3.787245e-01	1.029429e+00	0
(5,13,15)	0.187500	2.552544	1.810413e-02	0.424908	0.462969	+1.653865503238e-01	+1.653865503229e-01	5.043e-12	4.620e-10	0	0.746898638	0.753139574	3.764530e-01	1.024652e+00	0
(5,13,15)	0.187500	2.945243	1.810413e-02	0.424908	0.462969	+2.269952503079e-03	+2.269952504620e-03	6.789e-10	5.638e-08	0	0.746349579	0.753710294	3.752237e-01	1.022057e+00	0
(5,13,15)	0.312500	0.196350	1.810413e-02	0.424908	0.462969	-4.936362811368e-02	-4.936362812005e-02	1.291e-10	1.448e-09	0	0.613883649	0.621863408	3.223761e-01	9.733790e-01	0
(5,13,15)	0.312500	0.589049	1.810413e-02	0.424908	0.462969	+9.916129363365e-02	+9.916129361998e-02	1.379e-10	6.101e-10	0	0.614484341	0.621249908	3.235649e-01	9.760135e-01	0
(5,13,15)	0.312500	0.981748	1.810413e-02	0.424908	0.462969	+3.091583266448e-01	+3.091583266187e-01	8.470e-11	1.778e-10	0	0.615597469	0.620118695	3.257616e-01	9.808628e-01	0
(5,13,15)	0.312500	1.374447	1.810413e-02	0.424908	0.462969	+4.576141006779e-01	+4.576141006777e-01	5.722e-13	6.557e-11	0	0.617057799	0.618645596	3.286317e-01	9.871629e-01	0
(5,13,15)	0.312500	1.767146	1.810413e-02	0.424908	0.462969	+4.576141006779e-01	+4.576141006765e-01	3.112e-12	4.692e-11	0	0.617057799	0.618645596	3.286317e-01	9.871629e-01	0
(5,13,15)	0.312500	2.159845	1.810413e-02	0.424908	0.462969	+3.091583266448e-01	+3.091583266286e-01	5.255e-11	2.017e-10	0	0.615597469	0.620118695	3.257616e-01	9.808628e-01	0
(5,13,15)	0.312500	2.552544	1.810413e-02	0.424908	0.462969	+9.916129363365e-02	+9.916129361998e-02	1.379e-10	6.101e-10	0	0.614484341	0.621249908	3.235649e-01	9.760135e-01	0
(5,13,15)	0.312500	2.945243	1.810413e-02	0.424908	0.462969	-4.936362811368e-02	-4.936362812449e-02	2.189e-10	1.448e-09	0	0.613883649	0.621863408	3.223761e-01	9.733790e-01	0
(5,13,15)	0.437500	0.196350	1.810413e-02	0.424908	0.462969	-8.174134162064e-02	-8.174134163367e-02	1.594e-10	1.615e-09	0	0.491206594	0.499204811	2.696793e-01	9.090829e-01	0
(5,13,15)	0.437500	0.589049	1.810413e-02	0.424908	0.462969	+5.025502188947e-02	+5.025502188039e-02	1.808e-10	1.089e-09	0	0.491811966	0.498593058	2.708047e-01	9.117529e-01	0
(5,13,15)	0.437500	0.981748	1.810413e-02	0.424908	0.462969	+2.368845815121e-01	+2.368845815156e-01	1.496e-11	2.620e-10	0	0.492932271	0.497463754	2.728841e-01	9.166659e-01	0
(5,13,15)	0.437500	1.374447	1.810413e-02	0.424908	0.462969	+3.688223130095e-01	+3.688223130101e-01	1.825e-12	6.839e-11	0	0.494399155	0.495990525	2.756010e-01	9.230456e-01	0
(5,13,15)	0.437500	1.767146	1.810413e-02	0.424908	0.462969	+3.688223130095e-01	+3.688223130096e-01	5.339e-13	2.809e-11	0	0.494399155	0.495990525	2.756010e-01	9.230456e-01	0
(5,13,15)	0.437500	2.159845	1.810413e-02	0.424908	0.462969	+2.368845815121e-01	+2.368845814917e-01	8.612e-11	2.035e-10	0	0.492932271	0.497463754	2.728841e-01	9.166659e-01	0
(5,13,15)	0.437500	2.552544	1.810413e-02	0.424908	0.462969	+5.025502188947e-02	+5.025502189414e-02	9.282e-11	1.675e-09	0	0.491811966	0.498593058	2.708047e-01	9.117529e-01	0
(5,13,15)	0.437500	2.945243	1.810413e-02	0.424908	0.462969	-8.174134162064e-02	-8.174134162878e-02	9.949e-11	1.514e-09	0	0.491206594	0.499204811	2.696793e-01	9.090829e-01	0
(5,13,15)	0.562500	0.196350	1.810413e-02	0.424908	0.462969	-9.245290990615e-02	-9.245290988950e-02	1.801e-10	6.795e-10	0	0.386594355	0.394165296	2.171611e-01	8.256005e-01	0
(5,13,15)	0.562500	0.589049	1.810413e-02	0.424908	0.462969	+2.148516864262e-02	+2.148516863095e-02	5.430e-10	2.533e-09	0	0.387168974	0.393587795	2.181959e-01	8.283033e-01	0
(5,13,15)	0.562500	0.981748	1.810413e-02	0.424908	0.462969	+1.825792335564e-01	+1.825792335627e-01	3.485e-11	2.564e-10	0	0.388231672	0.392521049	2.201078e-01	8.332742e-01	0
(5,13,15)	0.562500	1.374447	1.810413e-02	0.424908	0.462969	+2.964626109643e-01	+2.964626109617e-01	8.813e-12	9.571e-11	0	0.389621767	0.391128110	2.226059e-01	8.397247e-01	0
(5,13,15)	0.562500	1.767146	1.810413e-02	0.424908	0.462969	+2.964626109643e-01	+2.964626109617e-01	8.827e-12	7.232e-11	0	0.389621767	0.391128110	2.226059e-01	8.397247e-01	0
(5,13,15)	0.562500	2.159845	1.810413e-02	0.424908	0.462969	+1.825792335564e-01	+1.825792335483e-01	4.418e-11	3.473e-10	0	0.388231672	0.392521049	2.201078e-01	8.332742e-01	0
(5,13,15)	0.562500	2.552544	1.810413e-02	0.424908	0.462969	+2.148516864262e-02	+2.148516863677e-02	2.724e-10	2.208e-09	0	0.387168974	0.393587795	2.181959e-01	8.283033e-01	0
(5,13,15)	0.562500	2.945243	1.810413e-02	0.424908	0.462969	-9.245290990616e-02	-9.245290987376e-02	3.504e-10	1.004e-09	0	0.386594355	0.394165296	2.171611e-01	8.256005e-01	0
(5,13,15)	0.687500	0.196350	1.810413e-02	0.424908	0.462969	-7.928107545748e-02	-7.928107546870e-02	1.414e-10	1.183e-09	0	0.300716092	0.307415694	1.648747e-01	7.164147e-01	0
(5,13,15)	0.687500	0.589049	1.810413e-02	0.424908	0.462969	+1.486871359616e-02	+1.486871359172e-02	2.986e-10	6.814e-09	0	0.301223804	0.306904069	1.657835e-01	7.191496e-01	0
(5,13,15)	0.687500	0.981748	1.810413e-02	0.424908	0.462969	+1.479733048600e-01	+1.479733048501e-01	6.645e-11	3.815e-10	0	0.302163182	0.305959195	1.674628e-01	7.241758e-01	0
(5,13,15)	0.687500	1.374447	1.810413e-02	0.424908	0.462969	+2.420619024913e-01	+2.420619024909e-01	1.466e-12	6.482e-11	0	0.303392696	0.304725823	1.696569e-01	7.306908e-01	0
(5,13,15)	0.687500	1.767146	1.810413e-02	0.424908	0.462969	+2.420619024913e-01	+2.420619024933e-01	8.268e-12	6.482e-11	0	0.303392696	0.304725823	1.696569e-01	7.306908e-01	0
(5,13,15)	0.687500	2.159845	1.810413e-02	0.424908	0.462969	+1.479733048600e-01	+1.479733048609e-01	6.056e-12	4.690e-10	0	0.302163182	0.305959195	1.674628e-01	7.241758e-01	0
(5,13,15)	0.687500	2.552544	1.810413e-02	0.424908	0.462969	+1.486871359616e-02	+1.486871359172e-02	2.986e-10	6.814e-09	0	0.301223804	0.306904069	1.657835e-01	7.191496e-01	0
(5,13,15)	0.687500	2.945243	1.810413e-02	0.424908	0.462969	-7.928107545748e-02	-7.928107547058e-02	1.653e-10	6.512e-10	0	0.300716092	0.307415694	1.648747e-01	7.164147e-01	0
(5,13,15)	0.812500	0.196350	1.810413e-02	0.424908	0.462969	-3.773416647386e-02	-3.773416648768e-02	3.663e-10	1.144e-09	0	0.232523677	0.237445379	1.129386e-01	5.673141e-01	0
(5,13,15)	0.812500	0.589049	1.810413e-02	0.424908	0.462969	+3.527220324753e-02	+3.527220325515e-02	2.160e-10	1.549e-09	0	0.232888246	0.237062155	1.136681e-01	5.700851e-01	0
(5,13,15)	0.812500	0.981748	1.810413e-02	0.424908	0.462969	+1.384406811512e-01	+1.384406811392e-01	8.693e-11	5.651e-10	0	0.233566902	0.236357226	1.150162e-01	5.751702e-01	0
(5,13,15)	0.812500	1.374447	1.810413e-02	0.424908	0.462969	+2.113367997162e-01	+2.113367997165e-01	9.780e-13	4.591e-11	0	0.234462723	0.235442903	1.167776e-01	5.817471e-01	0
(5,13,15)	0.812500	1.767146	1.810413e-02	0.424908	0.462969	+2.113367997162e-01	+2.113367997161e-01	8.882e-13	4.591e-11	0	0.234462723	0.235442903	1.167776e-01	5.817471e-01	0
(5,13,15)	0.812500	2.159845	1.810413e-02	0.424908	0.462969	+1.384406811512e-01	+1.384406811370e-01	1.024e-10	2.757e-10	0	0.233566902	0.236357226	1.150162e-01	5.751702e-01	0
(5,13,15)	0.812500	2.552544	1.810413e-02	0.424908	0.462969	+3.527220324753e-02	+3.527220324151e-02	1.707e-10	1.594e-09	0	0.232888246	0.237062155	1.136681e-01	5.700851e-01	0
(5,13,15)	0.812500	2.945243	1.810413e-02	0.424908	0.462969	-3.773416647386e-02	-3.773416649552e-02	5.741e-10	1.263e-09	0	0.232523677	0.237445379	1.129386e-01	5.673141e-01	0
(5,13,15)	0.937500	0.196350	1.810413e-02	0.424908	0.462969	+2.105874819441e-03	+2.105874822702e-03	1.549e-09	2.036e-08	0	0.193883710	0.196511110	6.175668e-02	3.303739e-01	0
(5,13,15)	0.937500	0.589049	1.810413e-02	0.424908	0.462969	+8.390088930020e-02	+8.390088930687e-02	7.958e-11	3.676e-10	0	0.194000483	0.196213064	6.219219e-02	3.332091e-01	0
(5,13,15)	0.937500	0.981748	1.810413e-02	0.424908	0.462969	+1.986805958947e-01	+1.986805958943e-01	1.745e-12	1.711e-10	0	0.194247143	0.195711622	6.299690e-02	3.383853e-01	0
(5,13,15)	0.937500	1.374447	1.810413e-02	0.424908	0.462969	+2.792166683806e-01	+2.792166683778e-01	9.943e-12	2.778e-11	0	0.194634446	0.195207670	6.404831e-02	3.450314e-01	0
(5,13,15)	0.937500	1.767146	1.810413e-02	0.424908	0.462969	+2.792166683806e-01	+2.792166683755e-01	1.813e-11	4.517e-11	0	0.194634446	0.195207670	6.404831e-02	3.450314e-01	0
(5,13,15)	0.937500	2.159845	1.810413e-02	0.424908	0.462969	+1.986805958947e-01	+1.986805958979e-01	1.629e-11	9.094e-11	0	0.194247143	0.195711622	6.299690e-02	3.383853e-01	0
(5,13,15)	0.937500	2.552544	1.810413e-02	0.424908	0.462969	+8.390088930020e-02	+8.390088929938e-02	9.667e-12	6.908e-10	0	0.194000483	0.196213064	6.219219e-02	3.332091e-01	0
(5,13,15)	0.937500	2.945243	1.810413e-02	0.424908	0.462969	+2.105874819441e-03	+2.105874819694e-03	1.200e-10	3.391e-08	0	0.193883710	0.196511110	6.175668e-02	3.303739e-01	0
(5,14,0)	-0.937500	0.196350	1.082047e-02	0.369026	0.402031	+1.527667811101e+00	+1.527667811133e+00	2.072e-11	1.917e-10	0	0.955337614	0.961981566	7.465089e-01	8.186804e-01	0
(5,14,0)	-0.937500	0.589049	1.082047e-02	0.369026	0.402031	+1.701637845052e+00	+1.701637845055e+00	1.495e-12	1.475e-10	0	0.955834328	0.961466654	7.467349e-01	8.193668e-01	0
(5,14,0)	-0.937500	0.981748	1.082047e-02	0.369026	0.402031	+1.947641677446e+00	+1.947641677432e+00	7.489e-12	3.248e-11	0	0.956755993	0.960519256	7.471526e-01	8.206337e-01	0
(5,14,0)	-0.937500	1.374447	1.082047e-02	0.369026	0.402031	+2.121573602194e+00	+2.121573602191e+00	1.773e-12	1.582e-11	0	0.957967803	0.959289251	7.476983e-01	8.222861e-01	0
(5,14,0)	-0.937500	1.767146	1.082047e-02	0.369026	0.402031	+2.121573602194e+00	+2.121573602189e+00	2.544e-12	1.582e-11	0	0.957967803	0.959289251	7.476983e-01	8.222861e-01	0
(5,14,0)	-0.937500	2.159845	1.082047e-02	0.369026	0.402031	+1.947641677446e+00	+1.947641677436e+00	5.101e-12	4.799e-11	0	0.956755993	0.960519256	7.471526e-01	8.206337e-01	0
(5,14,0)	-0.937500	2.552544	1.082047e-02	0.369026	0.402031	+1.701637845052e+00	+1.701637845070e+00	1.017e-11	3.499e-11	0	0.955834328	0.961466654	7.467349e-01	8.193668e-01	0
(5,14,0)	-0.937500	2.945243	1.082047e-02	0.369026	0.402031	+1.527667811101e+00	+1.527667811134e+00	2.138e-11	1.372e-10	0	0.955337614	0.961981566	7.465089e-01	8.186804e-01	0
(5,14,0)	-0.812500	0.196350	1.082047e-02	0.369026	0.402031	+6.690602121471e-01	+6.690602121316e-01	2.326e-11	2.469e-10	0	0.910814788	0.918067338	6.993780e-01	9.008628e-01	0
(5,14,0)	-0.812500	0.589049	1.082047e-02	0.369026	0.402031	+9.320890348235e-01	+9.320890347942e-01	3.144e-11	1.160e-10	0	0.911352107	0.917500191	6.997567e-01	9.019077e-01	0
(5,14,0)	-0.812500	0.981748	1.082047e-02	0.369026	0.402031	+1.303990651549e+00	+1.303990651537e+00	9.148e-12	1.202e-10	0	0.912351207	0.916458913	7.004564e-01	9.038353e-01	0
(5,14,0)	-0.812500	1.374447	1.082047e-02	0.369026	0.402031	+1.566910153099e+00	+1.566910153106e+00	4.492e-12	1.867e-11	0	0.913668971	0.915111328	7.013705e-01	9.063476e-01	0
(5,14,0)	-0.812500	1.767146	1.082047e-02	0.369026	0.402031	+1.566910153099e+00	+1.566910153096e+00	2.274e-12	1.532e-11	0	0.913668971	0.915111328	7.013705e-01	9.063476e-01	0
(5,14,0)	-0.812500	2.159845	1.082047e-02	0.369026	0.402031	+1.303990651549e+00	+1.303990651538e+00	8.387e-12	7.766e-11	0	0.912351207	0.916458913	7.004564e-01	9.038353e-01	0
(5,14,0)	-0.812500	2.552544	1.082047e-02	0.369026	0.402031	+9.320890348235e-01	+9.320890348162e-01	7.876e-12	1.330e-10	0	0.911352107	0.917500191	6.997567e-01	9.019077e-01	0
(5,14,0)	-0.812500	2.945243	1.082047e-02	0.369026	0.402031	+6.690602121471e-01	+6.690602121251e-01	3.294e-11	2.469e-10	0	0.910814788	0.918067338	6.993780e-01	9.008628e-01	0
(5,14,0)	-0.687500	0.196350	1.082047e-02	0.369026	0.402031	+3.918396032055e-01	+3.918396031944e-01	2.829e-11	4.244e-10	0	0.900517963	0.906733651	6.526386e-01	9.636484e-01	0
(5,14,0)	-0.687500	0.589049	1.082047e-02	0.369026	0.402031	+6.465963419095e-01	+6.465963418984e-01	1.718e-11	1.724e-10	0	0.900975684	0.906244708	6.531103e-01	9.648652e-01	0
(5,14,0)	-0.687500	0.981748	1.082047e-02	0.369026	0.402031	+1.006790336087e+00	+1.006790336080e+00	6.865e-12	1.217e-10	0	0.901827979	0.905348267	6.539819e-01	9.671094e-01	0
(5,14,0)	-0.687500	1.374447	1.082047e-02	0.369026	0.402031	+1.261424847759e+00	+1.261424847762e+00	2.197e-12	2.208e-11	0	0.902954481	0.904190552	6.551207e-01	9.700339e-01	0
(5,14,0)	-0.687500	1.767146	1.082047e-02	0.369026	0.402031	+1.261424847759e+00	+1.261424847762e+00	2.173e-12	4.377e-11	0	0.902954481	0.904190552	6.551207e-01	9.700339e-01	0
(5,14,0)	-0.687500	2.159845	1.082047e-02	0.369026	0.402031	+1.006790336087e+00	+1.006790336083e+00	4.641e-12	6.132e-11	0	0.901827979	0.905348267	6.539819e-01	9.671094e-01	0
(5,14,0)	-0.687500	2.552544	1.082047e-02	0.369026	0.402031	+6.465963419095e-01	+6.465963418984e-01	1.718e-11	1.724e-10	0	0.900975684	0.906244708	6.531103e-01	9.648652e-01	0
(5,14,0)	-0.687500	2.945243	1.082047e-02	0.369026	0.402031	+3.918396032055e-01	+3.918396031918e-01	3.486e-11	5.416e-10	0	0.900517963	0.906733651	6.526386e-01	9.636484e-01	0
(5,14,0)	-0.562500	0.196350	1.082047e-02	0.369026	0.402031	+2.882197503145e-01	+2.882197503321e-01	6.084e-11	4.873e-10	0	0.913419501	0.918306184	6.060810e-01	1.010143e+00	0
(5,14,0)	-0.562500	0.589049	1.082047e-02	0.369026	0.402031	+5.186069577464e-01	+5.186069577393e-01	1.363e-11	2.138e-10	0	0.913776652	0.917918993	6.066181e-01	1.011464e+00	0
(5,14,0)	-0.562500	0.981748	1.082047e-02	0.369026	0.402031	+8.443441918729e-01	+8.443441918646e-01	9.747e-12	1.451e-10	0	0.914442856	0.917210312	6.076104e-01	1.013902e+00	0
(5,14,0)	-0.562500	1.374447	1.082047e-02	0.369026	0.402031	+1.074619017397e+00	+1.074619017403e+00	5.768e-12	2.268e-11	0	0.915325714	0.916297424	6.089070e-01	1.017077e+00	0
(5,14,0)	-0.562500	1.767146	1.082047e-02	0.369026	0.402031	+1.074619017397e+00	+1.074619017400e+00	2.790e-12	3.559e-11	0	0.915325714	0.916297424	6.089070e-01	1.017077e+00	0
(5,14,0)	-0.562500	2.159845	1.082047e-02	0.369026	0.402031	+8.443441918729e-01	+8.443441918666e-01	7.346e-12	1.122e-10	0	0.914442856	0.917210312	6.076104e-01	1.013902e+00	0
(5,14,0)	-0.562500	2.552544	1.082047e-02	0.369026	0.402031	+5.186069577464e-01	+5.186069577385e-01	1.531e-11	2.297e-10	0	0.913776652	0.917918993	6.066181e-01	1.011464e+00	0
(5,14,0)	-0.562500	2.945243	1.082047e-02	0.369026	0.402031	+2.882197503145e-01	+2.882197503423e-01	9.655e-11	9.073e-10	0	0.913419501	0.918306184	6.060810e-01	1.010143e+00	0
(5,14,0)	-0.437500	0.196350	1.082047e-02	0.369026	0.402031	+2.391801763732e-01	+2.391801763795e-01	2.655e-11	5.415e-10	0	0.942556374	0.945999586	5.596437e-01	1.042381e+00	0
(5,14,0)	-0.437500	0.589049	1.082047e-02	0.369026	0.402031	+4.478340762589e-01	+4.478340762905e-01	7.060e-11	2.334e-10	0	0.942804586	0.945723219	5.602278e-01	1.043773e+00	0
(5,14,0)	-0.437500	0.981748	1.082047e-02	0.369026	0.402031	+7.428466467581e-01	+7.428466467675e-01	1.260e-11	1.129e-10	0	0.943269092	0.945218900	5.613071e-01	1.046342e+00	0
(5,14,0)	-0.437500	1.374447	1.082047e-02	0.369026	0.402031	+9.514035421346e-01	+9.514035421378e-01	3.308e-12	4.618e-11	0	0.943887627	0.944572219	5.627172e-01	1.049689e+00	0
(5,14,0)	-0.437500	1.767146	1.082047e-02	0.369026	0.402031	+9.514035421346e-01	+9.514035421366e-01	2.093e-12	6.067e-11	0	0.943887627	0.944572219	5.627172e-01	1.049689e+00	0
(5,14,0)	-0.437500	2.159845	1.082047e-02	0.369026	0.402031	+7.428466467582e-01	+7.428466467701e-01	1.608e-11	3.660e-11	0	0.943269092	0.945218900	5.613071e-01	1.046342e+00	0
(5,14,0)	-0.437500	2.552544	1.082047e-02	0.369026	0.402031	+4.478340762589e-01	+4.478340762642e-01	1.191e-11	2.258e-10	0	0.942804586	0.945723219	5.602278e-01	1.043773e+00	0
(5,14,0)	-0.437500	2.945243	1.082047e-02	0.369026	0.402031	+2.391801763732e-01	+2.391801763846e-01	4.759e-11	5.415e-10	0	0.942556374	0.945999586	5.596437e-01	1.042381e+00	0
(5,14,0)	-0.312500	0.196350	1.082047e-02	0.369026	0.402031	+2.031052655225e-01	+2.031052655022e-01	9.969e-11	3.969e-10	0	0.977982085	0.979851277	5.132991e-01	1.061597e+00	0
(5,14,0)	-0.312500	0.589049	1.082047e-02	0.369026	0.402031	+3.961474715796e-01	+3.961474715640e-01	3.943e-11	2.139e-10	0	0.978111606	0.979695862	5.139161e-01	1.063042e+00	0
(5,14,0)	-0.312500	0.981748	1.082047e-02	0.369026	0.402031	+6.690926556143e-01	+6.690926556157e-01	2.090e-12	5.953e-11	0	0.978356318	0.979414536	5.150562e-01	1.065706e+00	0
(5,14,0)	-0.312500	1.374447	1.082047e-02	0.369026	0.402031	+8.620532455477e-01	+8.620532455360e-01	1.356e-11	3.003e-11	0	0.978686729	0.979058240	5.165459e-01	1.069177e+00	0
(5,14,0)	-0.312500	1.767146	1.082047e-02	0.369026	0.402031	+8.620532455477e-01	+8.620532455490e-01	1.587e-12	4.596e-11	0	0.978686729	0.979058240	5.165459e-01	1.069177e+00	0
(5,14,0)	-0.312500	2.159845	1.082047e-02	0.369026	0.402031	+6.690926556143e-01	+6.690926556305e-01	2.429e-11	8.106e-11	0	0.978356318	0.979414536	5.150562e-01	1.065706e+00	0
(5,14,0)	-0.312500	2.552544	1.082047e-02	0.369026	0.402031	+3.961474715796e-01	+3.961474715640e-01	3.943e-11	2.139e-10	0	0.978111606	0.979695862	5.139161e-01	1.063042e+00	0
(5,14,0)	-0.312500	2.945243	1.082047e-02	0.369026	0.402031	+2.031052655225e-01	+2.031052654869e-01	1.752e-10	3.890e-10	0	0.977982085	0.979851277	5.132991e-01	1.061597e+00	0
(5,14,0)	-0.187500	0.196350	1.082047e-02	0.369026	0.402031	+1.633147655339e-01	+1.633147654947e-01	2.400e-10	2.239e-09	0	0.999746472	0.999895536	4.670328e-01	1.068462e+00	0
(5,14,0)	-0.187500	0.589049	1.082047e-02	0.369026	0.402031	+3.454396245326e-01	+3.454396245716e-01	1.130e-10	8.048e-10	0	0.999746493	0.999872514	4.676708e-01	1.069946e+00	0
(5,14,0)	-0.187500	0.981748	1.082047e-02	0.369026	0.402031	+6.029553990149e-01	+6.029553989884e-01	4.382e-11	2.216e-10	0	0.999751305	0.999842437	4.688498e-01	1.072683e+00	0
(5,14,0)	-0.187500	1.374447	1.082047e-02	0.369026	0.402031	+7.850128537253e-01	+7.850128537156e-01	1.237e-11	3.051e-10	0	0.999767062	0.999831615	4.703901e-01	1.076249e+00	0
(5,14,0)	-0.187500	1.767146	1.082047e-02	0.369026	0.402031	+7.850128537253e-01	+7.850128537058e-01	2.485e-11	2.719e-10	0	0.999767062	0.999831615	4.703901e-01	1.076249e+00	0
(5,14,0)	-0.187500	2.159845	1.082047e-02	0.369026	0.402031	+6.029553990149e-01	+6.029553990214e-01	1.076e-11	1.937e-10	0	0.999751305	0.999842437	4.688498e-01	1.072683e+00	0
(5,14,0)	-0.187500	2.552544	1.082047e-02	0.369026	0.402031	+3.454396245326e-01	+3.454396245661e-01	9.713e-11	8.415e-10	0	0.999746493	0.999872514	4.676708e-01	1.069946e+00	0
(5,14,0)	-0.187500	2.945243	1.082047e-02	0.369026	0.402031	+1.633147655339e-01	+1.633147654952e-01	2.374e-10	2.239e-09	0	0.999746472	0.999895536	4.670328e-01	1.068462e+00	0
(5,14,0)	-0.062500	0.196350	1.082047e-02	0.369026	0.402031	+1.139127871030e-01	+1.139127871088e-01	5.094e-11	5.124e-10	0	0.974732503	0.976329844	4.208372e-01	1.063195e+00	0
(5,14,0)	-0.062500	0.589049	1.082047e-02	0.369026	0.402031	+2.861638651960e-01	+2.861638652085e-01	4.344e-11	2.487e-10	0	0.974844391	0.976198866	4.214854e-01	1.064711e+00	0
(5,14,0)	-0.062500	0.981748	1.082047e-02	0.369026	0.402031	+5.297253375106e-01	+5.297253374962e-01	2.707e-11	1.401e-10	0	0.975055470	0.975960797	4.226833e-01	1.067506e+00	0
(5,14,0)	-0.062500	1.374447	1.082047e-02	0.369026	0.402031	+7.019222077450e-01	+7.019222077417e-01	4.616e-12	1.900e-11	0	0.975339602	0.975657584	4.242484e-01	1.071146e+00	0
(5,14,0)	-0.062500	1.767146	1.082047e-02	0.369026	0.402031	+7.019222077450e-01	+7.019222077475e-01	3.557e-12	2.222e-11	0	0.975339602	0.975657584	4.242484e-01	1.071146e+00	0
(5,14,0)	-0.062500	2.159845	1.082047e-02	0.369026	0.402031	+5.297253375106e-01	+5.297253375053e-01	9.921e-12	1.433e-10	0	0.975055470	0.975960797	4.226833e-01	1.067506e+00	0
(5,14,0)	-0.062500	2.552544	1.082047e-02	0.369026	0.402031	+2.861638651960e-01	+2.861638652090e-01	4.528e-11	3.986e-10	0	0.974844391	0.976198866	4.214854e-01	1.064711e+00	0
(5,14,0)	-0.062500	2.945243	1.082047e-02	0.369026	0.402031	+1.139127871030e-01	+1.139127870965e-01	5.671e-11	8.779e-10	0	0.974732503	0.976329844	4.208372e-01	1.063195e+00	0
(5,14,0)	0.062500	0.196350	1.082047e-02	0.369026	0.402031	+5.753801591179e-02	+5.753801588147e-02	5.270e-10	1.239e-09	0	0.882490104	0.885552225	3.747089e-01	1.045607e+00	0
(5,14,0)	0.062500	0.589049	1.082047e-02	0.369026	0.402031	+2.173502545954e-01	+2.173502545988e-01	1.598e-11	3.780e-10	0	0.882715922	0.885312126	3.753571e-01	1.047148e+00	0
(5,14,0)	0.062500	0.981748	1.082047e-02	0.369026	0.402031	+4.433291619917e-01	+4.433291619923e-01	1.168e-12	5.993e-11	0	0.883136440	0.884871417	3.765550e-01	1.049990e+00	0
(5,14,0)	0.062500	1.374447	1.082047e-02	0.369026	0.402031	+6.030993678916e-01	+6.030993678901e-01	2.388e-12	2.405e-11	0	0.883692139	0.884301444	3.781201e-01	1.053691e+00	0
(5,14,0)	0.062500	1.767146	1.082047e-02	0.369026	0.402031	+6.030993678916e-01	+6.030993678922e-01	1.115e-12	3.148e-11	0	0.883692139	0.884301444	3.781201e-01	1.053691e+00	0
(5,14,0)	0.062500	2.159845	1.082047e-02	0.369026	0.402031	+4.433291619918e-01	+4.433291619956e-01	8.676e-12	1.012e-10	0	0.883136440	0.884871417	3.765550e-01	1.049990e+00	0
(5,14,0)	0.062500	2.552544	1.082047e-02	0.369026	0.402031	+2.173502545954e-01	+2.173502545997e-01	1.985e-11	4.745e-10	0	0.882715922	0.885312126	3.753571e-01	1.047148e+00	0
(5,14,0)	0.062500	2.945243	1.082047e-02	0.369026	0.402031	+5.753801591178e-02	+5.753801587693e-02	6.058e-10	1.886e-09	0	0.882490104	0.885552225	3.747089e-01	1.045607e+00	0
(5,14,0)	0.187500	0.196350	1.082047e-02	0.369026	0.402031	+3.441601346402e-03	+3.441601348229e-03	5.309e-10	2.315e-08	0	0.740639206	0.744610846	3.286479e-01	1.015057e+00	0
(5,14,0)	0.187500	0.589049	1.082047e-02	0.369026	0.402031	+1.474421039077e-01	+1.474421038971e-01	7.174e-11	3.543e-10	0	0.740936691	0.744303891	3.292859e-01	1.016619e+00	0
(5,14,0)	0.187500	0.981748	1.082047e-02	0.369026	0.402031	+3.510671886906e-01	+3.510671886878e-01	7.840e-12	1.271e-10	0	0.741488554	0.743738639	3.304648e-01	1.019499e+00	0
(5,14,0)	0.187500	1.374447	1.082047e-02	0.369026	0.402031	+4.950360498061e-01	+4.950360498059e-01	3.364e-13	3.840e-11	0	0.742213779	0.743003952	3.320052e-01	1.023250e+00	0
(5,14,0)	0.187500	1.767146	1.082047e-02	0.369026	0.402031	+4.950360498061e-01	+4.950360498062e-01	3.074e-13	2.583e-11	0	0.742213779	0.743003952	3.320052e-01	1.023250e+00	0
(5,14,0)	0.187500	2.159845	1.082047e-02	0.369026	0.402031	+3.510671886906e-01	+3.510671886944e-01	1.080e-11	3.831e-11	0	0.741488554	0.743738639	3.304648e-01	1.019499e+00	0
(5,14,0)	0.187500	2.552544	1.082047e-02	0.369026	0.402031	+1.474421039077e-01	+1.474421038995e-01	5.530e-11	3.024e-10	0	0.740936691	0.744303891	3.292859e-01	1.016619e+00	0
(5,14,0)	0.187500	2.945243	1.082047e-02	0.369026	0.402031	+3.441601346402e-03	+3.441601352786e-03	1.855e-09	2.123e-08	0	0.740639206	0.744610846	3.286479e-01	1.015057e+00	0
(5,14,0)	0.312500	0.196350	1.082047e-02	0.369026	0.402031	-3.904702891775e-02	-3.904702890986e-02	2.022e-10	1.301e-09	0	0.590324784	0.594653176	2.826576e-01	9.703289e-01	0
(5,14,0)	0.312500	0.589049	1.082047e-02	0.369026	0.402031	+8.749584105723e-02	+8.749584106531e-02	9.243e-11	6.940e-10	0	0.590651408	0.594320997	2.832746e-01	9.719093e-01	0
(5,14,0)	0.312500	0.981748	1.082047e-02	0.369026	0.402031	+2.664376033309e-01	+2.664376033253e-01	2.111e-11	1.407e-10	0	0.591256232	0.593708320	2.844147e-01	9.748228e-01	0
(5,14,0)	0.312500	1.374447	1.082047e-02	0.369026	0.402031	+3.929566061913e-01	+3.929566061950e-01	9.168e-12	2.803e-11	0	0.592048953	0.592910048	2.859043e-01	9.786163e-01	0
(5,14,0)	0.312500	1.767146	1.082047e-02	0.369026	0.402031	+3.929566061913e-01	+3.929566061937e-01	5.961e-12	1.029e-11	0	0.592048953	0.592910048	2.859043e-01	9.786163e-01	0
(5,14,0)	0.312500	2.159845	1.082047e-02	0.369026	0.402031	+2.664376033309e-01	+2.664376033187e-01	4.575e-11	9.583e-11	0	0.591256232	0.593708320	2.844147e-01	9.748228e-01	0
(5,14,0)	0.312500	2.552544	1.082047e-02	0.369026	0.402031	+8.749584105723e-02	+8.749584106531e-02	9.243e-11	6.940e-10	0	0.590651408	0.594320997	2.832746e-01	9.719093e-01	0
(5,14,0)	0.312500	2.945243	1.082047e-02	0.369026	0.402031	-3.904702891774e-02	-3.904702891292e-02	1.236e-10	2.367e-09	0	0.590324784	0.594653176	2.826576e-01	9.703289e-01	0
(5,14,0)	0.437500	0.196350	1.082047e-02	0.369026	0.402031	-6.507050035472e-02	-6.507050036761e-02	1.981e-10	1.136e-09	0	0.458726565	0.463027957	2.367456e-01	9.093553e-01	0
(5,14,0)	0.437500	0.589049	1.082047e-02	0.369026	0.402031	+4.395768317206e-02	+4.395768319616e-02	5.482e-10	1.885e-09	0	0.459052503	0.462699167	2.373297e-01	9.109515e-01	0
(5,14,0)	0.437500	0.981748	1.082047e-02	0.369026	0.402031	+1.981334459448e-01	+1.981334459420e-01	1.406e-11	1.479e-10	0	0.459655452	0.462092188	2.384089e-01	9.138937e-01	0
(5,14,0)	0.437500	1.374447	1.082047e-02	0.369026	0.402031	+3.071427220884e-01	+3.071427220904e-01	6.361e-12	7.651e-11	0	0.460444549	0.461300245	2.398190e-01	9.177236e-01	0
(5,14,0)	0.437500	1.767146	1.082047e-02	0.369026	0.402031	+3.071427220884e-01	+3.071427220908e-01	7.674e-12	5.266e-11	0	0.460444549	0.461300245	2.398190e-01	9.177236e-01	0
(5,14,0)	0.437500	2.159845	1.082047e-02	0.369026	0.402031	+1.981334459448e-01	+1.981334459406e-01	2.095e-11	2.098e-10	0	0.459655452	0.462092188	2.384089e-01	9.138937e-01	0
(5,14,0)	0.437500	2.552544	1.082047e-02	0.369026	0.402031	+4.395768317206e-02	+4.395768318037e-02	1.892e-10	1.258e-09	0	0.459052503	0.462699167	2.373297e-01	9.109515e-01	0
(5,14,0)	0.437500	2.945243	1.082047e-02	0.369026	0.402031	-6.507050035472e-02	-6.507050036607e-02	1.745e-10	1.038e-09	0	0.458726565	0.463027957	2.367456e-01	9.093553e-01	0
(5,14,0)	0.562500	0.196350	1.082047e-02	0.369026	0.402031	-7.313967497434e-02	-7.313967495802e-02	2.231e-10	9.700e-10	0	0.352663323	0.356691719	1.909263e-01	8.285999e-01	0
(5,14,0)	0.562500	0.589049	1.082047e-02	0.369026	0.402031	+1.865446843897e-02	+1.865446843997e-02	5.380e-11	3.222e-09	0	0.352969227	0.356384439	1.914633e-01	8.302105e-01	0
(5,14,0)	0.562500	0.981748	1.082047e-02	0.369026	0.402031	+1.484592288367e-01	+1.484592288173e-01	1.305e-10	3.400e-10	0	0.353534826	0.355816896	1.924556e-01	8.331783e-01	0
(5,14,0)	0.562500	1.374447	1.082047e-02	0.369026	0.402031	+2.402367431005e-01	+2.402367431007e-01	7.842e-13	6.956e-11	0	0.354274485	0.355075866	1.937522e-01	8.370400e-01	0
(5,14,0)	0.562500	1.767146	1.082047e-02	0.369026	0.402031	+2.402367431005e-01	+2.402367430995e-01	4.225e-12	1.274e-10	0	0.354274485	0.355075866	1.937522e-01	8.370400e-01	0
(5,14,0)	0.562500	2.159845	1.082047e-02	0.369026	0.402031	+1.484592288367e-01	+1.484592288153e-01	1.444e-10	3.290e-10	0	0.353534826	0.355816896	1.924556e-01	8.331783e-01	0
(5,14,0)	0.562500	2.552544	1.082047e-02	0.369026	0.402031	+1.865446843897e-02	+1.865446843263e-02	3.399e-10	3.222e-09	0	0.352969227	0.356384439	1.914633e-01	8.302105e-01	0
(5,14,0)	0.562500	2.945243	1.082047e-02	0.369026	0.402031	-7.313967497434e-02	-7.313967497093e-02	4.674e-11	8.848e-10	0	0.352663323	0.356691719	1.909263e-01	8.285999e-01	0
(5,14,0)	0.687500	0.196350	1.082047e-02	0.369026	0.402031	-6.222386079154e-02	-6.222386078471e-02	1.099e-10	1.219e-09	0	0.269469683	0.273001517	1.452272e-01	7.215454e-01	0
(5,14,0)	0.687500	0.589049	1.082047e-02	0.369026	0.402031	+1.214930368508e-02	+1.214930367891e-02	5.079e-10	5.433e-09	0	0.269737719	0.272731987	1.456989e-01	7.231696e-01	0
(5,14,0)	0.687500	0.981748	1.082047e-02	0.369026	0.402031	+1.173162804466e-01	+1.173162804359e-01	9.114e-11	5.789e-10	0	0.270233388	0.272234211	1.465705e-01	7.261613e-01	0
(5,14,0)	0.687500	1.374447	1.082047e-02	0.369026	0.402031	+1.916716881091e-01	+1.916716881115e-01	1.219e-11	1.008e-10	0	0.270881744	0.271584368	1.477092e-01	7.300515e-01	0
(5,14,0)	0.687500	1.767146	1.082047e-02	0.369026	0.402031	+1.916716881091e-01	+1.916716881094e-01	1.511e-12	6.455e-11	0	0.270881744	0.271584368	1.477092e-01	7.300515e-01	0
(5,14,0)	0.687500	2.159845	1.082047e-02	0.369026	0.402031	+1.173162804466e-01	+1.173162804319e-01	1.251e-10	4.911e-10	0	0.270233388	0.272234211	1.465705e-01	7.261613e-01	0
(5,14,0)	0.687500	2.552544	1.082047e-02	0.369026	0.402031	+1.214930368508e-02	+1.214930367891e-02	5.079e-10	5.433e-09	0	0.269737719	0.272731987	1.456989e-01	7.231696e-01	0
(5,14,0)	0.687500	2.945243	1.082047e-02	0.369026	0.402031	-6.222386079155e-02	-6.222386079117e-02	6.111e-12	1.219e-09	0	0.269469683	0.273001517	1.452272e-01	7.215454e-01	0
(5,14,0)	0.812500	0.196350	1.082047e-02	0.369026	0.402031	-2.945089526423e-02	-2.945089526851e-02	1.454e-10	2.326e-09	0	0.205451417	0.208028173	9.970998e-02	5.739191e-01	0
(5,14,0)	0.812500	0.589049	1.082047e-02	0.369026	0.402031	+2.728660371952e-02	+2.728660371344e-02	2.227e-10	3.236e-09	0	0.205644444	0.207829195	1.000886e-01	5.755579e-01	0
(5,14,0)	0.812500	0.981748	1.082047e-02	0.369026	0.402031	+1.075037050560e-01	+1.075037050647e-01	8.066e-11	3.367e-10	0	0.206002581	0.207462653	1.007883e-01	5.785738e-01	0
(5,14,0)	0.812500	1.374447	1.082047e-02	0.369026	0.402031	+1.642103416515e-01	+1.642103416491e-01	1.473e-11	3.783e-11	0	0.206473262	0.206986038	1.017025e-01	5.824906e-01	0
(5,14,0)	0.812500	1.767146	1.082047e-02	0.369026	0.402031	+1.642103416515e-01	+1.642103416503e-01	7.404e-12	5.042e-11	0	0.206473262	0.206986038	1.017025e-01	5.824906e-01	0
(5,14,0)	0.812500	2.159845	1.082047e-02	0.369026	0.402031	+1.075037050560e-01	+1.075037050586e-01	2.373e-11	2.082e-10	0	0.206002581	0.207462653	1.007883e-01	5.785738e-01	0
(5,14,0)	0.812500	2.552544	1.082047e-02	0.369026	0.402031	+2.728660371951e-02	+2.728660371918e-02	1.239e-11	2.944e-09	0	0.205644444	0.207829195	1.000886e-01	5.755579e-01	0
(5,14,0)	0.812500	2.945243	1.082047e-02	0.369026	0.402031	-2.945089526423e-02	-2.945089524317e-02	7.152e-10	2.326e-09	0	0.205451417	0.208028173	9.970998e-02	5.739191e-01	0
(5,14,0)	0.937500	0.196350	1.082047e-02	0.369026	0.402031	+1.566853337266e-03	+1.566853341235e-03	2.533e-09	3.238e-08	0	0.169277369	0.170638251	5.458421e-02	3.374713e-01	0
(5,14,0)	0.937500	0.589049	1.082047e-02	0.369026	0.402031	+6.408226240698e-02	+6.408226241296e-02	9.331e-11	3.882e-10	0	0.169354245	0.170505194	5.481025e-02	3.391332e-01	0
(5,14,0)	0.937500	0.981748	1.082047e-02	0.369026	0.402031	+1.522469362162e-01	+1.522469362169e-01	4.384e-12	9.403e-11	0	0.169506858	0.170273304	5.522790e-02	3.421828e-01	0
(5,14,0)	0.937500	1.374447	1.082047e-02	0.369026	0.402031	+2.144159993314e-01	+2.144159993286e-01	1.308e-11	3.559e-11	0	0.169727865	0.169998135	5.577359e-02	3.461267e-01	0
(5,14,0)	0.937500	1.767146	1.082047e-02	0.369026	0.402031	+2.144159993314e-01	+2.144159993282e-01	1.505e-11	4.453e-11	0	0.169727865	0.169998135	5.577359e-02	3.461267e-01	0
(5,14,0)	0.937500	2.159845	1.082047e-02	0.369026	0.402031	+1.522469362162e-01	+1.522469362164e-01	8.683e-13	1.532e-10	0	0.169506858	0.170273304	5.522790e-02	3.421828e-01	0
(5,14,0)	0.937500	2.552544	1.082047e-02	0.369026	0.402031	+6.408226240698e-02	+6.408226240337e-02	5.628e-11	6.770e-10	0	0.169354245	0.170505194	5.481025e-02	3.391332e-01	0
(5,14,0)	0.937500	2.945243	1.082047e-02	0.369026	0.402031	+1.566853337269e-03	+1.566853335391e-03	1.198e-09	3.336e-08	0	0.169277369	0.170638251	5.458421e-02	3.374713e-01	0
(5,14,15)	-0.937500	0.196350	1.082047e-02	0.424961	0.462969	+1.577148243988e+00	+1.577148243993e+00	3.480e-12	1.033e-10	0	0.974728108	0.979249553	8.596602e-01	9.228740e-01	0
(5,14,15)	-0.937500	0.589049	1.082047e-02	0.424961	0.462969	+1.688883260037e+00	+1.688883260057e+00	1.214e-11	5.272e-11	0	0.975067043	0.978900071	8.599205e-01	9.234830e-01	0
(5,14,15)	-0.937500	0.981748	1.082047e-02	0.424961	0.462969	+1.846889700341e+00	+1.846889700333e+00	4.550e-12	4.235e-11	0	0.975695557	0.978256642	8.604015e-01	9.246073e-01	0
(5,14,15)	-0.937500	1.374447	1.082047e-02	0.424961	0.462969	+1.958609535746e+00	+1.958609535738e+00	4.538e-12	1.627e-11	0	0.976521168	0.977420485	8.610299e-01	9.260741e-01	0
(5,14,15)	-0.937500	1.767146	1.082047e-02	0.424961	0.462969	+1.958609535746e+00	+1.958609535740e+00	3.283e-12	9.187e-12	0	0.976521168	0.977420485	8.610299e-01	9.260741e-01	0
(5,14,15)	-0.937500	2.159845	1.082047e-02	0.424961	0.462969	+1.846889700341e+00	+1.846889700343e+00	7.751e-13	4.924e-11	0	0.975695557	0.978256642	8.604015e-01	9.246073e-01	0
(5,14,15)	-0.937500	2.552544	1.082047e-02	0.424961	0.462969	+1.688883260037e+00	+1.688883260056e+00	1.111e-11	1.199e-10	0	0.975067043	0.978900071	8.599205e-01	9.234830e-01	0
(5,14,15)	-0.937500	2.945243	1.082047e-02	0.424961	0.462969	+1.577148243988e+00	+1.577148244000e+00	7.935e-12	1.033e-10	0	0.974728108	0.979249553	8.596602e-01	9.228740e-01	0
(5,14,15)	-0.812500	0.196350	1.082047e-02	0.424961	0.462969	+8.929892586522e-01	+8.929892586011e-01	5.719e-11	1.337e-10	0	0.950185031	0.955441120	8.053856e-01	9.845741e-01	0
(5,14,15)	-0.812500	0.589049	1.082047e-02	0.424961	0.462969	+1.090202562882e+00	+1.090202562847e+00	3.218e-11	1.187e-10	0	0.950575240	0.955030948	8.058216e-01	9.855303e-01	0
(5,14,15)	-0.812500	0.981748	1.082047e-02	0.424961	0.462969	+1.369064322969e+00	+1.369064322975e+00	4.251e-12	5.963e-11	0	0.951300463	0.954277494	8.066274e-01	9.872946e-01	0
(5,14,15)	-0.812500	1.374447	1.082047e-02	0.424961	0.462969	+1.566221107021e+00	+1.566221107014e+00	4.265e-12	9.877e-12	0	0.952256323	0.953301673	8.076801e-01	9.895950e-01	0
(5,14,15)	-0.812500	1.767146	1.082047e-02	0.424961	0.462969	+1.566221107021e+00	+1.566221107021e+00	8.492e-14	2.314e-11	0	0.952256323	0.953301673	8.076801e-01	9.895950e-01	0
(5,14,15)	-0.812500	2.159845	1.082047e-02	0.424961	0.462969	+1.369064322969e+00	+1.369064322966e+00	1.836e-12	4.949e-11	0	0.951300463	0.954277494	8.066274e-01	9.872946e-01	0
(5,14,15)	-0.812500	2.552544	1.082047e-02	0.424961	0.462969	+1.090202562882e+00	+1.090202562869e+00	1.172e-11	1.187e-10	0	0.950575240	0.955030948	8.058216e-01	9.855303e-01	0
(5,14,15)	-0.812500	2.945243	1.082047e-02	0.424961	0.462969	+8.929892586522e-01	+8.929892586209e-01	3.513e-11	1.021e-10	0	0.950185031	0.955441120	8.053856e-01	9.845741e-01	0
(5,14,15)	-0.687500	0.196350	1.082047e-02	0.424961	0.462969	+5.948529800946e-01	+5.948529800625e-01	5.388e-11	3.682e-10	0	0.947261047	0.951841809	7.515617e-01	1.031732e+00	0
(5,14,15)	-0.687500	0.589049	1.082047e-02	0.424961	0.462969	+8.075260308680e-01	+8.075260308727e-01	5.825e-12	2.057e-10	0	0.947598458	0.951481593	7.521049e-01	1.032869e+00	0
(5,14,15)	-0.687500	0.981748	1.082047e-02	0.424961	0.462969	+1.108238227344e+00	+1.108238227349e+00	5.198e-12	8.177e-11	0	0.948226706	0.950821099	7.531086e-01	1.034966e+00	0
(5,14,15)	-0.687500	1.374447	1.082047e-02	0.424961	0.462969	+1.320836452029e+00	+1.320836452036e+00	5.144e-12	2.369e-11	0	0.949057017	0.949967989	7.544199e-01	1.037699e+00	0
(5,14,15)	-0.687500	1.767146	1.082047e-02	0.424961	0.462969	+1.320836452029e+00	+1.320836452033e+00	3.158e-12	2.369e-11	0	0.949057017	0.949967989	7.544199e-01	1.037699e+00	0
(5,14,15)	-0.687500	2.159845	1.082047e-02	0.424961	0.462969	+1.108238227344e+00	+1.108238227338e+00	4.690e-12	5.705e-11	0	0.948226706	0.950821099	7.531086e-01	1.034966e+00	0
(5,14,15)	-0.687500	2.552544	1.082047e-02	0.424961	0.462969	+8.075260308680e-01	+8.075260308727e-01	5.825e-12	2.057e-10	0	0.947598458	0.951481593	7.521049e-01	1.032869e+00	0
(5,14,15)	-0.687500	2.945243	1.082047e-02	0.424961	0.462969	+5.948529800946e-01	+5.948529800737e-01	3.518e-11	3.682e-10	0	0.947261047	0.951841809	7.515617e-01	1.031732e+00	0
(5,14,15)	-0.562500	0.196350	1.082047e-02	0.424961	0.462969	+4.446840835478e-01	+4.446840835540e-01	1.377e-11	2.465e-10	0	0.958986428	0.962485293	6.979472e-01	1.065791e+00	0
(5,14,15)	-0.562500	0.589049	1.082047e-02	0.424961	0.462969	+6.529646584774e-01	+6.529646585079e-01	4.666e-11	2.046e-10	0	0.959241335	0.962207256	6.985656e-01	1.067043e+00	0
(5,14,15)	-0.562500	0.981748	1.082047e-02	0.424961	0.462969	+9.474632285465e-01	+9.474632285220e-01	2.587e-11	7.995e-11	0	0.959717189	0.961698694	6.997084e-01	1.069354e+00	0
(5,14,15)	-0.562500	1.374447	1.082047e-02	0.424961	0.462969	+1.155666535984e+00	+1.155666535994e+00	9.314e-12	2.722e-11	0	0.960348505	0.961044253	7.012015e-01	1.072365e+00	0
(5,14,15)	-0.562500	1.767146	1.082047e-02	0.424961	0.462969	+1.155666535984e+00	+1.155666535986e+00	2.322e-12	2.402e-11	0	0.960348505	0.961044253	7.012015e-01	1.072365e+00	0
(5,14,15)	-0.562500	2.159845	1.082047e-02	0.424961	0.462969	+9.474632285465e-01	+9.474632285434e-01	3.289e-12	7.240e-11	0	0.959717189	0.961698694	6.997084e-01	1.069354e+00	0
(5,14,15)	-0.562500	2.552544	1.082047e-02	0.424961	0.462969	+6.529646584774e-01	+6.529646585105e-01	5.069e-11	3.700e-10	0	0.959241335	0.962207256	6.985656e-01	1.067043e+00	0
(5,14,15)	-0.562500	2.945243	1.082047e-02	0.424961	0.462969	+4.446840835478e-01	+4.446840835534e-01	1.249e-11	2.465e-10	0	0.958986428	0.962485293	6.979472e-01	1.065791e+00	0
(5,14,15)	-0.437500	0.196350	1.082047e-02	0.424961	0.462969	+3.527742964720e-01	+3.527742964731e-01	3.048e-12	3.994e-10	0	0.978766748	0.980977211	6.444712e-01	1.087839e+00	0
(5,14,15)	-0.437500	0.589049	1.082047e-02	0.424961	0.462969	+5.530672817707e-01	+5.530672817636e-01	1.285e-11	3.939e-10	0	0.978924001	0.980797657	6.451438e-01	1.089174e+00	0
(5,14,15)	-0.437500	0.981748	1.082047e-02	0.424961	0.462969	+8.362731351301e-01	+8.362731351302e-01	9.559e-15	1.203e-10	0	0.979219229	0.980470898	6.463867e-01	1.091636e+00	0
(5,14,15)	-0.437500	1.374447	1.082047e-02	0.424961	0.462969	+1.036493719377e+00	+1.036493719373e+00	3.695e-12	4.227e-11	0	0.979614186	0.980053647	6.480105e-01	1.094844e+00	0
(5,14,15)	-0.437500	1.767146	1.082047e-02	0.424961	0.462969	+1.036493719377e+00	+1.036493719378e+00	9.936e-13	1.513e-11	0	0.979614186	0.980053647	6.480105e-01	1.094844e+00	0
(5,14,15)	-0.437500	2.159845	1.082047e-02	0.424961	0.462969	+8.362731351301e-01	+8.362731351324e-01	2.655e-12	1.057e-10	0	0.979219229	0.980470898	6.463867e-01	1.091636e+00	0
(5,14,15)	-0.437500	2.552544	1.082047e-02	0.424961	0.462969	+5.530672817707e-01	+5.530672817584e-01	2.221e-11	1.501e-10	0	0.978924001	0.980797657	6.451438e-01	1.089174e+00	0
(5,14,15)	-0.437500	2.945243	1.082047e-02	0.424961	0.462969	+3.527742964720e-01	+3.527742964940e-01	6.222e-11	2.322e-10	0	0.978766748	0.980977211	6.444712e-01	1.087839e+00	0
(5,14,15)	-0.312500	0.196350	1.082047e-02	0.424961	0.462969	+2.810483889560e-01	+2.810483889312e-01	8.797e-11	7.533e-10	0	0.996597039	0.997360739	5.911019e-01	1.098539e+00	0
(5,14,15)	-0.312500	0.589049	1.082047e-02	0.424961	0.462969	+4.746507568100e-01	+4.746507567711e-01	8.188e-11	4.770e-10	0	0.996644961	0.997292113	5.918125e-01	1.099935e+00	0
(5,14,15)	-0.312500	0.981748	1.082047e-02	0.424961	0.462969	+7.484001499444e-01	+7.484001499634e-01	2.541e-11	1.107e-10	0	0.996737827	0.997169973	5.931254e-01	1.102510e+00	0
(5,14,15)	-0.312500	1.374447	1.082047e-02	0.424961	0.462969	+9.419378969302e-01	+9.419378969241e-01	6.421e-12	6.564e-11	0	0.996867710	0.997020890	5.948408e-01	1.105866e+00	0
(5,14,15)	-0.312500	1.767146	1.082047e-02	0.424961	0.462969	+9.419378969302e-01	+9.419378969277e-01	2.632e-12	7.464e-11	0	0.996867710	0.997020890	5.948408e-01	1.105866e+00	0
(5,14,15)	-0.312500	2.159845	1.082047e-02	0.424961	0.462969	+7.484001499444e-01	+7.484001499400e-01	5.882e-12	9.734e-11	0	0.996737827	0.997169973	5.931254e-01	1.102510e+00	0
(5,14,15)	-0.312500	2.552544	1.082047e-02	0.424961	0.462969	+4.746507568100e-01	+4.746507567711e-01	8.188e-11	4.770e-10	0	0.996644961	0.997292113	5.918125e-01	1.099935e+00	0
(5,14,15)	-0.312500	2.945243	1.082047e-02	0.424961	0.462969	+2.810483889560e-01	+2.810483889260e-01	1.067e-10	7.533e-10	0	0.996597039	0.997360739	5.911019e-01	1.098539e+00	0
(5,14,15)	-0.187500	0.196350	1.082047e-02	0.424961	0.462969	+2.123896374589e-01	+2.123896374563e-01	1.228e-11	5.055e-10	0	0.995610885	0.996400474	5.378229e-01	1.098189e+00	0
(5,14,15)	-0.187500	0.589049	1.082047e-02	0.424961	0.462969	+4.008487307485e-01	+4.008487306945e-01	1.348e-10	2.816e-10	0	0.995661681	0.996331333	5.385576e-01	1.099633e+00	0
(5,14,15)	-0.187500	0.981748	1.082047e-02	0.424961	0.462969	+6.673306562755e-01	+6.673306562570e-01	2.769e-11	6.086e-11	0	0.995759685	0.996207388	5.399152e-01	1.102296e+00	0
(5,14,15)	-0.187500	1.374447	1.082047e-02	0.424961	0.462969	+8.557339257940e-01	+8.557339257901e-01	4.557e-12	7.902e-11	0	0.995895729	0.996054004	5.416890e-01	1.105767e+00	0
(5,14,15)	-0.187500	1.767146	1.082047e-02	0.424961	0.462969	+8.557339257940e-01	+8.557339257896e-01	5.068e-12	4.471e-11	0	0.995895729	0.996054004	5.416890e-01	1.105767e+00	0
(5,14,15)	-0.187500	2.159845	1.082047e-02	0.424961	0.462969	+6.673306562755e-01	+6.673306562762e-01	1.005e-12	1.512e-10	0	0.995759685	0.996207388	5.399152e-01	1.102296e+00	0
(5,14,15)	-0.187500	2.552544	1.082047e-02	0.424961	0.462969	+4.008487307485e-01	+4.008487306962e-01	1.305e-10	2.194e-10	0	0.995661681	0.996331333	5.385576e-01	1.099633e+00	0
(5,14,15)	-0.187500	2.945243	1.082047e-02	0.424961	0.462969	+2.123896374589e-01	+2.123896374604e-01	6.999e-12	5.055e-10	0	0.995610885	0.996400474	5.378229e-01	1.098189e+00	0
(5,14,15)	-0.062500	0.196350	1.082047e-02	0.424961	0.462969	+1.407517900860e-01	+1.407517900849e-01	7.831e-12	7.480e-10	0	0.956385718	0.958696162	4.846252e-01	1.086761e+00	0
(5,14,15)	-0.062500	0.589049	1.082047e-02	0.424961	0.462969	+3.236946002545e-01	+3.236946002568e-01	7.273e-12	2.995e-10	0	0.956553873	0.958512821	4.853717e-01	1.088244e+00	0
(5,14,15)	-0.062500	0.981748	1.082047e-02	0.424961	0.462969	+5.823817001096e-01	+5.823817001113e-01	2.895e-12	5.866e-11	0	0.956868030	0.958177191	4.867511e-01	1.090978e+00	0
(5,14,15)	-0.062500	1.374447	1.082047e-02	0.424961	0.462969	+7.652777035683e-01	+7.652777035638e-01	5.965e-12	4.215e-11	0	0.957285133	0.957744908	4.885534e-01	1.094541e+00	0
(5,14,15)	-0.062500	1.767146	1.082047e-02	0.424961	0.462969	+7.652777035683e-01	+7.652777035681e-01	3.003e-13	1.824e-11	0	0.957285133	0.957744908	4.885534e-01	1.094541e+00	0
(5,14,15)	-0.062500	2.159845	1.082047e-02	0.424961	0.462969	+5.823817001096e-01	+5.823817001046e-01	8.728e-12	8.600e-11	0	0.956868030	0.958177191	4.867511e-01	1.090978e+00	0
(5,14,15)	-0.062500	2.552544	1.082047e-02	0.424961	0.462969	+3.236946002545e-01	+3.236946002329e-01	6.663e-11	2.747e-10	0	0.956553873	0.958512821	4.853717e-01	1.088244e+00	0
(5,14,15)	-0.062500	2.945243	1.082047e-02	0.424961	0.462969	+1.407517900860e-01	+1.407517900902e-01	2.953e-11	8.444e-10	0	0.956385718	0.958696162	4.846252e-01	1.086761e+00	0
(5,14,15)	0.062500	0.196350	1.082047e-02	0.424961	0.462969	+6.824991110822e-02	+6.824991109148e-02	2.452e-10	1.195e-09	0	0.869861209	0.873434865	4.315050e-01	1.063891e+00	0
(5,14,15)	0.062500	0.589049	1.082047e-02	0.424961	0.462969	+2.430473780874e-01	+2.430473780891e-01	6.902e-12	2.581e-10	0	0.870127400	0.873157213	4.322515e-01	1.065405e+00	0
(5,14,15)	0.062500	0.981748	1.082047e-02	0.424961	0.462969	+4.902213467822e-01	+4.902213468022e-01	4.085e-11	1.847e-10	0	0.870621875	0.872646534	4.336310e-01	1.068198e+00	0
(5,14,15)	0.062500	1.374447	1.082047e-02	0.424961	0.462969	+6.649806660838e-01	+6.649806660823e-01	2.264e-12	2.315e-11	0	0.871272970	0.871983986	4.354333e-01	1.071837e+00	0
(5,14,15)	0.062500	1.767146	1.082047e-02	0.424961	0.462969	+6.649806660838e-01	+6.649806660841e-01	4.184e-13	4.148e-11	0	0.871272970	0.871983986	4.354333e-01	1.071837e+00	0
(5,14,15)	0.062500	2.159845	1.082047e-02	0.424961	0.462969	+4.902213467822e-01	+4.902213467962e-01	2.863e-11	1.392e-10	0	0.870621875	0.872646534	4.336310e-01	1.068198e+00	0
(5,14,15)	0.062500	2.552544	1.082047e-02	0.424961	0.462969	+2.430473780874e-01	+2.430473780873e-01	3.904e-13	2.332e-10	0	0.870127400	0.873157213	4.322515e-01	1.065405e+00	0
(5,14,15)	0.062500	2.945243	1.082047e-02	0.424961	0.462969	+6.824991110822e-02	+6.824991111407e-02	8.577e-11	1.628e-09	0	0.869861209	0.873434865	4.315050e-01	1.063891e+00	0
(5,14,15)	0.187500	0.196350	1.082047e-02	0.424961	0.462969	+2.279961209949e-03	+2.279961215662e-03	2.506e-09	7.343e-08	0	0.747846905	0.752245967	3.784624e-01	1.028815e+00	0
(5,14,15)	0.187500	0.589049	1.082047e-02	0.424961	0.462969	+1.653933603570e-01	+1.653933603521e-01	2.998e-11	3.672e-10	0	0.748177809	0.751907329	3.791971e-01	1.030357e+00	0
(5,14,15)	0.187500	0.981748	1.082047e-02	0.424961	0.462969	+3.960489252427e-01	+3.960489252590e-01	4.121e-11	8.762e-11	0	0.748791026	0.751283177	3.805547e-01	1.033199e+00	0
(5,14,15)	0.187500	1.374447	1.082047e-02	0.424961	0.462969	+5.591317606057e-01	+5.591317606013e-01	7.879e-12	5.964e-11	0	0.749595653	0.750470821	3.823285e-01	1.036900e+00	0
(5,14,15)	0.187500	1.767146	1.082047e-02	0.424961	0.462969	+5.591317606057e-01	+5.591317606033e-01	4.278e-12	5.032e-11	0	0.749595653	0.750470821	3.823285e-01	1.036900e+00	0
(5,14,15)	0.187500	2.159845	1.082047e-02	0.424961	0.462969	+3.960489252427e-01	+3.960489252521e-01	2.373e-11	3.814e-11	0	0.748791026	0.751283177	3.805547e-01	1.033199e+00	0
(5,14,15)	0.187500	2.552544	1.082047e-02	0.424961	0.462969	+1.653933603570e-01	+1.653933603611e-01	2.474e-11	6.503e-10	0	0.748177809	0.751907329	3.791971e-01	1.030357e+00	0
(5,14,15)	0.187500	2.945243	1.082047e-02	0.424961	0.462969	+2.279961209949e-03	+2.279961215001e-03	2.216e-09	7.343e-08	0	0.747846905	0.752245967	3.784624e-01	1.028815e+00	0
(5,14,15)	0.312500	0.196350	1.082047e-02	0.424961	0.462969	-4.935356214158e-02	-4.935356212951e-02	2.447e-10	1.574e-09	0	0.615500246	0.620269377	3.255011e-01	9.802334e-01	0
(5,14,15)	0.312500	0.589049	1.082047e-02	0.424961	0.462969	+9.916728568353e-02	+9.916728569661e-02	1.319e-10	2.038e-09	0	0.615860919	0.619904132	3.262117e-01	9.817979e-01	0
(5,14,15)	0.312500	0.981748	1.082047e-02	0.424961	0.462969	+3.091900022828e-01	+3.091900022745e-01	2.679e-11	1.851e-10	0	0.616528433	0.619230154	3.275246e-01	9.846821e-01	0
(5,14,15)	0.312500	1.374447	1.082047e-02	0.424961	0.462969	+4.576861342505e-01	+4.576861342472e-01	7.191e-12	3.711e-11	0	0.617402634	0.618351385	3.292400e-01	9.884378e-01	0
(5,14,15)	0.312500	1.767146	1.082047e-02	0.424961	0.462969	+4.576861342505e-01	+4.576861342503e-01	3.704e-13	5.225e-11	0	0.617402634	0.618351385	3.292400e-01	9.884378e-01	0
(5,14,15)	0.312500	2.159845	1.082047e-02	0.424961	0.462969	+3.091900022828e-01	+3.091900022963e-01	4.374e-11	1.978e-10	0	0.616528433	0.619230154	3.275246e-01	9.846821e-01	0
(5,14,15)	0.312500	2.552544	1.082047e-02	0.424961	0.462969	+9.916728568353e-02	+9.916728569661e-02	1.319e-10	2.038e-09	0	0.615860919	0.619904132	3.262117e-01	9.817979e-01	0
(5,14,15)	0.312500	2.945243	1.082047e-02	0.424961	0.462969	-4.935356214158e-02	-4.935356212834e-02	2.683e-10	2.418e-09	0	0.615500246	0.620269377	3.255011e-01	9.802334e-01	0
(5,14,15)	0.437500	0.196350	1.082047e-02	0.424961	0.462969	-8.173556599963e-02	-8.173556597334e-02	3.216e-10	1.231e-09	0	0.492820712	0.497600985	2.726301e-01	9.160197e-01	0
(5,14,15)	0.437500	0.589049	1.082047e-02	0.424961	0.462969	+5.025597860511e-02	+5.025597859051e-02	2.905e-10	2.084e-09	0	0.493183393	0.497236026	2.733027e-01	9.176044e-01	0
(5,14,15)	0.437500	0.981748	1.082047e-02	0.424961	0.462969	+2.369053878323e-01	+2.369053878307e-01	6.856e-12	2.475e-10	0	0.493854107	0.496562097	2.745455e-01	9.205253e-01	0
(5,14,15)	0.437500	1.374447	1.082047e-02	0.424961	0.462969	+3.688759743561e-01	+3.688759743545e-01	4.320e-12	5.963e-11	0	0.494731492	0.495682439	2.761694e-01	9.243277e-01	0
(5,14,15)	0.437500	1.767146	1.082047e-02	0.424961	0.462969	+3.688759743561e-01	+3.688759743584e-01	6.056e-12	3.657e-11	0	0.494731492	0.495682439	2.761694e-01	9.243277e-01	0
(5,14,15)	0.437500	2.159845	1.082047e-02	0.424961	0.462969	+2.369053878323e-01	+2.369053878359e-01	1.543e-11	4.150e-10	0	0.493854107	0.496562097	2.745455e-01	9.205253e-01	0
(5,14,15)	0.437500	2.552544	1.082047e-02	0.424961	0.462969	+5.025597860511e-02	+5.025597860204e-02	6.121e-11	1.756e-09	0	0.493183393	0.497236026	2.733027e-01	9.176044e-01	0
(5,14,15)	0.437500	2.945243	1.082047e-02	0.424961	0.462969	-8.173556599963e-02	-8.173556598691e-02	1.556e-10	1.231e-09	0	0.492820712	0.497600985	2.726301e-01	9.160197e-01	0
(5,14,15)	0.562500	0.196350	1.082047e-02	0.424961	0.462969	-9.245650359593e-02	-9.245650358209e-02	1.496e-10	9.083e-10	0	0.388114973	0.392640035	2.198657e-01	8.326078e-01	0
(5,14,15)	0.562500	0.589049	1.082047e-02	0.424961	0.462969	+2.147631402878e-02	+2.147631403215e-02	1.569e-10	3.302e-09	0	0.388458858	0.392295124	2.204842e-01	8.342107e-01	0
(5,14,15)	0.562500	0.981748	1.082047e-02	0.424961	0.462969	+1.825878190888e-01	+1.825878190839e-01	2.683e-11	2.991e-10	0	0.389094563	0.391657972	2.216269e-01	8.371643e-01	0
(5,14,15)	0.562500	1.374447	1.082047e-02	0.424961	0.462969	+2.965010826617e-01	+2.965010826605e-01	3.987e-12	4.659e-11	0	0.389925670	0.390825844	2.231200e-01	8.410077e-01	0
(5,14,15)	0.562500	1.767146	1.082047e-02	0.424961	0.462969	+2.965010826617e-01	+2.965010826620e-01	8.636e-13	4.659e-11	0	0.389925670	0.390825844	2.231200e-01	8.410077e-01	0
(5,14,15)	0.562500	2.159845	1.082047e-02	0.424961	0.462969	+1.825878190888e-01	+1.825878190880e-01	4.194e-12	1.545e-10	0	0.389094563	0.391657972	2.216269e-01	8.371643e-01	0
(5,14,15)	0.562500	2.552544	1.082047e-02	0.424961	0.462969	+2.147631402878e-02	+2.147631403177e-02	1.394e-10	4.983e-09	0	0.388458858	0.392295124	2.204842e-01	8.342107e-01	0
(5,14,15)	0.562500	2.945243	1.082047e-02	0.424961	0.462969	-9.245650359592e-02	-9.245650359937e-02	3.724e-11	9.082e-10	0	0.388114973	0.392640035	2.198657e-01	8.326078e-01	0
(5,14,15)	0.687500	0.196350	1.082047e-02	0.424961	0.462969	-7.930148766731e-02	-7.930148766442e-02	3.641e-11	5.822e-10	0	0.302050373	0.306054964	1.672399e-01	7.234819e-01	0
(5,14,15)	0.687500	0.589049	1.082047e-02	0.424961	0.462969	+1.484267524765e-02	+1.484267525973e-02	8.138e-10	5.509e-09	0	0.302354443	0.305749503	1.677831e-01	7.251018e-01	0
(5,14,15)	0.687500	0.981748	1.082047e-02	0.424961	0.462969	+1.479671522775e-01	+1.479671522650e-01	8.425e-11	5.058e-10	0	0.302916677	0.305185307	1.687868e-01	7.280855e-01	0
(5,14,15)	0.687500	1.374447	1.082047e-02	0.424961	0.462969	+2.420894390102e-01	+2.420894390133e-01	1.277e-11	5.114e-11	0	0.303651966	0.304448634	1.700981e-01	7.319655e-01	0
(5,14,15)	0.687500	1.767146	1.082047e-02	0.424961	0.462969	+2.420894390102e-01	+2.420894390113e-01	4.486e-12	7.982e-11	0	0.303651966	0.304448634	1.700981e-01	7.319655e-01	0
(5,14,15)	0.687500	2.159845	1.082047e-02	0.424961	0.462969	+1.479671522775e-01	+1.479671522668e-01	7.233e-11	2.934e-10	0	0.302916677	0.305185307	1.687868e-01	7.280855e-01	0
(5,14,15)	0.687500	2.552544	1.082047e-02	0.424961	0.462969	+1.484267524765e-02	+1.484267525973e-02	8.138e-10	5.509e-09	0	0.302354443	0.305749503	1.677831e-01	7.251018e-01	0
(5,14,15)	0.687500	2.945243	1.082047e-02	0.424961	0.462969	-7.930148766731e-02	-7.930148766245e-02	6.138e-11	3.390e-10	0	0.302050373	0.306054964	1.672399e-01	7.234819e-01	0
(5,14,15)	0.812500	0.196350	1.082047e-02	0.424961	0.462969	-3.778480364202e-02	-3.778480365566e-02	3.610e-10	1.474e-09	0	0.233476173	0.236419075	1.148234e-01	5.744291e-01	0
(5,14,15)	0.812500	0.589049	1.082047e-02	0.424961	0.462969	+3.520919158990e-02	+3.520919158985e-02	1.504e-12	2.016e-09	0	0.233696709	0.236191898	1.152595e-01	5.760664e-01	0
(5,14,15)	0.812500	0.981748	1.082047e-02	0.424961	0.462969	+1.384103971315e-01	+1.384103971394e-01	5.693e-11	3.356e-10	0	0.234105848	0.235773381	1.160652e-01	5.790796e-01	0
(5,14,15)	0.812500	1.374447	1.082047e-02	0.424961	0.462969	+2.113649754924e-01	+2.113649754912e-01	5.528e-12	3.405e-11	0	0.234643487	0.235229121	1.171179e-01	5.829931e-01	0
(5,14,15)	0.812500	1.767146	1.082047e-02	0.424961	0.462969	+2.113649754924e-01	+2.113649754903e-01	1.017e-11	5.916e-11	0	0.234643487	0.235229121	1.171179e-01	5.829931e-01	0
(5,14,15)	0.812500	2.159845	1.082047e-02	0.424961	0.462969	+1.384103971315e-01	+1.384103971356e-01	2.966e-11	1.240e-10	0	0.234105848	0.235773381	1.160652e-01	5.790796e-01	0
(5,14,15)	0.812500	2.552544	1.082047e-02	0.424961	0.462969	+3.520919158990e-02	+3.520919159367e-02	1.070e-10	2.276e-09	0	0.233696709	0.236191898	1.152595e-01	5.760664e-01	0
(5,14,15)	0.812500	2.945243	1.082047e-02	0.424961	0.462969	-3.778480364202e-02	-3.778480364669e-02	1.235e-10	1.167e-09	0	0.233476173	0.236419075	1.148234e-01	5.744291e-01	0
(5,14,15)	0.937500	0.196350	1.082047e-02	0.424961	0.462969	+2.166969082507e-03	+2.166969082090e-03	1.924e-10	1.623e-08	0	0.194231385	0.195790884	6.285776e-02	3.375013e-01	0
(5,14,15)	0.937500	0.589049	1.082047e-02	0.424961	0.462969	+8.360221083320e-02	+8.360221084288e-02	1.158e-10	4.466e-10	0	0.194319459	0.195638384	6.311806e-02	3.391630e-01	0
(5,14,15)	0.937500	0.981748	1.082047e-02	0.424961	0.462969	+1.984503185981e-01	+1.984503185952e-01	1.425e-11	1.682e-10	0	0.194494313	0.195372618	6.359902e-02	3.422123e-01	0
(5,14,15)	0.937500	1.374447	1.082047e-02	0.424961	0.462969	+2.794358578720e-01	+2.794358578721e-01	4.919e-13	5.484e-11	0	0.194747553	0.195057295	6.422742e-02	3.461560e-01	0
(5,14,15)	0.937500	1.767146	1.082047e-02	0.424961	0.462969	+2.794358578720e-01	+2.794358578719e-01	2.781e-13	5.484e-11	0	0.194747553	0.195057295	6.422742e-02	3.461560e-01	0
(5,14,15)	0.937500	2.159845	1.082047e-02	0.424961	0.462969	+1.984503185981e-01	+1.984503185988e-01	3.488e-12	1.387e-10	0	0.194494313	0.195372618	6.359902e-02	3.422123e-01	0
(5,14,15)	0.937500	2.552544	1.082047e-02	0.424961	0.462969	+8.360221083320e-02	+8.360221084229e-02	1.087e-10	4.654e-10	0	0.194319459	0.195638384	6.311806e-02	3.391630e-01	0
(5,14,15)	0.937500	2.945243	1.082047e-02	0.424961	0.462969	+2.166969082507e-03	+2.166969083322e-03	3.762e-10	1.623e-08	0	0.194231385	0.195790884	6.285776e-02	3.375013e-01	0
(5,15,0)	-0.937500	0.196350	3.592819e-03	0.369049	0.402031	+1.527677199909e+00	+1.527677199837e+00	4.742e-11	1.794e-10	0	0.957604620	0.959811065	7.475220e-01	8.216453e-01	0
(5,15,0)	-0.937500	0.589049	3.592819e-03	0.369049	0.402031	+1.701739114825e+00	+1.701739114827e+00	7.420e-13	1.091e-10	0	0.957771575	0.959642103	7.475970e-01	8.218725e-01	0
(5,15,0)	-0.937500	0.981748	3.592819e-03	0.369049	0.402031	+1.947896862499e+00	+1.947896862513e+00	7.027e-12	4.293e-11	0	0.958080499	0.959330341	7.477357e-01	8.222921e-01	0
(5,15,0)	-0.937500	1.374447	3.592819e-03	0.369049	0.402031	+2.121954572858e+00	+2.121954572850e+00	3.941e-12	1.962e-11	0	0.958484975	0.958923859	7.479169e-01	8.228400e-01	0
(5,15,0)	-0.937500	1.767146	3.592819e-03	0.369049	0.402031	+2.121954572858e+00	+2.121954572850e+00	3.549e-12	1.390e-11	0	0.958484975	0.958923859	7.479169e-01	8.228400e-01	0
(5,15,0)	-0.937500	2.159845	3.592819e-03	0.369049	0.402031	+1.947896862499e+00	+1.947896862521e+00	1.108e-11	4.293e-11	0	0.958080499	0.959330341	7.477357e-01	8.222921e-01	0
(5,15,0)	-0.937500	2.552544	3.592819e-03	0.369049	0.402031	+1.701739114825e+00	+1.701739114818e+00	3.988e-12	4.937e-11	0	0.957771575	0.959642103	7.475970e-01	8.218725e-01	0
(5,15,0)	-0.937500	2.945243	3.592819e-03	0.369049	0.402031	+1.527677199909e+00	+1.527677199857e+00	3.407e-11	1.794e-10	0	0.957604620	0.959811065	7.475220e-01	8.216453e-01	0
(5,15,0)	-0.812500	0.196350	3.592819e-03	0.369049	0.402031	+6.689400644200e-01	+6.689400644444e-01	3.662e-11	3.995e-10	0	0.913254069	0.915662415	7.010579e-01	9.053984e-01	0
(5,15,0)	-0.812500	0.589049	3.592819e-03	0.369049	0.402031	+9.320244725375e-01	+9.320244725591e-01	2.320e-11	1.290e-10	0	0.913435755	0.915477440	7.011837e-01	9.057437e-01	0
(5,15,0)	-0.812500	0.981748	3.592819e-03	0.369049	0.402031	+1.304073484231e+00	+1.304073484208e+00	1.773e-11	7.872e-11	0	0.913772173	0.915136372	7.014160e-01	9.063815e-01	0
(5,15,0)	-0.812500	1.374447	3.592819e-03	0.369049	0.402031	+1.567145834489e+00	+1.567145834481e+00	4.979e-12	2.562e-11	0	0.914213108	0.914692148	7.017195e-01	9.072141e-01	0
(5,15,0)	-0.812500	1.767146	3.592819e-03	0.369049	0.402031	+1.567145834489e+00	+1.567145834482e+00	4.424e-12	7.031e-12	0	0.914213108	0.914692148	7.017195e-01	9.072141e-01	0
(5,15,0)	-0.812500	2.159845	3.592819e-03	0.369049	0.402031	+1.304073484231e+00	+1.304073484209e+00	1.710e-11	7.872e-11	0	0.913772173	0.915136372	7.014160e-01	9.063815e-01	0
(5,15,0)	-0.812500	2.552544	3.592819e-03	0.369049	0.402031	+9.320244725375e-01	+9.320244725366e-01	9.458e-13	3.056e-10	0	0.913435755	0.915477440	7.011837e-01	9.057437e-01	0
(5,15,0)	-0.812500	2.945243	3.592819e-03	0.369049	0.402031	+6.689400644199e-01	+6.689400644574e-01	5.598e-11	2.249e-10	0	0.913254069	0.915662415	7.010579e-01	9.053984e-01	0
(5,15,0)	-0.687500	0.196350	3.592819e-03	0.369049	0.402031	+3.917562569729e-01	+3.917562569848e-01	3.057e-11	1.741e-10	0	0.902601834	0.904665797	6.547239e-01	9.689371e-01	0
(5,15,0)	-0.687500	0.589049	3.592819e-03	0.369049	0.402031	+6.465323779493e-01	+6.465323779577e-01	1.296e-11	3.177e-10	0	0.902757230	0.904506960	6.548805e-01	9.693391e-01	0
(5,15,0)	-0.687500	0.981748	3.592819e-03	0.369049	0.402031	+1.006830691898e+00	+1.006830691919e+00	2.081e-11	7.624e-11	0	0.903045102	0.904214220	6.551699e-01	9.700814e-01	0
(5,15,0)	-0.687500	1.374447	3.592819e-03	0.369049	0.402031	+1.261593333237e+00	+1.261593333231e+00	4.281e-12	3.880e-11	0	0.903422672	0.903833208	6.555480e-01	9.710504e-01	0
(5,15,0)	-0.687500	1.767146	3.592819e-03	0.369049	0.402031	+1.261593333237e+00	+1.261593333233e+00	2.767e-12	3.329e-11	0	0.903422672	0.903833208	6.555480e-01	9.710504e-01	0
(5,15,0)	-0.687500	2.159845	3.592819e-03	0.369049	0.402031	+1.006830691898e+00	+1.006830691908e+00	9.738e-12	8.250e-11	0	0.903045102	0.904214220	6.551699e-01	9.700814e-01	0
(5,15,0)	-0.687500	2.552544	3.592819e-03	0.369049	0.402031	+6.465323779493e-01	+6.465323779577e-01	1.296e-11	3.177e-10	0	0.902757230	0.904506960	6.548805e-01	9.693391e-01	0
(5,15,0)	-0.687500	2.945243	3.592819e-03	0.369049	0.402031	+3.917562569728e-01	+3.917562569573e-01	3.957e-11	4.911e-10	0	0.902601834	0.904665797	6.547239e-01	9.689371e-01	0
(5,15,0)	-0.562500	0.196350	3.592819e-03	0.369049	0.402031	+2.881687745914e-01	+2.881687745905e-01	3.052e-12	5.075e-10	0	0.915057284	0.916679921	6.084502e-01	1.015890e+00	0
(5,15,0)	-0.562500	0.589049	3.592819e-03	0.369049	0.402031	+5.185594319990e-01	+5.185594320236e-01	4.744e-11	2.308e-10	0	0.915179151	0.916554742	6.086285e-01	1.016327e+00	0
(5,15,0)	-0.562500	0.981748	3.592819e-03	0.369049	0.402031	+8.443722609202e-01	+8.443722609369e-01	1.981e-11	1.101e-10	0	0.915405041	0.916324168	6.089580e-01	1.017133e+00	0
(5,15,0)	-0.562500	1.374447	3.592819e-03	0.369049	0.402031	+1.074750525195e+00	+1.074750525196e+00	9.386e-13	3.306e-11	0	0.915701573	0.916024324	6.093885e-01	1.018185e+00	0
(5,15,0)	-0.562500	1.767146	3.592819e-03	0.369049	0.402031	+1.074750525195e+00	+1.074750525189e+00	5.141e-12	3.952e-11	0	0.915701573	0.916024324	6.093885e-01	1.018185e+00	0
(5,15,0)	-0.562500	2.159845	3.592819e-03	0.369049	0.402031	+8.443722609202e-01	+8.443722609255e-01	6.289e-12	1.265e-10	0	0.915405041	0.916324168	6.089580e-01	1.017133e+00	0
(5,15,0)	-0.562500	2.552544	3.592819e-03	0.369049	0.402031	+5.185594319991e-01	+5.185594320071e-01	1.539e-11	2.245e-10	0	0.915179151	0.916554742	6.086285e-01	1.016327e+00	0
(5,15,0)	-0.562500	2.945243	3.592819e-03	0.369049	0.402031	+2.881687745914e-01	+2.881687745503e-01	1.425e-10	9.055e-10	0	0.915057284	0.916679921	6.084502e-01	1.015890e+00	0
(5,15,0)	-0.437500	0.196350	3.592819e-03	0.369049	0.402031	+2.391492624484e-01	+2.391492624293e-01	8.004e-11	6.112e-10	0	0.943712387	0.944855721	5.622164e-01	1.048440e+00	0
(5,15,0)	-0.437500	0.589049	3.592819e-03	0.369049	0.402031	+4.478008723682e-01	+4.478008723794e-01	2.499e-11	2.246e-10	0	0.943797874	0.944767131	5.624104e-01	1.048900e+00	0
(5,15,0)	-0.437500	0.981748	3.592819e-03	0.369049	0.402031	+7.428712448112e-01	+7.428712448036e-01	1.023e-11	1.332e-10	0	0.943956496	0.944604119	5.627687e-01	1.049750e+00	0
(5,15,0)	-0.437500	1.374447	3.592819e-03	0.369049	0.402031	+9.515121576612e-01	+9.515121576599e-01	1.385e-12	3.654e-11	0	0.944165050	0.944392461	5.632369e-01	1.050858e+00	0
(5,15,0)	-0.437500	1.767146	3.592819e-03	0.369049	0.402031	+9.515121576612e-01	+9.515121576539e-01	7.624e-12	3.792e-11	0	0.944165050	0.944392461	5.632369e-01	1.050858e+00	0
(5,15,0)	-0.437500	2.159845	3.592819e-03	0.369049	0.402031	+7.428712448112e-01	+7.428712447954e-01	2.119e-11	7.181e-11	0	0.943956496	0.944604119	5.627687e-01	1.049750e+00	0
(5,15,0)	-0.437500	2.552544	3.592819e-03	0.369049	0.402031	+4.478008723683e-01	+4.478008723631e-01	1.160e-11	4.096e-10	0	0.943797874	0.944767131	5.624104e-01	1.048900e+00	0
(5,15,0)	-0.437500	2.945243	3.592819e-03	0.369049	0.402031	+2.391492624484e-01	+2.391492624840e-01	1.487e-10	7.939e-10	0	0.943712387	0.944855721	5.622164e-01	1.048440e+00	0
(5,15,0)	-0.312500	0.196350	3.592819e-03	0.369049	0.402031	+2.030868488375e-01	+2.030868488375e-01	5.180e-14	5.813e-10	0	0.978613698	0.979234393	5.160134e-01	1.067883e+00	0
(5,15,0)	-0.312500	0.589049	3.592819e-03	0.369049	0.402031	+3.961253285180e-01	+3.961253285097e-01	2.099e-11	3.016e-10	0	0.978659525	0.979185712	5.162183e-01	1.068360e+00	0
(5,15,0)	-0.312500	0.981748	3.592819e-03	0.369049	0.402031	+6.691166004095e-01	+6.691166004143e-01	7.184e-12	1.431e-10	0	0.978744813	0.979096387	5.165969e-01	1.069241e+00	0
(5,15,0)	-0.312500	1.374447	3.592819e-03	0.369049	0.402031	+8.621460800290e-01	+8.621460800299e-01	1.099e-12	1.829e-11	0	0.978857446	0.978980899	5.170915e-01	1.070391e+00	0
(5,15,0)	-0.312500	1.767146	3.592819e-03	0.369049	0.402031	+8.621460800290e-01	+8.621460800330e-01	4.673e-12	2.690e-11	0	0.978857446	0.978980899	5.170915e-01	1.070391e+00	0
(5,15,0)	-0.312500	2.159845	3.592819e-03	0.369049	0.402031	+6.691166004095e-01	+6.691166004070e-01	3.626e-12	9.380e-11	0	0.978744813	0.979096387	5.165969e-01	1.069241e+00	0
(5,15,0)	-0.312500	2.552544	3.592819e-03	0.369049	0.402031	+3.961253285180e-01	+3.961253285097e-01	2.099e-11	3.016e-10	0	0.978659525	0.979185712	5.162183e-01	1.068360e+00	0
(5,15,0)	-0.312500	2.945243	3.592819e-03	0.369049	0.402031	+2.030868488375e-01	+2.030868488273e-01	5.021e-11	8.776e-10	0	0.978613698	0.979234393	5.160134e-01	1.067883e+00	0
(5,15,0)	-0.187500	0.196350	3.592819e-03	0.369049	0.402031	+1.633047926516e-01	+1.633047926401e-01	7.036e-11	4.283e-09	0	0.999805019	0.999854568	4.698364e-01	1.074920e+00	0
(5,15,0)	-0.187500	0.589049	3.592819e-03	0.369049	0.402031	+3.454261178562e-01	+3.454261177943e-01	1.792e-10	6.379e-10	0	0.999807529	0.999849522	4.700483e-01	1.075410e+00	0
(5,15,0)	-0.187500	0.981748	3.592819e-03	0.369049	0.402031	+6.029793099824e-01	+6.029793099943e-01	1.973e-11	5.433e-10	0	0.999812709	0.999840756	4.704397e-01	1.076315e+00	0
(5,15,0)	-0.187500	1.374447	3.592819e-03	0.369049	0.402031	+7.850932022722e-01	+7.850932022729e-01	8.652e-13	1.009e-10	0	0.999820542	0.999831968	4.709512e-01	1.077496e+00	0
(5,15,0)	-0.187500	1.767146	3.592819e-03	0.369049	0.402031	+7.850932022722e-01	+7.850932022740e-01	2.222e-12	1.009e-10	0	0.999820542	0.999831968	4.709512e-01	1.077496e+00	0
(5,15,0)	-0.187500	2.159845	3.592819e-03	0.369049	0.402031	+6.029793099824e-01	+6.029793100067e-01	4.028e-11	5.426e-10	0	0.999812709	0.999840756	4.704397e-01	1.076315e+00	0
(5,15,0)	-0.187500	2.552544	3.592819e-03	0.369049	0.402031	+3.454261178562e-01	+3.454261177895e-01	1.931e-10	6.379e-10	0	0.999807529	0.999849522	4.700483e-01	1.075410e+00	0
(5,15,0)	-0.187500	2.945243	3.592819e-03	0.369049	0.402031	+1.633047926516e-01	+1.633047926511e-01	2.749e-12	3.544e-09	0	0.999805019	0.999854568	4.698364e-01	1.074920e+00	0
(5,15,0)	-0.062500	0.196350	3.592819e-03	0.369049	0.402031	+1.139089523257e-01	+1.139089523279e-01	1.934e-11	5.318e-10	0	0.975275610	0.975805932	4.236829e-01	1.069789e+00	0
(5,15,0)	-0.062500	0.589049	3.592819e-03	0.369049	0.402031	+2.861571524440e-01	+2.861571524357e-01	2.869e-11	3.008e-10	0	0.975314921	0.975764518	4.238982e-01	1.070289e+00	0
(5,15,0)	-0.062500	0.981748	3.592819e-03	0.369049	0.402031	+5.297486661207e-01	+5.297486661104e-01	1.946e-11	1.185e-10	0	0.975388020	0.975688442	4.242959e-01	1.071213e+00	0
(5,15,0)	-0.062500	1.374447	3.592819e-03	0.369049	0.402031	+7.019908884557e-01	+7.019908884539e-01	2.512e-12	3.261e-11	0	0.975484431	0.975589928	4.248156e-01	1.072419e+00	0
(5,15,0)	-0.062500	1.767146	3.592819e-03	0.369049	0.402031	+7.019908884557e-01	+7.019908884599e-01	6.054e-12	3.247e-11	0	0.975484431	0.975589928	4.248156e-01	1.072419e+00	0
(5,15,0)	-0.062500	2.159845	3.592819e-03	0.369049	0.402031	+5.297486661207e-01	+5.297486661215e-01	1.455e-12	5.518e-11	0	0.975388020	0.975688442	4.242959e-01	1.071213e+00	0
(5,15,0)	-0.062500	2.552544	3.592819e-03	0.369049	0.402031	+2.861571524440e-01	+2.861571524421e-01	6.345e-12	2.034e-10	0	0.975314921	0.975764518	4.238982e-01	1.070289e+00	0
(5,15,0)	-0.062500	2.945243	3.592819e-03	0.369049	0.402031	+1.139089523257e-01	+1.139089523301e-01	3.923e-11	3.481e-10	0	0.975275610	0.975805932	4.236829e-01	1.069789e+00	0
(5,15,0)	0.062500	0.196350	3.592819e-03	0.369049	0.402031	+5.753853253652e-02	+5.753853254723e-02	1.862e-10	1.419e-09	0	0.883522010	0.884538698	3.775518e-01	1.052310e+00	0
(5,15,0)	0.062500	0.589049	3.592819e-03	0.369049	0.402031	+2.173485006134e-01	+2.173485006184e-01	2.322e-11	4.933e-10	0	0.883598609	0.884460525	3.777670e-01	1.052818e+00	0
(5,15,0)	0.062500	0.981748	3.592819e-03	0.369049	0.402031	+4.433506471580e-01	+4.433506471497e-01	1.866e-11	1.170e-10	0	0.883740492	0.884316415	3.781648e-01	1.053758e+00	0
(5,15,0)	0.062500	1.374447	3.592819e-03	0.369049	0.402031	+6.031559799584e-01	+6.031559799545e-01	6.518e-12	2.435e-11	0	0.883926547	0.884128787	3.786844e-01	1.054983e+00	0
(5,15,0)	0.062500	1.767146	3.592819e-03	0.369049	0.402031	+6.031559799584e-01	+6.031559799581e-01	4.769e-13	2.650e-11	0	0.883926547	0.884128787	3.786844e-01	1.054983e+00	0
(5,15,0)	0.062500	2.159845	3.592819e-03	0.369049	0.402031	+4.433506471580e-01	+4.433506471441e-01	3.131e-11	7.021e-11	0	0.883740492	0.884316415	3.781648e-01	1.053758e+00	0
(5,15,0)	0.062500	2.552544	3.592819e-03	0.369049	0.402031	+2.173485006134e-01	+2.173485006038e-01	4.404e-11	4.933e-10	0	0.883598609	0.884460525	3.777670e-01	1.052818e+00	0
(5,15,0)	0.062500	2.945243	3.592819e-03	0.369049	0.402031	+5.753853253650e-02	+5.753853254195e-02	9.473e-11	1.320e-09	0	0.883522010	0.884538698	3.775518e-01	1.052310e+00	0
(5,15,0)	0.187500	0.196350	3.592819e-03	0.369049	0.402031	+3.444595534896e-03	+3.444595534661e-03	6.846e-11	2.386e-08	0	0.741973232	0.743291923	3.314430e-01	1.021849e+00	0
(5,15,0)	0.187500	0.589049	3.592819e-03	0.369049	0.402031	+1.474431729046e-01	+1.474431729019e-01	1.849e-11	8.341e-10	0	0.742073085	0.743191026	3.316548e-01	1.022364e+00	0
(5,15,0)	0.187500	0.981748	3.592819e-03	0.369049	0.402031	+3.510854465162e-01	+3.510854465154e-01	2.267e-12	7.008e-11	0	0.742257822	0.743004813	3.320463e-01	1.023316e+00	0
(5,15,0)	0.187500	1.374447	3.592819e-03	0.369049	0.402031	+4.950805344473e-01	+4.950805344500e-01	5.484e-12	2.523e-11	0	0.742499640	0.742761951	3.325577e-01	1.024559e+00	0
(5,15,0)	0.187500	1.767146	3.592819e-03	0.369049	0.402031	+4.950805344473e-01	+4.950805344437e-01	7.344e-12	3.988e-11	0	0.742499640	0.742761951	3.325577e-01	1.024559e+00	0
(5,15,0)	0.187500	2.159845	3.592819e-03	0.369049	0.402031	+3.510854465162e-01	+3.510854465109e-01	1.501e-11	1.293e-10	0	0.742257822	0.743004813	3.320463e-01	1.023316e+00	0
(5,15,0)	0.187500	2.552544	3.592819e-03	0.369049	0.402031	+1.474431729046e-01	+1.474431728994e-01	3.541e-11	3.643e-10	0	0.742073085	0.743191026	3.316548e-01	1.022364e+00	0
(5,15,0)	0.187500	2.945243	3.592819e-03	0.369049	0.402031	+3.444595534896e-03	+3.444595540877e-03	1.736e-09	2.386e-08	0	0.741973232	0.743291923	3.314430e-01	1.021849e+00	0
(5,15,0)	0.312500	0.196350	3.592819e-03	0.369049	0.402031	-3.904352987723e-02	-3.904352986682e-02	2.666e-10	1.926e-09	0	0.591775557	0.593212717	2.853576e-01	9.771963e-01	0
(5,15,0)	0.312500	0.589049	3.592819e-03	0.369049	0.402031	+8.749748287288e-02	+8.749748285481e-02	2.066e-10	6.153e-10	0	0.591884645	0.593103016	2.855625e-01	9.777177e-01	0
(5,15,0)	0.312500	0.981748	3.592819e-03	0.369049	0.402031	+2.664516380365e-01	+2.664516380341e-01	8.917e-12	2.193e-10	0	0.592086350	0.592900445	2.859411e-01	9.786803e-01	0
(5,15,0)	0.312500	1.374447	3.592819e-03	0.369049	0.402031	+3.929900186318e-01	+3.929900186326e-01	2.073e-12	4.507e-11	0	0.592350155	0.592636029	2.864357e-01	9.799366e-01	0
(5,15,0)	0.312500	1.767146	3.592819e-03	0.369049	0.402031	+3.929900186318e-01	+3.929900186293e-01	6.386e-12	3.438e-11	0	0.592350155	0.592636029	2.864357e-01	9.799366e-01	0
(5,15,0)	0.312500	2.159845	3.592819e-03	0.369049	0.402031	+2.664516380365e-01	+2.664516380403e-01	1.407e-11	1.739e-10	0	0.592086350	0.592900445	2.859411e-01	9.786803e-01	0
(5,15,0)	0.312500	2.552544	3.592819e-03	0.369049	0.402031	+8.749748287288e-02	+8.749748285481e-02	2.066e-10	6.153e-10	0	0.591884645	0.593103016	2.855625e-01	9.777177e-01	0
(5,15,0)	0.312500	2.945243	3.592819e-03	0.369049	0.402031	-3.904352987724e-02	-3.904352987178e-02	1.399e-10	1.576e-09	0	0.591775557	0.593212717	2.853576e-01	9.771963e-01	0
(5,15,0)	0.437500	0.196350	3.592819e-03	0.369049	0.402031	-6.506844763878e-02	-6.506844765108e-02	1.890e-10	1.647e-09	0	0.460165505	0.461593718	2.392983e-01	9.162862e-01	0
(5,15,0)	0.437500	0.589049	3.592819e-03	0.369049	0.402031	+4.395779072427e-02	+4.395779071782e-02	1.469e-10	1.259e-09	0	0.460274062	0.461484847	2.394922e-01	9.168125e-01	0
(5,15,0)	0.437500	0.981748	3.592819e-03	0.369049	0.402031	+1.981427011473e-01	+1.981427011403e-01	3.533e-11	2.525e-10	0	0.460474720	0.461283745	2.398506e-01	9.177842e-01	0
(5,15,0)	0.437500	1.374447	3.592819e-03	0.369049	0.402031	+3.071668542781e-01	+3.071668542790e-01	2.931e-12	4.347e-11	0	0.460737029	0.461021122	2.403188e-01	9.190523e-01	0
(5,15,0)	0.437500	1.767146	3.592819e-03	0.369049	0.402031	+3.071668542781e-01	+3.071668542758e-01	7.496e-12	5.932e-11	0	0.460737029	0.461021122	2.403188e-01	9.190523e-01	0
(5,15,0)	0.437500	2.159845	3.592819e-03	0.369049	0.402031	+1.981427011473e-01	+1.981427011439e-01	1.738e-11	1.533e-10	0	0.460474720	0.461283745	2.398506e-01	9.177842e-01	0
(5,15,0)	0.437500	2.552544	3.592819e-03	0.369049	0.402031	+4.395779072428e-02	+4.395779072616e-02	4.284e-11	1.464e-09	0	0.460274062	0.461484847	2.394922e-01	9.168125e-01	0
(5,15,0)	0.437500	2.945243	3.592819e-03	0.369049	0.402031	-6.506844763880e-02	-6.506844761908e-02	3.031e-10	1.647e-09	0	0.460165505	0.461593718	2.392983e-01	9.162862e-01	0
(5,15,0)	0.562500	0.196350	3.592819e-03	0.369049	0.402031	-7.314115825296e-02	-7.314115823697e-02	2.186e-10	1.276e-09	0	0.354007743	0.355345335	1.932697e-01	8.355849e-01	0
(5,15,0)	0.562500	0.589049	3.592819e-03	0.369049	0.402031	+1.865094894445e-02	+1.865094893881e-02	3.025e-10	5.969e-09	0	0.354109483	0.355243443	1.934480e-01	8.361155e-01	0
(5,15,0)	0.562500	0.981748	3.592819e-03	0.369049	0.402031	+1.484632949661e-01	+1.484632949699e-01	2.549e-11	5.422e-10	0	0.354297510	0.355055201	1.937775e-01	8.370952e-01	0
(5,15,0)	0.562500	1.374447	3.592819e-03	0.369049	0.402031	+2.402535681375e-01	+2.402535681348e-01	1.096e-11	7.919e-11	0	0.354543247	0.354809313	1.942080e-01	8.383734e-01	0
(5,15,0)	0.562500	1.767146	3.592819e-03	0.369049	0.402031	+2.402535681375e-01	+2.402535681353e-01	9.020e-12	5.032e-11	0	0.354543247	0.354809313	1.942080e-01	8.383734e-01	0
(5,15,0)	0.562500	2.159845	3.592819e-03	0.369049	0.402031	+1.484632949661e-01	+1.484632949763e-01	6.864e-11	2.618e-10	0	0.354297510	0.355055201	1.937775e-01	8.370952e-01	0
(5,15,0)	0.562500	2.552544	3.592819e-03	0.369049	0.402031	+1.865094894448e-02	+1.865094893551e-02	4.808e-10	4.973e-09	0	0.354109483	0.355243443	1.934480e-01	8.361155e-01	0
(5,15,0)	0.562500	2.945243	3.592819e-03	0.369049	0.402031	-7.314115825294e-02	-7.314115825378e-02	1.151e-11	9.736e-10	0	0.354007743	0.355345335	1.932697e-01	8.355849e-01	0
(5,15,0)	0.687500	0.196350	3.592819e-03	0.369049	0.402031	-6.223176138345e-02	-6.223176138336e-02	1.573e-12	6.573e-10	0	0.270643471	0.271816231	1.472811e-01	7.285763e-01	0
(5,15,0)	0.687500	0.589049	3.592819e-03	0.369049	0.402031	+1.213924213716e-02	+1.213924213442e-02	2.258e-10	5.267e-09	0	0.270732658	0.271726880	1.474377e-01	7.291108e-01	0
(5,15,0)	0.687500	0.981748	3.592819e-03	0.369049	0.402031	+1.173143390447e-01	+1.173143390355e-01	7.882e-11	1.691e-10	0	0.270897492	0.271561814	1.477271e-01	7.300974e-01	0
(5,15,0)	0.687500	1.374447	3.592819e-03	0.369049	0.402031	+1.916833840833e-01	+1.916833840826e-01	3.589e-12	8.574e-11	0	0.271112931	0.271346211	1.481052e-01	7.313844e-01	0
(5,15,0)	0.687500	1.767146	3.592819e-03	0.369049	0.402031	+1.916833840833e-01	+1.916833840816e-01	8.722e-12	5.414e-11	0	0.271112931	0.271346211	1.481052e-01	7.313844e-01	0
(5,15,0)	0.687500	2.159845	3.592819e-03	0.369049	0.402031	+1.173143390447e-01	+1.173143390425e-01	1.885e-11	2.862e-10	0	0.270897492	0.271561814	1.477271e-01	7.300974e-01	0
(5,15,0)	0.687500	2.552544	3.592819e-03	0.369049	0.402031	+1.213924213716e-02	+1.213924213442e-02	2.258e-10	5.267e-09	0	0.270732658	0.271726880	1.474377e-01	7.291108e-01	0
(5,15,0)	0.687500	2.945243	3.592819e-03	0.369049	0.402031	-6.223176138347e-02	-6.223176137951e-02	6.369e-11	8.817e-10	0	0.270643471	0.271816231	1.472811e-01	7.285763e-01	0
(5,15,0)	0.812500	0.196350	3.592819e-03	0.369049	0.402031	-2.947028574822e-02	-2.947028575321e-02	1.694e-10	1.917e-09	0	0.206295942	0.207151712	1.013528e-01	5.809870e-01	0
(5,15,0)	0.812500	0.589049	3.592819e-03	0.369049	0.402031	+2.726247239369e-02	+2.726247239401e-02	1.146e-11	1.992e-09	0	0.206360751	0.207086248	1.014786e-01	5.815250e-01	0
(5,15,0)	0.812500	0.981748	3.592819e-03	0.369049	0.402031	+1.074923011912e-01	+1.074923011969e-01	5.374e-11	4.585e-10	0	0.206480651	0.206965422	1.017109e-01	5.825179e-01	0
(5,15,0)	0.812500	1.374447	3.592819e-03	0.369049	0.402031	+1.642216553203e-01	+1.642216553196e-01	4.544e-12	7.260e-11	0	0.206637593	0.206807825	1.020144e-01	5.838126e-01	0
(5,15,0)	0.812500	1.767146	3.592819e-03	0.369049	0.402031	+1.642216553203e-01	+1.642216553205e-01	1.135e-12	7.260e-11	0	0.206637593	0.206807825	1.020144e-01	5.838126e-01	0
(5,15,0)	0.812500	2.159845	3.592819e-03	0.369049	0.402031	+1.074923011912e-01	+1.074923012009e-01	9.052e-11	2.530e-10	0	0.206480651	0.206965422	1.017109e-01	5.825179e-01	0
(5,15,0)	0.812500	2.552544	3.592819e-03	0.369049	0.402031	+2.726247239369e-02	+2.726247239518e-02	5.431e-11	2.103e-09	0	0.206360751	0.207086248	1.014786e-01	5.815250e-01	0
(5,15,0)	0.812500	2.945243	3.592819e-03	0.369049	0.402031	-2.947028574823e-02	-2.947028574930e-02	3.636e-11	2.419e-09	0	0.206295942	0.207151712	1.013528e-01	5.809870e-01	0
(5,15,0)	0.937500	0.196350	3.592819e-03	0.369049	0.402031	+1.590614875621e-03	+1.590614876601e-03	6.162e-10	3.105e-08	0	0.169652441	0.170102754	5.555455e-02	3.445518e-01	0
(5,15,0)	0.937500	0.589049	3.592819e-03	0.369049	0.402031	+6.396916094754e-02	+6.396916095284e-02	8.289e-11	6.255e-10	0	0.169683680	0.170065336	5.562960e-02	3.450931e-01	0
(5,15,0)	0.937500	0.981748	3.592819e-03	0.369049	0.402031	+1.521587402016e-01	+1.521587402028e-01	7.476e-12	1.424e-10	0	0.169742681	0.169997600	5.576828e-02	3.460913e-01	0
(5,15,0)	0.937500	1.374447	3.592819e-03	0.369049	0.402031	+2.144991028298e-01	+2.144991028265e-01	1.535e-11	2.127e-11	0	0.169822307	0.169911799	5.594947e-02	3.473910e-01	0
(5,15,0)	0.937500	1.767146	3.592819e-03	0.369049	0.402031	+2.144991028298e-01	+2.144991028272e-01	1.206e-11	2.432e-11	0	0.169822307	0.169911799	5.594947e-02	3.473910e-01	0
(5,15,0)	0.937500	2.159845	3.592819e-03	0.369049	0.402031	+1.521587402016e-01	+1.521587402018e-01	1.319e-12	9.447e-11	0	0.169742681	0.169997600	5.576828e-02	3.460913e-01	0
(5,15,0)	0.937500	2.552544	3.592819e-03	0.369049	0.402031	+6.396916094753e-02	+6.396916095862e-02	1.734e-10	2.712e-10	0	0.169683680	0.170065336	5.562960e-02	3.450931e-01	0
(5,15,0)	0.937500	2.945243	3.592819e-03	0.369049	0.402031	+1.590614875629e-03	+1.590614878596e-03	1.865e-09	3.105e-08	0	0.169652441	0.170102754	5.555455e-02	3.445518e-01	0
(5,15,15)	-0.937500	0.196350	3.592819e-03	0.424988	0.462969	+1.577216965072e+00	+1.577216965058e+00	8.810e-12	1.181e-10	0	0.976282892	0.977784428	8.608269e-01	9.255112e-01	0
(5,15,15)	-0.937500	0.589049	3.592819e-03	0.424988	0.462969	+1.689003013013e+00	+1.689003012982e+00	1.787e-11	1.154e-10	0	0.976396609	0.977669548	8.609133e-01	9.257129e-01	0
(5,15,15)	-0.937500	0.981748	3.592819e-03	0.424988	0.462969	+1.847091173949e+00	+1.847091173949e+00	2.080e-14	8.146e-11	0	0.976606982	0.977457530	8.610730e-01	9.260854e-01	0
(5,15,15)	-0.937500	1.374447	3.592819e-03	0.424988	0.462969	+1.958875547263e+00	+1.958875547264e+00	6.659e-13	1.123e-11	0	0.976882339	0.977181011	8.612817e-01	9.265719e-01	0
(5,15,15)	-0.937500	1.767146	3.592819e-03	0.424988	0.462969	+1.958875547263e+00	+1.958875547263e+00	2.362e-13	1.832e-11	0	0.976882339	0.977181011	8.612817e-01	9.265719e-01	0
(5,15,15)	-0.937500	2.159845	3.592819e-03	0.424988	0.462969	+1.847091173949e+00	+1.847091173946e+00	1.701e-12	5.148e-11	0	0.976606982	0.977457530	8.610730e-01	9.260854e-01	0
(5,15,15)	-0.937500	2.552544	3.592819e-03	0.424988	0.462969	+1.689003013013e+00	+1.689003012954e+00	3.444e-11	8.710e-11	0	0.976396609	0.977669548	8.609133e-01	9.257129e-01	0
(5,15,15)	-0.937500	2.945243	3.592819e-03	0.424988	0.462969	+1.577216965072e+00	+1.577216965073e+00	3.366e-13	1.181e-10	0	0.976282892	0.977784428	8.608269e-01	9.255112e-01	0
(5,15,15)	-0.812500	0.196350	3.592819e-03	0.424988	0.462969	+8.929339797546e-01	+8.929339797463e-01	9.290e-12	1.826e-10	0	0.951964093	0.953709498	8.073201e-01	9.887310e-01	0
(5,15,15)	-0.812500	0.589049	3.592819e-03	0.424988	0.462969	+1.090193993361e+00	+1.090193993368e+00	6.545e-12	1.390e-10	0	0.952095857	0.953575533	8.074649e-01	9.890473e-01	0
(5,15,15)	-0.812500	0.981748	3.592819e-03	0.424988	0.462969	+1.369157371916e+00	+1.369157371904e+00	8.767e-12	7.268e-11	0	0.952339798	0.953328479	8.077324e-01	9.896314e-01	0
(5,15,15)	-0.812500	1.374447	3.592819e-03	0.424988	0.462969	+1.566411151731e+00	+1.566411151729e+00	9.927e-13	2.641e-11	0	0.952659449	0.953006627	8.080820e-01	9.903940e-01	0
(5,15,15)	-0.812500	1.767146	3.592819e-03	0.424988	0.462969	+1.566411151731e+00	+1.566411151735e+00	2.318e-12	1.312e-11	0	0.952659449	0.953006627	8.080820e-01	9.903940e-01	0
(5,15,15)	-0.812500	2.159845	3.592819e-03	0.424988	0.462969	+1.369157371916e+00	+1.369157371904e+00	9.116e-12	5.247e-11	0	0.952339798	0.953328479	8.077324e-01	9.896314e-01	0
(5,15,15)	-0.812500	2.552544	3.592819e-03	0.424988	0.462969	+1.090193993361e+00	+1.090193993370e+00	8.663e-12	8.828e-11	0	0.952095857	0.953575533	8.074649e-01	9.890473e-01	0
(5,15,15)	-0.812500	2.945243	3.592819e-03	0.424988	0.462969	+8.929339797546e-01	+8.929339797547e-01	9.872e-14	1.826e-10	0	0.951964093	0.953709498	8.073201e-01	9.887310e-01	0
(5,15,15)	-0.687500	0.196350	3.592819e-03	0.424988	0.462969	+5.947982833084e-01	+5.947982832948e-01	2.287e-11	2.984e-10	0	0.948806156	0.950327265	7.539630e-01	1.036678e+00	0
(5,15,15)	-0.687500	0.589049	3.592819e-03	0.424988	0.462969	+8.074973833666e-01	+8.074973833737e-01	8.742e-12	2.385e-10	0	0.948920691	0.950210216	7.541434e-01	1.037054e+00	0
(5,15,15)	-0.687500	0.981748	3.592819e-03	0.424988	0.462969	+1.108293500228e+00	+1.108293500207e+00	1.946e-11	5.626e-11	0	0.949132864	0.949994488	7.544766e-01	1.037748e+00	0
(5,15,15)	-0.687500	1.374447	3.592819e-03	0.424988	0.462969	+1.320984348252e+00	+1.320984348245e+00	5.347e-12	1.946e-11	0	0.949411139	0.949713699	7.549121e-01	1.038654e+00	0
(5,15,15)	-0.687500	1.767146	3.592819e-03	0.424988	0.462969	+1.320984348252e+00	+1.320984348249e+00	2.082e-12	1.533e-11	0	0.949411139	0.949713699	7.549121e-01	1.038654e+00	0
(5,15,15)	-0.687500	2.159845	3.592819e-03	0.424988	0.462969	+1.108293500228e+00	+1.108293500222e+00	6.001e-12	3.975e-11	0	0.949132864	0.949994488	7.544766e-01	1.037748e+00	0
(5,15,15)	-0.687500	2.552544	3.592819e-03	0.424988	0.462969	+8.074973833666e-01	+8.074973833737e-01	8.742e-12	2.385e-10	0	0.948920691	0.950210216	7.541434e-01	1.037054e+00	0
(5,15,15)	-0.687500	2.945243	3.592819e-03	0.424988	0.462969	+5.947982833084e-01	+5.947982833174e-01	1.508e-11	3.224e-10	0	0.948806156	0.950327265	7.539630e-01	1.036678e+00	0
(5,15,15)	-0.562500	0.196350	3.592819e-03	0.424988	0.462969	+4.446452675876e-01	+4.446452675778e-01	2.201e-11	9.384e-11	0	0.960166974	0.961328817	7.006754e-01	1.071244e+00	0
(5,15,15)	-0.562500	0.589049	3.592819e-03	0.424988	0.462969	+6.529384649355e-01	+6.529384649239e-01	1.780e-11	2.645e-10	0	0.960254144	0.961239097	7.008808e-01	1.071658e+00	0
(5,15,15)	-0.562500	0.981748	3.592819e-03	0.424988	0.462969	+9.475035043278e-01	+9.475035043220e-01	6.074e-12	8.478e-11	0	0.960415760	0.961073875	7.012602e-01	1.072422e+00	0
(5,15,15)	-0.562500	1.374447	3.592819e-03	0.424988	0.462969	+1.155788180817e+00	+1.155788180814e+00	2.006e-12	2.983e-11	0	0.960627994	0.960859091	7.017560e-01	1.073420e+00	0
(5,15,15)	-0.562500	1.767146	3.592819e-03	0.424988	0.462969	+1.155788180817e+00	+1.155788180814e+00	2.190e-12	2.683e-11	0	0.960627994	0.960859091	7.017560e-01	1.073420e+00	0
(5,15,15)	-0.562500	2.159845	3.592819e-03	0.424988	0.462969	+9.475035043278e-01	+9.475035043039e-01	2.521e-11	9.045e-11	0	0.960415760	0.961073875	7.012602e-01	1.072422e+00	0
(5,15,15)	-0.562500	2.552544	3.592819e-03	0.424988	0.462969	+6.529384649355e-01	+6.529384648923e-01	6.610e-11	2.508e-10	0	0.960254144	0.961239097	7.008808e-01	1.071658e+00	0
(5,15,15)	-0.562500	2.945243	3.592819e-03	0.424988	0.462969	+4.446452675876e-01	+4.446452675845e-01	7.021e-12	5.470e-10	0	0.960166974	0.961328817	7.006754e-01	1.071244e+00	0
(5,15,15)	-0.437500	0.196350	3.592819e-03	0.424988	0.462969	+3.527493770650e-01	+3.527493770800e-01	4.261e-11	5.095e-10	0	0.979516071	0.980250099	6.474338e-01	1.093650e+00	0
(5,15,15)	-0.437500	0.589049	3.592819e-03	0.424988	0.462969	+5.530478256581e-01	+5.530478256926e-01	6.253e-11	2.674e-10	0	0.979570722	0.980192990	6.476572e-01	1.094091e+00	0
(5,15,15)	-0.437500	0.981748	3.592819e-03	0.424988	0.462969	+8.363069625407e-01	+8.363069625250e-01	1.886e-11	1.150e-10	0	0.979672229	0.980088006	6.480698e-01	1.094906e+00	0
(5,15,15)	-0.437500	1.374447	3.592819e-03	0.424988	0.462969	+1.036597427124e+00	+1.036597427122e+00	2.443e-12	2.015e-11	0	0.979805889	0.979951888	6.486090e-01	1.095969e+00	0
(5,15,15)	-0.437500	1.767146	3.592819e-03	0.424988	0.462969	+1.036597427124e+00	+1.036597427119e+00	5.435e-12	9.731e-12	0	0.979805889	0.979951888	6.486090e-01	1.095969e+00	0
(5,15,15)	-0.437500	2.159845	3.592819e-03	0.424988	0.462969	+8.363069625407e-01	+8.363069625451e-01	5.200e-12	1.478e-10	0	0.979672229	0.980088006	6.480698e-01	1.094906e+00	0
(5,15,15)	-0.437500	2.552544	3.592819e-03	0.424988	0.462969	+5.530478256581e-01	+5.530478256833e-01	4.569e-11	1.236e-10	0	0.979570722	0.980192990	6.476572e-01	1.094091e+00	0
(5,15,15)	-0.437500	2.945243	3.592819e-03	0.424988	0.462969	+3.527493770649e-01	+3.527493770643e-01	1.714e-12	5.095e-10	0	0.979516071	0.980250099	6.474338e-01	1.093650e+00	0
(5,15,15)	-0.312500	0.196350	3.592819e-03	0.424988	0.462969	+2.810338624991e-01	+2.810338624956e-01	1.277e-11	5.177e-10	0	0.996863235	0.997116876	5.942277e-01	1.104618e+00	0
(5,15,15)	-0.312500	0.589049	3.592819e-03	0.424988	0.462969	+4.746381585447e-01	+4.746381585589e-01	2.999e-11	2.587e-10	0	0.996881406	0.997096422	5.944636e-01	1.105079e+00	0
(5,15,15)	-0.312500	0.981748	3.592819e-03	0.424988	0.462969	+7.484309408160e-01	+7.484309408073e-01	1.168e-11	1.346e-10	0	0.996915471	0.997059130	5.948995e-01	1.105931e+00	0
(5,15,15)	-0.312500	1.374447	3.592819e-03	0.424988	0.462969	+9.420281108646e-01	+9.420281108646e-01	4.820e-14	4.449e-11	0	0.996960937	0.997011381	5.954691e-01	1.107043e+00	0
(5,15,15)	-0.312500	1.767146	3.592819e-03	0.424988	0.462969	+9.420281108646e-01	+9.420281108673e-01	2.884e-12	4.541e-11	0	0.996960937	0.997011381	5.954691e-01	1.107043e+00	0
(5,15,15)	-0.312500	2.159845	3.592819e-03	0.424988	0.462969	+7.484309408160e-01	+7.484309407763e-01	5.300e-11	1.255e-10	0	0.996915471	0.997059130	5.948995e-01	1.105931e+00	0
(5,15,15)	-0.312500	2.552544	3.592819e-03	0.424988	0.462969	+4.746381585447e-01	+4.746381585589e-01	2.999e-11	2.587e-10	0	0.996881406	0.997096422	5.944636e-01	1.105079e+00	0
(5,15,15)	-0.312500	2.945243	3.592819e-03	0.424988	0.462969	+2.810338624992e-01	+2.810338624847e-01	5.152e-11	6.205e-10	0	0.996863235	0.997116876	5.942277e-01	1.104618e+00	0
(5,15,15)	-0.187500	0.196350	3.592819e-03	0.424988	0.462969	+2.123828344717e-01	+2.123828344488e-01	1.081e-10	9.137e-10	0	0.995886028	0.996148141	5.410515e-01	1.104476e+00	0
(5,15,15)	-0.187500	0.589049	3.592819e-03	0.424988	0.462969	+4.008421672907e-01	+4.008421672852e-01	1.372e-11	3.198e-10	0	0.995904964	0.996127183	5.412954e-01	1.104953e+00	0
(5,15,15)	-0.187500	0.981748	3.592819e-03	0.424988	0.462969	+6.673595587372e-01	+6.673595587550e-01	2.661e-11	8.508e-11	0	0.995940398	0.996088889	5.417462e-01	1.105834e+00	0
(5,15,15)	-0.187500	1.374447	3.592819e-03	0.424988	0.462969	+8.558127356270e-01	+8.558127356280e-01	1.066e-12	1.705e-11	0	0.995987560	0.996039705	5.423352e-01	1.106984e+00	0
(5,15,15)	-0.187500	1.767146	3.592819e-03	0.424988	0.462969	+8.558127356270e-01	+8.558127356292e-01	2.519e-12	4.233e-11	0	0.995987560	0.996039705	5.423352e-01	1.106984e+00	0
(5,15,15)	-0.187500	2.159845	3.592819e-03	0.424988	0.462969	+6.673595587372e-01	+6.673595587454e-01	1.229e-11	9.490e-11	0	0.995940398	0.996088889	5.417462e-01	1.105834e+00	0
(5,15,15)	-0.187500	2.552544	3.592819e-03	0.424988	0.462969	+4.008421672907e-01	+4.008421673159e-01	6.302e-11	2.860e-10	0	0.995904964	0.996127183	5.412954e-01	1.104953e+00	0
(5,15,15)	-0.187500	2.945243	3.592819e-03	0.424988	0.462969	+2.123828344717e-01	+2.123828344555e-01	7.611e-11	6.338e-10	0	0.995886028	0.996148141	5.410515e-01	1.104476e+00	0
(5,15,15)	-0.062500	0.196350	3.592819e-03	0.424988	0.462969	+1.407507284058e-01	+1.407507283996e-01	4.372e-11	4.093e-10	0	0.957168581	0.957935678	4.879023e-01	1.093215e+00	0
(5,15,15)	-0.062500	0.589049	3.592819e-03	0.424988	0.462969	+3.236929309722e-01	+3.236929309606e-01	3.573e-11	3.144e-10	0	0.957226131	0.957876454	4.881501e-01	1.093705e+00	0
(5,15,15)	-0.062500	0.981748	3.592819e-03	0.424988	0.462969	+5.824086250663e-01	+5.824086250683e-01	3.521e-12	2.032e-10	0	0.957332838	0.957767379	4.886082e-01	1.094609e+00	0
(5,15,15)	-0.062500	1.374447	3.592819e-03	0.424988	0.462969	+7.653456659910e-01	+7.653456659875e-01	4.474e-12	4.445e-11	0	0.957472975	0.957625568	4.892066e-01	1.095789e+00	0
(5,15,15)	-0.062500	1.767146	3.592819e-03	0.424988	0.462969	+7.653456659910e-01	+7.653456659850e-01	7.775e-12	4.974e-11	0	0.957472975	0.957625568	4.892066e-01	1.095789e+00	0
(5,15,15)	-0.062500	2.159845	3.592819e-03	0.424988	0.462969	+5.824086250663e-01	+5.824086250637e-01	4.365e-12	2.390e-10	0	0.957332838	0.957767379	4.886082e-01	1.094609e+00	0
(5,15,15)	-0.062500	2.552544	3.592819e-03	0.424988	0.462969	+3.236929309722e-01	+3.236929309668e-01	1.660e-11	2.394e-10	0	0.957226131	0.957876454	4.881501e-01	1.093705e+00	0
(5,15,15)	-0.062500	2.945243	3.592819e-03	0.424988	0.462969	+1.407507284058e-01	+1.407507284117e-01	4.217e-11	4.093e-10	0	0.957168581	0.957935678	4.879023e-01	1.093215e+00	0
(5,15,15)	0.062500	0.196350	3.592819e-03	0.424988	0.462969	+6.825280191227e-02	+6.825280190956e-02	3.977e-11	2.504e-09	0	0.871064881	0.872251418	4.347788e-01	1.070481e+00	0
(5,15,15)	0.062500	0.589049	3.592819e-03	0.424988	0.462969	+2.430491320935e-01	+2.430491320763e-01	7.097e-11	3.165e-10	0	0.871154565	0.872160470	4.350267e-01	1.070981e+00	0
(5,15,15)	0.062500	0.981748	3.592819e-03	0.424988	0.462969	+4.902454981404e-01	+4.902454981390e-01	2.806e-12	1.889e-10	0	0.871320558	0.871992690	4.354847e-01	1.071905e+00	0
(5,15,15)	0.062500	1.374447	3.592819e-03	0.424988	0.462969	+6.650376214829e-01	+6.650376214779e-01	7.638e-12	3.401e-11	0	0.871537981	0.871774004	4.360832e-01	1.073110e+00	0
(5,15,15)	0.062500	1.767146	3.592819e-03	0.424988	0.462969	+6.650376214829e-01	+6.650376214791e-01	5.704e-12	4.120e-11	0	0.871537981	0.871774004	4.360832e-01	1.073110e+00	0
(5,15,15)	0.062500	2.159845	3.592819e-03	0.424988	0.462969	+4.902454981403e-01	+4.902454981454e-01	1.037e-11	2.172e-10	0	0.871320558	0.871992690	4.354847e-01	1.071905e+00	0
(5,15,15)	0.062500	2.552544	3.592819e-03	0.424988	0.462969	+2.430491320935e-01	+2.430491320831e-01	4.296e-11	2.079e-10	0	0.871154565	0.872160470	4.350267e-01	1.070981e+00	0
(5,15,15)	0.062500	2.945243	3.592819e-03	0.424988	0.462969	+6.825280191228e-02	+6.825280191726e-02	7.293e-11	2.504e-09	0	0.871064881	0.872251418	4.347788e-01	1.070481e+00	0
(5,15,15)	0.187500	0.196350	3.592819e-03	0.424988	0.462969	+2.284909169099e-03	+2.284909175508e-03	2.805e-09	2.027e-08	0	0.749324288	0.750784900	3.816811e-01	1.035519e+00	0
(5,15,15)	0.187500	0.589049	3.592819e-03	0.424988	0.462969	+1.653967218790e-01	+1.653967218813e-01	1.406e-11	9.880e-10	0	0.749435041	0.750673295	3.819251e-01	1.036028e+00	0
(5,15,15)	0.187500	0.981748	3.592819e-03	0.424988	0.462969	+3.960692761827e-01	+3.960692761932e-01	2.631e-11	1.168e-10	0	0.749639875	0.750467255	3.823759e-01	1.036968e+00	0
(5,15,15)	0.187500	1.374447	3.592819e-03	0.424988	0.462969	+5.591777183144e-01	+5.591777183155e-01	1.861e-12	1.602e-11	0	0.749907869	0.750198408	3.829648e-01	1.038194e+00	0
(5,15,15)	0.187500	1.767146	3.592819e-03	0.424988	0.462969	+5.591777183144e-01	+5.591777183195e-01	9.093e-12	3.465e-11	0	0.749907869	0.750198408	3.829648e-01	1.038194e+00	0
(5,15,15)	0.187500	2.159845	3.592819e-03	0.424988	0.462969	+3.960692761827e-01	+3.960692762008e-01	4.555e-11	1.471e-10	0	0.749639875	0.750467255	3.823759e-01	1.036968e+00	0
(5,15,15)	0.187500	2.552544	3.592819e-03	0.424988	0.462969	+1.653967218790e-01	+1.653967218792e-01	1.507e-12	9.040e-10	0	0.749435041	0.750673295	3.819251e-01	1.036028e+00	0
(5,15,15)	0.187500	2.945243	3.592819e-03	0.424988	0.462969	+2.284909169099e-03	+2.284909170033e-03	4.086e-10	2.027e-08	0	0.749324288	0.750784900	3.816811e-01	1.035519e+00	0
(5,15,15)	0.312500	0.196350	3.592819e-03	0.424988	0.462969	-4.934858495295e-02	-4.934858494439e-02	1.734e-10	1.466e-09	0	0.617098639	0.618682142	3.286104e-01	9.870338e-01	0
(5,15,15)	0.312500	0.589049	3.592819e-03	0.424988	0.462969	+9.917024424085e-02	+9.917024424471e-02	3.899e-11	7.205e-10	0	0.617218922	0.618561356	3.288464e-01	9.875499e-01	0
(5,15,15)	0.312500	0.981748	3.592819e-03	0.424988	0.462969	+3.092056593252e-01	+3.092056593378e-01	4.064e-11	1.553e-10	0	0.617441287	0.618338278	3.292823e-01	9.885029e-01	0
(5,15,15)	0.312500	1.374447	3.592819e-03	0.424988	0.462969	+4.577217627901e-01	+4.577217627866e-01	7.628e-12	3.571e-11	0	0.617732039	0.618047022	3.298519e-01	9.897468e-01	0
(5,15,15)	0.312500	1.767146	3.592819e-03	0.424988	0.462969	+4.577217627901e-01	+4.577217627923e-01	4.739e-12	4.329e-11	0	0.617732039	0.618047022	3.298519e-01	9.897468e-01	0
(5,15,15)	0.312500	2.159845	3.592819e-03	0.424988	0.462969	+3.092056593252e-01	+3.092056593335e-01	2.674e-11	1.270e-10	0	0.617441287	0.618338278	3.292823e-01	9.885029e-01	0
(5,15,15)	0.312500	2.552544	3.592819e-03	0.424988	0.462969	+9.917024424085e-02	+9.917024424471e-02	3.899e-11	7.205e-10	0	0.617218922	0.618561356	3.288464e-01	9.875499e-01	0
(5,15,15)	0.312500	2.945243	3.592819e-03	0.424988	0.462969	-4.934858495292e-02	-4.934858495730e-02	8.872e-11	1.686e-09	0	0.617098639	0.618682142	3.286104e-01	9.870338e-01	0
(5,15,15)	0.437500	0.196350	3.592819e-03	0.424988	0.462969	-8.173270860825e-02	-8.173270860620e-02	2.507e-11	1.349e-09	0	0.494419784	0.496007004	2.755697e-01	9.229021e-01	0
(5,15,15)	0.437500	0.589049	3.592819e-03	0.424988	0.462969	+5.025644912273e-02	+5.025644911278e-02	1.980e-10	2.240e-09	0	0.494540476	0.495886061	2.757930e-01	9.234247e-01	0
(5,15,15)	0.437500	0.981748	3.592819e-03	0.424988	0.462969	+2.369156716484e-01	+2.369156716397e-01	3.673e-11	1.360e-10	0	0.494763543	0.495662638	2.762057e-01	9.243895e-01	0
(5,15,15)	0.437500	1.374447	3.592819e-03	0.424988	0.462969	+3.689025180182e-01	+3.689025180163e-01	5.390e-12	8.044e-11	0	0.495055105	0.495370826	2.767449e-01	9.256485e-01	0
(5,15,15)	0.437500	1.767146	3.592819e-03	0.424988	0.462969	+3.689025180182e-01	+3.689025180164e-01	4.877e-12	6.411e-11	0	0.495055105	0.495370826	2.767449e-01	9.256485e-01	0
(5,15,15)	0.437500	2.159845	3.592819e-03	0.424988	0.462969	+2.369156716484e-01	+2.369156716369e-01	4.840e-11	1.654e-10	0	0.494763543	0.495662638	2.762057e-01	9.243895e-01	0
(5,15,15)	0.437500	2.552544	3.592819e-03	0.424988	0.462969	+5.025644912272e-02	+5.025644910898e-02	2.734e-10	1.691e-09	0	0.494540476	0.495886061	2.757930e-01	9.234247e-01	0
(5,15,15)	0.437500	2.945243	3.592819e-03	0.424988	0.462969	-8.173270860824e-02	-8.173270860795e-02	3.571e-12	1.349e-09	0	0.494419784	0.496007004	2.755697e-01	9.229021e-01	0
(5,15,15)	0.562500	0.196350	3.592819e-03	0.424988	0.462969	-9.245827619066e-02	-9.245827618437e-02	6.804e-11	1.023e-09	0	0.389625105	0.391127612	2.225644e-01	8.395608e-01	0
(5,15,15)	0.562500	0.589049	3.592819e-03	0.424988	0.462969	+2.147193532242e-02	+2.147193532482e-02	1.116e-10	1.841e-09	0	0.389739418	0.391013186	2.227697e-01	8.400889e-01	0
(5,15,15)	0.562500	0.981748	3.592819e-03	0.424988	0.462969	+1.825920606300e-01	+1.825920606257e-01	2.344e-11	2.520e-10	0	0.389950668	0.390801776	2.231492e-01	8.410639e-01	0
(5,15,15)	0.562500	1.374447	3.592819e-03	0.424988	0.462969	+2.965201155672e-01	+2.965201155704e-01	1.093e-11	1.684e-11	0	0.390226731	0.390525601	2.236449e-01	8.423361e-01	0
(5,15,15)	0.562500	1.767146	3.592819e-03	0.424988	0.462969	+2.965201155672e-01	+2.965201155669e-01	1.053e-12	3.270e-11	0	0.390226731	0.390525601	2.236449e-01	8.423361e-01	0
(5,15,15)	0.562500	2.159845	3.592819e-03	0.424988	0.462969	+1.825920606300e-01	+1.825920606227e-01	3.983e-11	2.520e-10	0	0.389950668	0.390801776	2.231492e-01	8.410639e-01	0
(5,15,15)	0.562500	2.552544	3.592819e-03	0.424988	0.462969	+2.147193532245e-02	+2.147193532137e-02	4.998e-11	4.471e-09	0	0.389739418	0.391013186	2.227697e-01	8.400889e-01	0
(5,15,15)	0.562500	2.945243	3.592819e-03	0.424988	0.462969	-9.245827619066e-02	-9.245827617538e-02	1.653e-10	1.288e-09	0	0.389625105	0.391127612	2.225644e-01	8.395608e-01	0
(5,15,15)	0.687500	0.196350	3.592819e-03	0.424988	0.462969	-7.931157111119e-02	-7.931157111181e-02	7.922e-12	1.134e-09	0	0.303381264	0.304711006	1.696051e-01	7.304950e-01	0
(5,15,15)	0.687500	0.589049	3.592819e-03	0.424988	0.462969	+1.482980293988e-02	+1.482980294947e-02	6.464e-10	2.273e-09	0	0.303482406	0.304609711	1.697854e-01	7.310281e-01	0
(5,15,15)	0.687500	0.981748	3.592819e-03	0.424988	0.462969	+1.479641047279e-01	+1.479641047326e-01	3.172e-11	2.948e-10	0	0.303669328	0.304422573	1.701187e-01	7.320122e-01	0
(5,15,15)	0.687500	1.374447	3.592819e-03	0.424988	0.462969	+2.421030659888e-01	+2.421030659884e-01	1.677e-12	9.131e-11	0	0.303913621	0.304178127	1.705541e-01	7.332959e-01	0
(5,15,15)	0.687500	1.767146	3.592819e-03	0.424988	0.462969	+2.421030659888e-01	+2.421030659897e-01	3.745e-12	6.381e-11	0	0.303913621	0.304178127	1.705541e-01	7.332959e-01	0
(5,15,15)	0.687500	2.159845	3.592819e-03	0.424988	0.462969	+1.479641047279e-01	+1.479641047339e-01	4.060e-11	3.815e-10	0	0.303669328	0.304422573	1.701187e-01	7.320122e-01	0
(5,15,15)	0.687500	2.552544	3.592819e-03	0.424988	0.462969	+1.482980293988e-02	+1.482980294947e-02	6.464e-10	2.273e-09	0	0.303482406	0.304609711	1.697854e-01	7.310281e-01	0
(5,15,15)	0.687500	2.945243	3.592819e-03	0.424988	0.462969	-7.931157111119e-02	-7.931157110967e-02	1.910e-11	7.809e-10	0	0.303381264	0.304711006	1.696051e-01	7.304950e-01	0
(5,15,15)	0.812500	0.196350	3.592819e-03	0.424988	0.462969	-3.780982104840e-02	-3.780982104166e-02	1.782e-10	6.512e-10	0	0.234440709	0.235418080	1.167153e-01	5.814913e-01	0
(5,15,15)	0.812500	0.589049	3.592819e-03	0.424988	0.462969	+3.517804672823e-02	+3.517804672881e-02	1.638e-11	2.225e-09	0	0.234514735	0.235343322	1.168601e-01	5.820289e-01	0
(5,15,15)	0.812500	0.981748	3.592819e-03	0.424988	0.462969	+1.383954048340e-01	+1.383954048452e-01	8.091e-11	1.606e-10	0	0.234651685	0.235205340	1.171276e-01	5.830209e-01	0
(5,15,15)	0.812500	1.374447	3.592819e-03	0.424988	0.462969	+2.113789251162e-01	+2.113789251124e-01	1.761e-11	9.256e-11	0	0.234830936	0.235025357	1.174772e-01	5.843144e-01	0
(5,15,15)	0.812500	1.767146	3.592819e-03	0.424988	0.462969	+2.113789251162e-01	+2.113789251129e-01	1.568e-11	7.323e-11	0	0.234830936	0.235025357	1.174772e-01	5.843144e-01	0
(5,15,15)	0.812500	2.159845	3.592819e-03	0.424988	0.462969	+1.383954048340e-01	+1.383954048392e-01	3.738e-11	2.995e-10	0	0.234651685	0.235205340	1.171276e-01	5.830209e-01	0
(5,15,15)	0.812500	2.552544	3.592819e-03	0.424988	0.462969	+3.517804672824e-02	+3.517804672945e-02	3.450e-11	1.243e-09	0	0.234514735	0.235343322	1.168601e-01	5.820289e-01	0
(5,15,15)	0.812500	2.945243	3.592819e-03	0.424988	0.462969	-3.780982104840e-02	-3.780982104308e-02	1.408e-10	1.163e-09	0	0.234440709	0.235418080	1.167153e-01	5.814913e-01	0
(5,15,15)	0.937500	0.196350	3.592819e-03	0.424988	0.462969	+2.196931295244e-03	+2.196931290766e-03	2.038e-09	1.849e-08	0	0.194661217	0.195177254	6.397518e-02	3.445810e-01	0
(5,15,15)	0.937500	0.589049	3.592819e-03	0.424988	0.462969	+8.345492696414e-02	+8.345492697484e-02	1.283e-10	6.484e-10	0	0.194697013	0.195134373	6.406161e-02	3.451223e-01	0
(5,15,15)	0.937500	0.981748	3.592819e-03	0.424988	0.462969	+1.983360202260e-01	+1.983360202240e-01	1.027e-11	5.889e-11	0	0.194764621	0.195056747	6.422131e-02	3.461203e-01	0
(5,15,15)	0.937500	1.374447	3.592819e-03	0.424988	0.462969	+2.795444372192e-01	+2.795444372163e-01	1.022e-11	3.701e-11	0	0.194855867	0.194958421	6.442996e-02	3.474200e-01	0
(5,15,15)	0.937500	1.767146	3.592819e-03	0.424988	0.462969	+2.795444372192e-01	+2.795444372154e-01	1.374e-11	2.829e-11	0	0.194855867	0.194958421	6.442996e-02	3.474200e-01	0
(5,15,15)	0.937500	2.159845	3.592819e-03	0.424988	0.462969	+1.983360202260e-01	+1.983360202276e-01	7.691e-12	8.087e-11	0	0.194764621	0.195056747	6.422131e-02	3.461203e-01	0
(5,15,15)	0.937500	2.552544	3.592819e-03	0.424988	0.462969	+8.345492696414e-02	+8.345492696354e-02	7.187e-12	3.102e-10	0	0.194697013	0.195134373	6.406161e-02	3.451223e-01	0
(5,15,15)	0.937500	2.945243	3.592819e-03	0.424988	0.462969	+2.196931295244e-03	+2.196931291628e-03	1.646e-09	1.679e-08	0	0.194661217	0.195177254	6.397518e-02	3.445810e-01	0
(10,13,0)	-0.937500	0.196350	1.887452e-02	0.384682	0.402031	+1.532176038241e+00	+1.532176038245e+00	2.323e-12	1.032e-10	0	0.955213963	0.966337191	7.600805e-01	8.298069e-01	0
(10,13,0)	-0.937500	0.589049	1.887452e-02	0.384682	0.402031	+1.696697396293e+00	+1.696697396274e+00	1.142e-11	1.264e-10	0	0.956035243	0.965464369	7.604747e-01	8.309879e-01	0
(10,13,0)	-0.937500	0.981748	1.887452e-02	0.384682	0.402031	+1.929293349181e+00	+1.929293349179e+00	1.343e-12	4.931e-11	0	0.957563523	0.963863211	7.612033e-01	8.331657e-01	0
(10,13,0)	-0.937500	1.374447	1.887452e-02	0.384682	0.402031	+2.093712361578e+00	+2.093712361568e+00	4.695e-12	1.115e-11	0	0.959581608	0.961793602	7.621551e-01	8.360026e-01	0
(10,13,0)	-0.937500	1.767146	1.887452e-02	0.384682	0.402031	+2.093712361578e+00	+2.093712361570e+00	4.123e-12	1.339e-11	0	0.959581608	0.961793602	7.621551e-01	8.360026e-01	0
(10,13,0)	-0.937500	2.159845	1.887452e-02	0.384682	0.402031	+1.929293349181e+00	+1.929293349177e+00	2.412e-12	2.702e-11	0	0.957563523	0.963863211	7.612033e-01	8.331657e-01	0
(10,13,0)	-0.937500	2.552544	1.887452e-02	0.384682	0.402031	+1.696697396293e+00	+1.696697396260e+00	1.969e-11	9.548e-11	0	0.956035243	0.965464369	7.604747e-01	8.309879e-01	0
(10,13,0)	-0.937500	2.945243	1.887452e-02	0.384682	0.402031	+1.532176038241e+00	+1.532176038253e+00	7.760e-12	1.032e-10	0	0.955213963	0.966337191	7.600805e-01	8.298069e-01	0
(10,13,0)	-0.812500	0.196350	1.887452e-02	0.384682	0.402031	+6.946677966597e-01	+6.946677966364e-01	3.368e-11	2.517e-10	0	0.912641068	0.924923948	7.102465e-01	9.080803e-01	0
(10,13,0)	-0.812500	0.589049	1.887452e-02	0.384682	0.402031	+9.480994729218e-01	+9.480994729048e-01	1.791e-11	9.037e-11	0	0.913533786	0.923945085	7.109070e-01	9.098878e-01	0
(10,13,0)	-0.812500	0.981748	1.887452e-02	0.384682	0.402031	+1.306291236326e+00	+1.306291236314e+00	8.939e-12	1.137e-10	0	0.915201006	0.922156079	7.121275e-01	9.132181e-01	0
(10,13,0)	-0.812500	1.374447	1.887452e-02	0.384682	0.402031	+1.559419321894e+00	+1.559419321891e+00	1.413e-12	2.233e-11	0	0.917414541	0.919856457	7.137221e-01	9.175511e-01	0
(10,13,0)	-0.812500	1.767146	1.887452e-02	0.384682	0.402031	+1.559419321894e+00	+1.559419321890e+00	2.326e-12	2.672e-11	0	0.917414541	0.919856457	7.137221e-01	9.175511e-01	0
(10,13,0)	-0.812500	2.159845	1.887452e-02	0.384682	0.402031	+1.306291236326e+00	+1.306291236298e+00	2.165e-11	8.182e-11	0	0.915201006	0.922156079	7.121275e-01	9.132181e-01	0
(10,13,0)	-0.812500	2.552544	1.887452e-02	0.384682	0.402031	+9.480994729218e-01	+9.480994729471e-01	2.674e-11	1.486e-10	0	0.913533786	0.923945085	7.109070e-01	9.098878e-01	0
(10,13,0)	-0.812500	2.945243	1.887452e-02	0.384682	0.402031	+6.946677966597e-01	+6.946677966620e-01	3.212e-12	2.372e-10	0	0.912641068	0.924923948	7.102465e-01	9.080803e-01	0
(10,13,0)	-0.687500	0.196350	1.887452e-02	0.384682	0.402031	+4.137470989398e-01	+4.137470989483e-01	2.044e-11	1.859e-10	0	0.903363484	0.913956893	6.610954e-01	9.684205e-01	0
(10,13,0)	-0.687500	0.589049	1.887452e-02	0.384682	0.402031	+6.618466069502e-01	+6.618466069208e-01	4.436e-11	2.179e-10	0	0.904125207	0.913103956	6.619181e-01	9.705315e-01	0
(10,13,0)	-0.687500	0.981748	1.887452e-02	0.384682	0.402031	+1.012467327194e+00	+1.012467327187e+00	7.377e-12	6.342e-11	0	0.905551309	0.911548913	6.634385e-01	9.744201e-01	0
(10,13,0)	-0.687500	1.374447	1.887452e-02	0.384682	0.402031	+1.260220551634e+00	+1.260220551630e+00	3.089e-12	1.815e-11	0	0.907451727	0.909557357	6.654249e-01	9.794776e-01	0
(10,13,0)	-0.687500	1.767146	1.887452e-02	0.384682	0.402031	+1.260220551634e+00	+1.260220551635e+00	5.115e-13	7.294e-12	0	0.907451727	0.909557357	6.654249e-01	9.794776e-01	0
(10,13,0)	-0.687500	2.159845	1.887452e-02	0.384682	0.402031	+1.012467327194e+00	+1.012467327195e+00	7.022e-13	9.029e-11	0	0.905551309	0.911548913	6.634385e-01	9.744201e-01	0
(10,13,0)	-0.687500	2.552544	1.887452e-02	0.384682	0.402031	+6.618466069502e-01	+6.618466069208e-01	4.436e-11	2.179e-10	0	0.904125207	0.913103956	6.619181e-01	9.705315e-01	0
(10,13,0)	-0.687500	2.945243	1.887452e-02	0.384682	0.402031	+4.137470989398e-01	+4.137470989445e-01	1.140e-11	2.872e-10	0	0.903363484	0.913956893	6.610954e-01	9.684205e-01	0
(10,13,0)	-0.562500	0.196350	1.887452e-02	0.384682	0.402031	+3.049109056351e-01	+3.049109056283e-01	2.215e-11	7.965e-10	0	0.916581711	0.924929214	6.122614e-01	1.013136e+00	0
(10,13,0)	-0.562500	0.589049	1.887452e-02	0.384682	0.402031	+5.306034153546e-01	+5.306034153493e-01	1.005e-11	2.083e-10	0	0.917173925	0.924248636	6.131981e-01	1.015434e+00	0
(10,13,0)	-0.562500	0.981748	1.887452e-02	0.384682	0.402031	+8.495528275627e-01	+8.495528275418e-01	2.456e-11	1.017e-10	0	0.918286167	0.923011486	6.149291e-01	1.019665e+00	0
(10,13,0)	-0.562500	1.374447	1.887452e-02	0.384682	0.402031	+1.074923059560e+00	+1.074923059553e+00	6.378e-12	1.284e-11	0	0.919775259	0.921434111	6.171907e-01	1.025167e+00	0
(10,13,0)	-0.562500	1.767146	1.887452e-02	0.384682	0.402031	+1.074923059560e+00	+1.074923059551e+00	7.636e-12	2.238e-11	0	0.919775259	0.921434111	6.171907e-01	1.025167e+00	0
(10,13,0)	-0.562500	2.159845	1.887452e-02	0.384682	0.402031	+8.495528275627e-01	+8.495528275457e-01	2.004e-11	1.682e-10	0	0.918286167	0.923011486	6.149291e-01	1.019665e+00	0
(10,13,0)	-0.562500	2.552544	1.887452e-02	0.384682	0.402031	+5.306034153546e-01	+5.306034153654e-01	2.034e-11	1.712e-10	0	0.917173925	0.924248636	6.131981e-01	1.015434e+00	0
(10,13,0)	-0.562500	2.945243	1.887452e-02	0.384682	0.402031	+3.049109056351e-01	+3.049109056402e-01	1.690e-11	7.965e-10	0	0.916581711	0.924929214	6.122614e-01	1.013136e+00	0
(10,13,0)	-0.437500	0.196350	1.887452e-02	0.384682	0.402031	+2.519180463585e-01	+2.519180463502e-01	3.272e-11	5.273e-10	0	0.945428011	0.951289230	5.636372e-01	1.043981e+00	0
(10,13,0)	-0.437500	0.589049	1.887452e-02	0.384682	0.402031	+4.568607372301e-01	+4.568607372168e-01	2.911e-11	9.992e-11	0	0.945833590	0.950800556	5.646560e-01	1.046406e+00	0
(10,13,0)	-0.437500	0.981748	1.887452e-02	0.384682	0.402031	+7.464953763315e-01	+7.464953763353e-01	5.095e-12	4.074e-11	0	0.946599848	0.949916842	5.665386e-01	1.050871e+00	0
(10,13,0)	-0.437500	1.374447	1.887452e-02	0.384682	0.402031	+9.511580648871e-01	+9.511580648914e-01	4.527e-12	2.502e-11	0	0.947634679	0.948798999	5.689983e-01	1.056677e+00	0
(10,13,0)	-0.437500	1.767146	1.887452e-02	0.384682	0.402031	+9.511580648871e-01	+9.511580648912e-01	4.254e-12	6.911e-12	0	0.947634679	0.948798999	5.689983e-01	1.056677e+00	0
(10,13,0)	-0.437500	2.159845	1.887452e-02	0.384682	0.402031	+7.464953763315e-01	+7.464953763286e-01	3.885e-12	7.491e-11	0	0.946599848	0.949916842	5.665386e-01	1.050871e+00	0
(10,13,0)	-0.437500	2.552544	1.887452e-02	0.384682	0.402031	+4.568607372301e-01	+4.568607372248e-01	1.156e-11	4.091e-10	0	0.945833590	0.950800556	5.646560e-01	1.046406e+00	0
(10,13,0)	-0.437500	2.945243	1.887452e-02	0.384682	0.402031	+2.519180463585e-01	+2.519180463736e-01	5.995e-11	6.841e-10	0	0.945428011	0.951289230	5.636372e-01	1.043981e+00	0
(10,13,0)	-0.312500	0.196350	1.887452e-02	0.384682	0.402031	+2.128331562107e-01	+2.128331562158e-01	2.400e-11	4.541e-10	0	0.979898896	0.983010795	5.151746e-01	1.062051e+00	0
(10,13,0)	-0.312500	0.589049	1.887452e-02	0.384682	0.402031	+4.025358493630e-01	+4.025358493886e-01	6.351e-11	3.190e-10	0	0.980098510	0.982734777	5.162509e-01	1.064569e+00	0
(10,13,0)	-0.312500	0.981748	1.887452e-02	0.384682	0.402031	+6.706490227910e-01	+6.706490227786e-01	1.849e-11	1.705e-10	0	0.980482783	0.982242511	5.182396e-01	1.069206e+00	0
(10,13,0)	-0.312500	1.374447	1.887452e-02	0.384682	0.402031	+8.601157437047e-01	+8.601157437118e-01	8.221e-12	3.236e-11	0	0.981015739	0.981633234	5.208380e-01	1.075234e+00	0
(10,13,0)	-0.312500	1.767146	1.887452e-02	0.384682	0.402031	+8.601157437047e-01	+8.601157437057e-01	1.161e-12	2.420e-11	0	0.981015739	0.981633234	5.208380e-01	1.075234e+00	0
(10,13,0)	-0.312500	2.159845	1.887452e-02	0.384682	0.402031	+6.706490227910e-01	+6.706490227869e-01	5.996e-12	8.432e-11	0	0.980482783	0.982242511	5.182396e-01	1.069206e+00	0
(10,13,0)	-0.312500	2.552544	1.887452e-02	0.384682	0.402031	+4.025358493630e-01	+4.025358493886e-01	6.351e-11	3.190e-10	0	0.980098510	0.982734777	5.162509e-01	1.064569e+00	0
(10,13,0)	-0.312500	2.945243	1.887452e-02	0.384682	0.402031	+2.128331562107e-01	+2.128331562260e-01	7.219e-11	4.638e-10	0	0.979898896	0.983010795	5.151746e-01	1.062051e+00	0
(10,13,0)	-0.187500	0.196350	1.887452e-02	0.384682	0.402031	+1.702303578824e-01	+1.702303579145e-01	1.886e-10	5.135e-09	0	0.999917639	0.999997503	4.668487e-01	1.067937e+00	0
(10,13,0)	-0.187500	0.589049	1.887452e-02	0.384682	0.402031	+3.490983322838e-01	+3.490983322777e-01	1.739e-11	2.351e-09	0	0.999890404	0.999990128	4.679616e-01	1.070526e+00	0
(10,13,0)	-0.187500	0.981748	1.887452e-02	0.384682	0.402031	+6.019184406349e-01	+6.019184404705e-01	2.730e-10	2.317e-09	0	0.999853658	0.999987179	4.700181e-01	1.075294e+00	0
(10,13,0)	-0.187500	1.374447	1.887452e-02	0.384682	0.402031	+7.805922027977e-01	+7.805922028532e-01	7.108e-11	6.509e-10	0	0.999832854	0.999986247	4.727049e-01	1.081491e+00	0
(10,13,0)	-0.187500	1.767146	1.887452e-02	0.384682	0.402031	+7.805922027977e-01	+7.805922028441e-01	5.941e-11	6.677e-10	0	0.999832854	0.999986247	4.727049e-01	1.081491e+00	0
(10,13,0)	-0.187500	2.159845	1.887452e-02	0.384682	0.402031	+6.019184406349e-01	+6.019184404730e-01	2.689e-10	2.323e-09	0	0.999853658	0.999987179	4.700181e-01	1.075294e+00	0
(10,13,0)	-0.187500	2.552544	1.887452e-02	0.384682	0.402031	+3.490983322838e-01	+3.490983323430e-01	1.697e-10	2.539e-09	0	0.999890404	0.999990128	4.679616e-01	1.070526e+00	0
(10,13,0)	-0.187500	2.945243	1.887452e-02	0.384682	0.402031	+1.702303578824e-01	+1.702303579176e-01	2.067e-10	5.135e-09	0	0.999917639	0.999997503	4.668487e-01	1.067937e+00	0
(10,13,0)	-0.062500	0.196350	1.887452e-02	0.384682	0.402031	+1.175332832085e-01	+1.175332831926e-01	1.349e-10	8.224e-10	0	0.970921993	0.973960569	4.186461e-01	1.061811e+00	0
(10,13,0)	-0.062500	0.589049	1.887452e-02	0.384682	0.402031	+2.865943703774e-01	+2.865943703742e-01	1.111e-11	4.265e-10	0	0.971124816	0.973702377	4.197769e-01	1.064456e+00	0
(10,13,0)	-0.062500	0.981748	1.887452e-02	0.384682	0.402031	+5.255733887983e-01	+5.255733887800e-01	3.471e-11	9.757e-11	0	0.971512589	0.973236354	4.218663e-01	1.069328e+00	0
(10,13,0)	-0.062500	1.374447	1.887452e-02	0.384682	0.402031	+6.944797632335e-01	+6.944797632313e-01	3.228e-12	1.573e-11	0	0.972043987	0.972649663	4.245964e-01	1.075659e+00	0
(10,13,0)	-0.062500	1.767146	1.887452e-02	0.384682	0.402031	+6.944797632335e-01	+6.944797632326e-01	1.339e-12	9.545e-12	0	0.972043987	0.972649663	4.245964e-01	1.075659e+00	0
(10,13,0)	-0.062500	2.159845	1.887452e-02	0.384682	0.402031	+5.255733887983e-01	+5.255733887878e-01	1.995e-11	1.428e-10	0	0.971512589	0.973236354	4.218663e-01	1.069328e+00	0
(10,13,0)	-0.062500	2.552544	1.887452e-02	0.384682	0.402031	+2.865943703774e-01	+2.865943703593e-01	6.318e-11	2.742e-10	0	0.971124816	0.973702377	4.197769e-01	1.064456e+00	0
(10,13,0)	-0.062500	2.945243	1.887452e-02	0.384682	0.402031	+1.175332832085e-01	+1.175332831898e-01	1.592e-10	3.422e-10	0	0.970921993	0.973960569	4.186461e-01	1.061811e+00	0
(10,13,0)	0.062500	0.196350	1.887452e-02	0.384682	0.402031	+5.701392870090e-02	+5.701392867856e-02	3.918e-10	9.726e-10	0	0.874528990	0.880206068	3.705609e-01	1.043445e+00	0
(10,13,0)	0.062500	0.589049	1.887452e-02	0.384682	0.402031	+2.138964355731e-01	+2.138964355902e-01	7.975e-11	4.909e-10	0	0.874940318	0.879754416	3.716917e-01	1.046138e+00	0
(10,13,0)	0.062500	0.981748	1.887452e-02	0.384682	0.402031	+4.356783691071e-01	+4.356783691098e-01	6.223e-12	1.706e-10	0	0.875709923	0.878927832	3.737811e-01	1.051094e+00	0
(10,13,0)	0.062500	1.374447	1.887452e-02	0.384682	0.402031	+5.924429550289e-01	+5.924429550299e-01	1.701e-12	2.054e-11	0	0.876733606	0.877863891	3.765112e-01	1.057535e+00	0
(10,13,0)	0.062500	1.767146	1.887452e-02	0.384682	0.402031	+5.924429550289e-01	+5.924429550296e-01	1.289e-12	2.054e-11	0	0.876733606	0.877863891	3.765112e-01	1.057535e+00	0
(10,13,0)	0.062500	2.159845	1.887452e-02	0.384682	0.402031	+4.356783691071e-01	+4.356783691024e-01	1.063e-11	1.483e-10	0	0.875709923	0.878927832	3.737811e-01	1.051094e+00	0
(10,13,0)	0.062500	2.552544	1.887452e-02	0.384682	0.402031	+2.138964355731e-01	+2.138964355764e-01	1.521e-11	4.909e-10	0	0.874940318	0.879754416	3.716917e-01	1.046138e+00	0
(10,13,0)	0.062500	2.945243	1.887452e-02	0.384682	0.402031	+5.701392870090e-02	+5.701392868583e-02	2.643e-10	1.593e-09	0	0.874528990	0.880206068	3.705609e-01	1.043445e+00	0
(10,13,0)	0.187500	0.196350	1.887452e-02	0.384682	0.402031	-1.996436727201e-03	-1.996436740099e-03	6.461e-09	2.381e-07	0	0.729063301	0.736413643	3.225931e-01	1.012176e+00	0
(10,13,0)	0.187500	0.589049	1.887452e-02	0.384682	0.402031	+1.396033558199e-01	+1.396033557890e-01	2.210e-10	3.983e-10	0	0.729609737	0.735842045	3.237060e-01	1.014907e+00	0
(10,13,0)	0.187500	0.981748	1.887452e-02	0.384682	0.402031	+3.397945472467e-01	+3.397945472488e-01	6.385e-12	1.177e-10	0	0.730625504	0.734790732	3.257625e-01	1.019935e+00	0
(10,13,0)	0.187500	1.374447	1.887452e-02	0.384682	0.402031	+4.813079102556e-01	+4.813079102552e-01	8.222e-13	3.703e-11	0	0.731964132	0.733426997	3.284493e-01	1.026466e+00	0
(10,13,0)	0.187500	1.767146	1.887452e-02	0.384682	0.402031	+4.813079102556e-01	+4.813079102596e-01	8.487e-12	6.627e-12	0	0.731964132	0.733426997	3.284493e-01	1.026466e+00	0
(10,13,0)	0.187500	2.159845	1.887452e-02	0.384682	0.402031	+3.397945472467e-01	+3.397945472432e-01	1.031e-11	1.842e-10	0	0.730625504	0.734790732	3.257625e-01	1.019935e+00	0
(10,13,0)	0.187500	2.552544	1.887452e-02	0.384682	0.402031	+1.396033558199e-01	+1.396033558056e-01	1.024e-10	3.827e-10	0	0.729609737	0.735842045	3.237060e-01	1.014907e+00	0
(10,13,0)	0.187500	2.945243	1.887452e-02	0.384682	0.402031	-1.996436727201e-03	-1.996436733983e-03	3.397e-09	2.130e-08	0	0.729063301	0.736413643	3.225931e-01	1.012176e+00	0
(10,13,0)	0.312500	0.196350	1.887452e-02	0.384682	0.402031	-4.987859057224e-02	-4.987859058346e-02	2.249e-10	1.223e-09	0	0.575922035	0.583984176	2.747486e-01	9.667656e-01	0
(10,13,0)	0.312500	0.589049	1.887452e-02	0.384682	0.402031	+7.499972800600e-02	+7.499972799960e-02	8.536e-11	9.208e-10	0	0.576529100	0.583364556	2.758249e-01	9.695308e-01	0
(10,13,0)	0.312500	0.981748	1.887452e-02	0.384682	0.402031	+2.515598910336e-01	+2.515598910213e-01	4.871e-11	1.390e-10	0	0.577653983	0.582221951	2.778136e-01	9.746196e-01	0
(10,13,0)	0.312500	1.374447	1.887452e-02	0.384682	0.402031	+3.763753934424e-01	+3.763753934407e-01	4.388e-12	6.760e-11	0	0.579129601	0.580733822	2.804120e-01	9.812286e-01	0
(10,13,0)	0.312500	1.767146	1.887452e-02	0.384682	0.402031	+3.763753934424e-01	+3.763753934409e-01	3.993e-12	3.212e-11	0	0.579129601	0.580733822	2.804120e-01	9.812286e-01	0
(10,13,0)	0.312500	2.159845	1.887452e-02	0.384682	0.402031	+2.515598910336e-01	+2.515598910243e-01	3.697e-11	1.793e-10	0	0.577653983	0.582221951	2.778136e-01	9.746196e-01	0
(10,13,0)	0.312500	2.552544	1.887452e-02	0.384682	0.402031	+7.499972800600e-02	+7.499972799960e-02	8.536e-11	9.207e-10	0	0.576529100	0.583364556	2.758249e-01	9.695308e-01	0
(10,13,0)	0.312500	2.945243	1.887452e-02	0.384682	0.402031	-4.987859057224e-02	-4.987859057992e-02	1.538e-10	1.158e-09	0	0.575922035	0.583984176	2.747486e-01	9.667656e-01	0
(10,13,0)	0.437500	0.196350	1.887452e-02	0.384682	0.402031	-8.161234806164e-02	-8.161234808283e-02	2.597e-10	1.249e-09	0	0.441977978	0.450099930	2.270407e-01	9.051255e-01	0
(10,13,0)	0.437500	0.589049	1.887452e-02	0.384682	0.402031	+2.657650599501e-02	+2.657650600164e-02	2.495e-10	1.475e-09	0	0.442594357	0.449480293	2.280596e-01	9.079210e-01	0
(10,13,0)	0.437500	0.981748	1.887452e-02	0.384682	0.402031	+1.795450564414e-01	+1.795450564318e-01	5.363e-11	2.421e-10	0	0.443734291	0.448335777	2.299422e-01	9.130640e-01	0
(10,13,0)	0.437500	1.374447	1.887452e-02	0.384682	0.402031	+2.876864356331e-01	+2.876864356303e-01	9.656e-12	4.801e-11	0	0.445225454	0.446841392	2.324019e-01	9.197403e-01	0
(10,13,0)	0.437500	1.767146	1.887452e-02	0.384682	0.402031	+2.876864356331e-01	+2.876864356312e-01	6.612e-12	8.415e-11	0	0.445225454	0.446841392	2.324019e-01	9.197403e-01	0
(10,13,0)	0.437500	2.159845	1.887452e-02	0.384682	0.402031	+1.795450564414e-01	+1.795450564328e-01	4.825e-11	2.578e-10	0	0.443734291	0.448335777	2.299422e-01	9.130640e-01	0
(10,13,0)	0.437500	2.552544	1.887452e-02	0.384682	0.402031	+2.657650599502e-02	+2.657650597747e-02	6.602e-10	3.919e-09	0	0.442594357	0.449480293	2.280596e-01	9.079210e-01	0
(10,13,0)	0.437500	2.945243	1.887452e-02	0.384682	0.402031	-8.161234806165e-02	-8.161234807862e-02	2.080e-10	1.249e-09	0	0.441977978	0.450099930	2.270407e-01	9.051255e-01	0
(10,13,0)	0.562500	0.196350	1.887452e-02	0.384682	0.402031	-9.575958486715e-02	-9.575958486168e-02	5.716e-11	5.400e-10	0	0.333521820	0.341321887	1.794945e-01	8.236950e-01	0
(10,13,0)	0.562500	0.589049	1.887452e-02	0.384682	0.402031	-4.037004848288e-03	-4.037004861396e-03	3.247e-09	3.290e-07	0	0.334116959	0.340729856	1.804313e-01	8.265191e-01	0
(10,13,0)	0.562500	0.981748	1.887452e-02	0.384682	0.402031	+1.256505153927e-01	+1.256505153915e-01	9.473e-12	6.739e-10	0	0.335216166	0.339635064	1.821623e-01	8.317120e-01	0
(10,13,0)	0.562500	1.374447	1.887452e-02	0.384682	0.402031	+2.173338159849e-01	+2.173338159826e-01	1.087e-11	8.351e-11	0	0.336651291	0.338203077	1.844239e-01	8.384484e-01	0
(10,13,0)	0.562500	1.767146	1.887452e-02	0.384682	0.402031	+2.173338159849e-01	+2.173338159873e-01	1.088e-11	6.022e-11	0	0.336651291	0.338203077	1.844239e-01	8.384484e-01	0
(10,13,0)	0.562500	2.159845	1.887452e-02	0.384682	0.402031	+1.256505153927e-01	+1.256505154015e-01	6.978e-11	5.824e-10	0	0.335216166	0.339635064	1.821623e-01	8.317120e-01	0
(10,13,0)	0.562500	2.552544	1.887452e-02	0.384682	0.402031	-4.037004848288e-03	-4.037004865391e-03	4.236e-09	4.218e-08	0	0.334116959	0.340729856	1.804313e-01	8.265191e-01	0
(10,13,0)	0.562500	2.945243	1.887452e-02	0.384682	0.402031	-9.575958486715e-02	-9.575958487280e-02	5.897e-11	7.022e-10	0	0.333521820	0.341321887	1.794945e-01	8.236950e-01	0
(10,13,0)	0.687500	0.196350	1.887452e-02	0.384682	0.402031	-9.140781454505e-02	-9.140781452881e-02	1.777e-10	1.054e-09	0	0.247147186	0.254351338	1.321581e-01	7.159187e-01	0
(10,13,0)	0.687500	0.589049	1.887452e-02	0.384682	0.402031	-1.671550662983e-02	-1.671550663127e-02	8.622e-11	3.444e-09	0	0.247698774	0.253806411	1.329809e-01	7.187717e-01	0
(10,13,0)	0.687500	0.981748	1.887452e-02	0.384682	0.402031	+8.888887329371e-02	+8.888887330224e-02	9.595e-11	6.779e-10	0	0.248716699	0.252797929	1.345012e-01	7.240138e-01	0
(10,13,0)	0.687500	1.374447	1.887452e-02	0.384682	0.402031	+1.635437469853e-01	+1.635437469820e-01	1.960e-11	5.797e-11	0	0.250044062	0.251477259	1.364876e-01	7.308062e-01	0
(10,13,0)	0.687500	1.767146	1.887452e-02	0.384682	0.402031	+1.635437469853e-01	+1.635437469849e-01	2.170e-12	7.815e-11	0	0.250044062	0.251477259	1.364876e-01	7.308062e-01	0
(10,13,0)	0.687500	2.159845	1.887452e-02	0.384682	0.402031	+8.888887329371e-02	+8.888887330188e-02	9.197e-11	7.319e-10	0	0.248716699	0.252797929	1.345012e-01	7.240138e-01	0
(10,13,0)	0.687500	2.552544	1.887452e-02	0.384682	0.402031	-1.671550662983e-02	-1.671550663127e-02	8.622e-11	3.444e-09	0	0.247698774	0.253806411	1.329809e-01	7.187717e-01	0
(10,13,0)	0.687500	2.945243	1.887452e-02	0.384682	0.402031	-9.140781454505e-02	-9.140781453739e-02	8.381e-11	5.242e-10	0	0.247147186	0.254351338	1.321581e-01	7.159187e-01	0
(10,13,0)	0.812500	0.196350	1.887452e-02	0.384682	0.402031	-6.463489314502e-02	-6.463489315433e-02	1.440e-10	1.094e-09	0	0.177431831	0.183595462	8.513882e-02	5.674366e-01	0
(10,13,0)	0.812500	0.589049	1.887452e-02	0.384682	0.402031	-9.066841684397e-03	-9.066841699410e-03	1.656e-09	5.149e-09	0	0.177902906	0.183128676	8.579934e-02	5.703246e-01	0
(10,13,0)	0.812500	0.981748	1.887452e-02	0.384682	0.402031	+6.948509260304e-02	+6.948509260152e-02	2.185e-11	7.055e-10	0	0.178772740	0.182264957	8.701980e-02	5.756228e-01	0
(10,13,0)	0.812500	1.374447	1.887452e-02	0.384682	0.402031	+1.250063292254e-01	+1.250063292243e-01	8.896e-12	1.049e-10	0	0.179907819	0.181134238	8.861442e-02	5.824727e-01	0
(10,13,0)	0.812500	1.767146	1.887452e-02	0.384682	0.402031	+1.250063292254e-01	+1.250063292292e-01	3.023e-11	1.277e-10	0	0.179907819	0.181134238	8.861442e-02	5.824727e-01	0
(10,13,0)	0.812500	2.159845	1.887452e-02	0.384682	0.402031	+6.948509260304e-02	+6.948509260065e-02	3.446e-11	3.743e-10	0	0.178772740	0.182264957	8.701980e-02	5.756228e-01	0
(10,13,0)	0.812500	2.552544	1.887452e-02	0.384682	0.402031	-9.066841684397e-03	-9.066841677058e-03	8.094e-10	8.261e-09	0	0.177902906	0.183128676	8.579934e-02	5.703246e-01	0
(10,13,0)	0.812500	2.945243	1.887452e-02	0.384682	0.402031	-6.463489314502e-02	-6.463489314205e-02	4.594e-11	1.480e-09	0	0.177431831	0.183595462	8.513882e-02	5.674366e-01	0
(10,13,0)	0.937500	0.196350	1.887452e-02	0.384682	0.402031	-2.452338705430e-03	-2.452338704298e-03	4.614e-10	2.227e-08	0	0.124204170	0.126570150	3.880239e-02	3.295858e-01	0
(10,13,0)	0.937500	0.589049	1.887452e-02	0.384682	0.402031	+3.336530779608e-02	+3.336530779630e-02	6.505e-12	9.736e-10	0	0.124348597	0.126360993	3.919667e-02	3.325481e-01	0
(10,13,0)	0.937500	0.981748	1.887452e-02	0.384682	0.402031	+8.381101964742e-02	+8.381101964700e-02	4.935e-12	4.023e-10	0	0.124633990	0.125984835	3.992520e-02	3.379533e-01	0
(10,13,0)	0.937500	1.374447	1.887452e-02	0.384682	0.402031	+1.193364155006e-01	+1.193364154973e-01	2.833e-11	4.669e-11	0	0.125039653	0.125534640	4.087707e-02	3.448880e-01	0
(10,13,0)	0.937500	1.767146	1.887452e-02	0.384682	0.402031	+1.193364155006e-01	+1.193364154966e-01	3.402e-11	8.049e-11	0	0.125039653	0.125534640	4.087707e-02	3.448880e-01	0
(10,13,0)	0.937500	2.159845	1.887452e-02	0.384682	0.402031	+8.381101964742e-02	+8.381101964499e-02	2.897e-11	4.023e-10	0	0.124633990	0.125984835	3.992520e-02	3.379533e-01	0
(10,13,0)	0.937500	2.552544	1.887452e-02	0.384682	0.402031	+3.336530779608e-02	+3.336530779339e-02	8.054e-11	1.343e-09	0	0.124348597	0.126360993	3.919667e-02	3.325481e-01	0
(10,13,0)	0.937500	2.945243	1.887452e-02	0.384682	0.402031	-2.452338705430e-03	-2.452338705923e-03	2.012e-10	2.227e-08	0	0.124204170	0.126570150	3.880239e-02	3.295858e-01	0
(10,13,15)	-0.937500	0.196350	1.887452e-02	0.442989	0.462969	+1.570206486237e+00	+1.570206486237e+00	3.879e-13	6.455e-11	0	0.974642289	0.982151970	8.752889e-01	9.368751e-01	0
(10,13,15)	-0.937500	0.589049	1.887452e-02	0.442989	0.462969	+1.675268556137e+00	+1.675268556153e+00	9.620e-12	7.334e-11	0	0.975199247	0.981565329	8.757430e-01	9.379213e-01	0
(10,13,15)	-0.937500	0.981748	1.887452e-02	0.442989	0.462969	+1.823820206751e+00	+1.823820206753e+00	1.113e-12	7.458e-11	0	0.976234610	0.980487991	8.765819e-01	9.398514e-01	0
(10,13,15)	-0.937500	1.374447	1.887452e-02	0.442989	0.462969	+1.928841900643e+00	+1.928841900643e+00	1.136e-13	2.575e-11	0	0.977599705	0.979093219	8.776781e-01	9.423672e-01	0
(10,13,15)	-0.937500	1.767146	1.887452e-02	0.442989	0.462969	+1.928841900643e+00	+1.928841900647e+00	2.466e-12	1.849e-11	0	0.977599705	0.979093219	8.776781e-01	9.423672e-01	0
(10,13,15)	-0.937500	2.159845	1.887452e-02	0.442989	0.462969	+1.823820206751e+00	+1.823820206755e+00	2.170e-12	6.688e-11	0	0.976234610	0.980487991	8.765819e-01	9.398514e-01	0
(10,13,15)	-0.937500	2.552544	1.887452e-02	0.442989	0.462969	+1.675268556137e+00	+1.675268556165e+00	1.644e-11	9.600e-11	0	0.975199247	0.981565329	8.757430e-01	9.379213e-01	0
(10,13,15)	-0.937500	2.945243	1.887452e-02	0.442989	0.462969	+1.570206486237e+00	+1.570206486243e+00	3.709e-12	6.455e-11	0	0.974642289	0.982151970	8.752889e-01	9.368751e-01	0
(10,13,15)	-0.812500	0.196350	1.887452e-02	0.442989	0.462969	+9.099379860054e-01	+9.099379860230e-01	1.935e-11	9.626e-11	0	0.951517096	0.960315520	8.179014e-01	9.947994e-01	0
(10,13,15)	-0.812500	0.589049	1.887452e-02	0.442989	0.462969	+1.098219489248e+00	+1.098219489262e+00	1.228e-11	1.330e-10	0	0.952158762	0.959616793	8.186620e-01	9.964495e-01	0
(10,13,15)	-0.812500	0.981748	1.887452e-02	0.442989	0.462969	+1.364380533039e+00	+1.364380533024e+00	1.075e-11	8.793e-11	0	0.953356222	0.958338656	8.200675e-01	9.994915e-01	0
(10,13,15)	-0.812500	1.374447	1.887452e-02	0.442989	0.462969	+1.552507628003e+00	+1.552507627998e+00	3.566e-12	3.870e-11	0	0.954944231	0.956693615	8.219038e-01	1.003452e+00	0
(10,13,15)	-0.812500	1.767146	1.887452e-02	0.442989	0.462969	+1.552507628003e+00	+1.552507627999e+00	2.491e-12	2.436e-11	0	0.954944231	0.956693615	8.219038e-01	1.003452e+00	0
(10,13,15)	-0.812500	2.159845	1.887452e-02	0.442989	0.462969	+1.364380533039e+00	+1.364380533012e+00	1.956e-11	7.792e-11	0	0.953356222	0.958338656	8.200675e-01	9.994915e-01	0
(10,13,15)	-0.812500	2.552544	1.887452e-02	0.442989	0.462969	+1.098219489248e+00	+1.098219489275e+00	2.470e-11	5.328e-11	0	0.952158762	0.959616793	8.186620e-01	9.964495e-01	0
(10,13,15)	-0.812500	2.945243	1.887452e-02	0.442989	0.462969	+9.099379860054e-01	+9.099379860315e-01	2.877e-11	2.038e-10	0	0.951517096	0.960315520	8.179014e-01	9.947994e-01	0
(10,13,15)	-0.687500	0.196350	1.887452e-02	0.442989	0.462969	+6.139062301165e-01	+6.139062301218e-01	8.600e-12	1.682e-10	0	0.949367445	0.957058573	7.613003e-01	1.039405e+00	0
(10,13,15)	-0.687500	0.589049	1.887452e-02	0.442989	0.462969	+8.189425950215e-01	+8.189425950408e-01	2.353e-11	2.065e-10	0	0.949920595	0.956439599	7.622478e-01	1.041372e+00	0
(10,13,15)	-0.687500	0.981748	1.887452e-02	0.442989	0.462969	+1.108760666791e+00	+1.108760666800e+00	8.962e-12	1.234e-10	0	0.950956214	0.955310921	7.639985e-01	1.044997e+00	0
(10,13,15)	-0.687500	1.374447	1.887452e-02	0.442989	0.462969	+1.313589020714e+00	+1.313589020714e+00	5.866e-14	4.411e-11	0	0.952336235	0.953865118	7.662860e-01	1.049714e+00	0
(10,13,15)	-0.687500	1.767146	1.887452e-02	0.442989	0.462969	+1.313589020714e+00	+1.313589020717e+00	2.672e-12	4.411e-11	0	0.952336235	0.953865118	7.662860e-01	1.049714e+00	0
(10,13,15)	-0.687500	2.159845	1.887452e-02	0.442989	0.462969	+1.108760666791e+00	+1.108760666801e+00	9.141e-12	1.156e-10	0	0.950956214	0.955310921	7.639985e-01	1.044997e+00	0
(10,13,15)	-0.687500	2.552544	1.887452e-02	0.442989	0.462969	+8.189425950215e-01	+8.189425950408e-01	2.353e-11	2.065e-10	0	0.949920595	0.956439599	7.622478e-01	1.041372e+00	0
(10,13,15)	-0.687500	2.945243	1.887452e-02	0.442989	0.462969	+6.139062301165e-01	+6.139062301089e-01	1.227e-11	2.286e-10	0	0.949367445	0.957058573	7.613003e-01	1.039405e+00	0
(10,13,15)	-0.562500	0.196350	1.887452e-02	0.442989	0.462969	+4.612534173648e-01	+4.612534173536e-01	2.432e-11	3.563e-10	0	0.961257449	0.967114254	7.050643e-01	1.071505e+00	0
(10,13,15)	-0.562500	0.589049	1.887452e-02	0.442989	0.462969	+6.632927016982e-01	+6.632927016766e-01	3.245e-11	2.956e-10	0	0.961670371	0.966634170	7.061431e-01	1.073678e+00	0
(10,13,15)	-0.562500	0.981748	1.887452e-02	0.442989	0.462969	+9.488657618611e-01	+9.488657618556e-01	5.771e-12	1.077e-10	0	0.962447089	0.965762508	7.081364e-01	1.077680e+00	0
(10,13,15)	-0.562500	1.374447	1.887452e-02	0.442989	0.462969	+1.150687858113e+00	+1.150687858117e+00	3.645e-12	1.965e-11	0	0.963489293	0.964653194	7.107408e-01	1.082888e+00	0
(10,13,15)	-0.562500	1.767146	1.887452e-02	0.442989	0.462969	+1.150687858113e+00	+1.150687858117e+00	3.440e-12	2.213e-11	0	0.963489293	0.964653194	7.107408e-01	1.082888e+00	0
(10,13,15)	-0.562500	2.159845	1.887452e-02	0.442989	0.462969	+9.488657618611e-01	+9.488657618630e-01	2.054e-12	6.311e-11	0	0.962447089	0.965762508	7.081364e-01	1.077680e+00	0
(10,13,15)	-0.562500	2.552544	1.887452e-02	0.442989	0.462969	+6.632927016982e-01	+6.632927016679e-01	4.561e-11	1.158e-10	0	0.961670371	0.966634170	7.061431e-01	1.073678e+00	0
(10,13,15)	-0.562500	2.945243	1.887452e-02	0.442989	0.462969	+4.612534173648e-01	+4.612534173305e-01	7.440e-11	3.312e-10	0	0.961257449	0.967114254	7.050643e-01	1.071505e+00	0
(10,13,15)	-0.437500	0.196350	1.887452e-02	0.442989	0.462969	+3.662019137870e-01	+3.662019137766e-01	2.830e-11	1.823e-10	0	0.980613319	0.984248372	6.490699e-01	1.091960e+00	0
(10,13,15)	-0.437500	0.589049	1.887452e-02	0.442989	0.462969	+5.611975450031e-01	+5.611975450162e-01	2.330e-11	2.454e-10	0	0.980858275	0.983938510	6.502432e-01	1.094279e+00	0
(10,13,15)	-0.437500	0.981748	1.887452e-02	0.442989	0.462969	+8.368181792986e-01	+8.368181793083e-01	1.154e-11	1.021e-10	0	0.981324112	0.983380922	6.524111e-01	1.098549e+00	0
(10,13,15)	-0.437500	1.374447	1.887452e-02	0.442989	0.462969	+1.031609076520e+00	+1.031609076527e+00	6.366e-12	7.143e-11	0	0.981959130	0.982681054	6.552437e-01	1.104105e+00	0
(10,13,15)	-0.437500	1.767146	1.887452e-02	0.442989	0.462969	+1.031609076520e+00	+1.031609076526e+00	5.282e-12	3.404e-11	0	0.981959130	0.982681054	6.552437e-01	1.104105e+00	0
(10,13,15)	-0.437500	2.159845	1.887452e-02	0.442989	0.462969	+8.368181792986e-01	+8.368181792954e-01	3.785e-12	1.619e-10	0	0.981324112	0.983380922	6.524111e-01	1.098549e+00	0
(10,13,15)	-0.437500	2.552544	1.887452e-02	0.442989	0.462969	+5.611975450031e-01	+5.611975449879e-01	2.699e-11	2.364e-10	0	0.980858275	0.983938510	6.502432e-01	1.094279e+00	0
(10,13,15)	-0.437500	2.945243	1.887452e-02	0.442989	0.462969	+3.662019137870e-01	+3.662019137779e-01	2.481e-11	3.400e-10	0	0.980613319	0.984248372	6.490699e-01	1.091960e+00	0
(10,13,15)	-0.312500	0.196350	1.887452e-02	0.442989	0.462969	+2.913256369867e-01	+2.913256369998e-01	4.497e-11	5.179e-10	0	0.997377305	0.998486321	5.932617e-01	1.101310e+00	0
(10,13,15)	-0.312500	0.589049	1.887452e-02	0.442989	0.462969	+4.801840368128e-01	+4.801840368148e-01	4.244e-12	2.436e-10	0	0.997432344	0.998371111	5.945012e-01	1.103738e+00	0
(10,13,15)	-0.312500	0.981748	1.887452e-02	0.442989	0.462969	+7.471407105685e-01	+7.471407105669e-01	2.131e-12	2.920e-10	0	0.997546236	0.998172167	5.967913e-01	1.108211e+00	0
(10,13,15)	-0.312500	1.374447	1.887452e-02	0.442989	0.462969	+9.358161457932e-01	+9.358161457917e-01	1.519e-12	5.697e-11	0	0.997719413	0.997989402	5.997836e-01	1.114027e+00	0
(10,13,15)	-0.312500	1.767146	1.887452e-02	0.442989	0.462969	+9.358161457932e-01	+9.358161457972e-01	4.280e-12	7.569e-11	0	0.997719413	0.997989402	5.997836e-01	1.114027e+00	0
(10,13,15)	-0.312500	2.159845	1.887452e-02	0.442989	0.462969	+7.471407105685e-01	+7.471407105633e-01	6.923e-12	2.349e-10	0	0.997546236	0.998172167	5.967913e-01	1.108211e+00	0
(10,13,15)	-0.312500	2.552544	1.887452e-02	0.442989	0.462969	+4.801840368128e-01	+4.801840368148e-01	4.244e-12	2.436e-10	0	0.997432344	0.998371111	5.945012e-01	1.103738e+00	0
(10,13,15)	-0.312500	2.945243	1.887452e-02	0.442989	0.462969	+2.913256369867e-01	+2.913256369863e-01	1.342e-12	5.179e-10	0	0.997377305	0.998486321	5.932617e-01	1.101310e+00	0
(10,13,15)	-0.187500	0.196350	1.887452e-02	0.442989	0.462969	+2.192793075581e-01	+2.192793075721e-01	6.369e-11	9.557e-10	0	0.993778204	0.995408721	5.376109e-01	1.099780e+00	0
(10,13,15)	-0.187500	0.589049	1.887452e-02	0.442989	0.462969	+4.033454608070e-01	+4.033454607952e-01	2.916e-11	4.112e-10	0	0.993875169	0.995258807	5.388925e-01	1.102295e+00	0
(10,13,15)	-0.187500	0.981748	1.887452e-02	0.442989	0.462969	+6.635429167241e-01	+6.635429167223e-01	2.825e-12	1.530e-10	0	0.994066671	0.994992465	5.412606e-01	1.106925e+00	0
(10,13,15)	-0.187500	1.374447	1.887452e-02	0.442989	0.462969	+8.474516144327e-01	+8.474516144325e-01	1.402e-13	2.725e-11	0	0.994340417	0.994689099	5.443547e-01	1.112947e+00	0
(10,13,15)	-0.187500	1.767146	1.887452e-02	0.442989	0.462969	+8.474516144327e-01	+8.474516144305e-01	2.540e-12	2.958e-11	0	0.994340417	0.994689099	5.443547e-01	1.112947e+00	0
(10,13,15)	-0.187500	2.159845	1.887452e-02	0.442989	0.462969	+6.635429167241e-01	+6.635429167339e-01	1.475e-11	1.526e-10	0	0.994066671	0.994992465	5.412606e-01	1.106925e+00	0
(10,13,15)	-0.187500	2.552544	1.887452e-02	0.442989	0.462969	+4.033454608070e-01	+4.033454607837e-01	5.781e-11	4.112e-10	0	0.993875169	0.995258807	5.388925e-01	1.102295e+00	0
(10,13,15)	-0.187500	2.945243	1.887452e-02	0.442989	0.462969	+2.192793075581e-01	+2.192793075666e-01	3.872e-11	9.557e-10	0	0.993778204	0.995408721	5.376109e-01	1.099780e+00	0
(10,13,15)	-0.062500	0.196350	1.887452e-02	0.442989	0.462969	+1.436180563841e-01	+1.436180563883e-01	2.859e-11	1.161e-09	0	0.950938472	0.955276735	4.821019e-01	1.087296e+00	0
(10,13,15)	-0.062500	0.589049	1.887452e-02	0.442989	0.462969	+3.225187868935e-01	+3.225187868880e-01	1.721e-11	4.866e-10	0	0.951246526	0.954925555	4.834041e-01	1.089879e+00	0
(10,13,15)	-0.062500	0.981748	1.887452e-02	0.442989	0.462969	+5.754301297425e-01	+5.754301297241e-01	3.189e-11	1.644e-10	0	0.951825863	0.954285270	4.858103e-01	1.094638e+00	0
(10,13,15)	-0.062500	1.374447	1.887452e-02	0.442989	0.462969	+7.542001213340e-01	+7.542001213324e-01	2.050e-12	3.236e-11	0	0.952602074	0.953465991	4.889542e-01	1.100824e+00	0
(10,13,15)	-0.062500	1.767146	1.887452e-02	0.442989	0.462969	+7.542001213340e-01	+7.542001213302e-01	5.007e-12	9.656e-12	0	0.952602074	0.953465991	4.889542e-01	1.100824e+00	0
(10,13,15)	-0.062500	2.159845	1.887452e-02	0.442989	0.462969	+5.754301297425e-01	+5.754301297286e-01	2.417e-11	2.118e-10	0	0.951825863	0.954285270	4.858103e-01	1.094638e+00	0
(10,13,15)	-0.062500	2.552544	1.887452e-02	0.442989	0.462969	+3.225187868935e-01	+3.225187868984e-01	1.511e-11	2.113e-10	0	0.951246526	0.954925555	4.834041e-01	1.089879e+00	0
(10,13,15)	-0.062500	2.945243	1.887452e-02	0.442989	0.462969	+1.436180563841e-01	+1.436180563691e-01	1.048e-10	9.821e-10	0	0.950938472	0.955276735	4.821019e-01	1.087296e+00	0
(10,13,15)	0.062500	0.196350	1.887452e-02	0.442989	0.462969	+6.620552009737e-02	+6.620552013704e-02	5.992e-10	2.096e-09	0	0.860583388	0.867197992	4.267283e-01	1.063456e+00	0
(10,13,15)	0.062500	0.589049	1.887452e-02	0.442989	0.462969	+2.374706546735e-01	+2.374706546468e-01	1.123e-10	3.922e-10	0	0.861070662	0.866679293	4.280305e-01	1.066098e+00	0
(10,13,15)	0.062500	0.981748	1.887452e-02	0.442989	0.462969	+4.796020094548e-01	+4.796020094345e-01	4.241e-11	1.493e-10	0	0.861978500	0.865727050	4.304367e-01	1.070962e+00	0
(10,13,15)	0.062500	1.374447	1.887452e-02	0.442989	0.462969	+6.507623812796e-01	+6.507623812769e-01	4.149e-12	2.801e-11	0	0.863178809	0.864495369	4.335805e-01	1.077284e+00	0
(10,13,15)	0.062500	1.767146	1.887452e-02	0.442989	0.462969	+6.507623812796e-01	+6.507623812799e-01	4.238e-13	2.113e-11	0	0.863178809	0.864495369	4.335805e-01	1.077284e+00	0
(10,13,15)	0.062500	2.159845	1.887452e-02	0.442989	0.462969	+4.796020094548e-01	+4.796020094363e-01	3.875e-11	1.614e-10	0	0.861978500	0.865727050	4.304367e-01	1.070962e+00	0
(10,13,15)	0.062500	2.552544	1.887452e-02	0.442989	0.462969	+2.374706546735e-01	+2.374706546369e-01	1.541e-10	3.896e-10	0	0.861070662	0.866679293	4.280305e-01	1.066098e+00	0
(10,13,15)	0.062500	2.945243	1.887452e-02	0.442989	0.462969	+6.620552009737e-02	+6.620552011052e-02	1.987e-10	7.471e-10	0	0.860583388	0.867197992	4.267283e-01	1.063456e+00	0
(10,13,15)	0.187500	0.196350	1.887452e-02	0.442989	0.462969	-5.543583753943e-03	-5.543583757528e-03	6.466e-10	1.285e-08	0	0.735028614	0.743167400	3.714898e-01	1.027472e+00	0
(10,13,15)	0.187500	0.589049	1.887452e-02	0.442989	0.462969	+1.547699462814e-01	+1.547699462798e-01	1.022e-11	5.048e-10	0	0.735637952	0.742538503	3.727715e-01	1.030163e+00	0
(10,13,15)	0.187500	0.981748	1.887452e-02	0.442989	0.462969	+3.814296010743e-01	+3.814296010646e-01	2.536e-11	1.751e-10	0	0.736768625	0.741380201	3.751396e-01	1.035116e+00	0
(10,13,15)	0.187500	1.374447	1.887452e-02	0.442989	0.462969	+5.416612790079e-01	+5.416612790083e-01	6.182e-13	2.971e-11	0	0.738254875	0.739874437	3.782337e-01	1.041553e+00	0
(10,13,15)	0.187500	1.767146	1.887452e-02	0.442989	0.462969	+5.416612790079e-01	+5.416612790085e-01	9.820e-13	2.329e-11	0	0.738254875	0.739874437	3.782337e-01	1.041553e+00	0
(10,13,15)	0.187500	2.159845	1.887452e-02	0.442989	0.462969	+3.814296010743e-01	+3.814296010596e-01	3.839e-11	2.471e-10	0	0.736768625	0.741380201	3.751396e-01	1.035116e+00	0
(10,13,15)	0.187500	2.552544	1.887452e-02	0.442989	0.462969	+1.547699462814e-01	+1.547699462706e-01	6.991e-11	5.065e-10	0	0.735637952	0.742538503	3.727715e-01	1.030163e+00	0
(10,13,15)	0.187500	2.945243	1.887452e-02	0.442989	0.462969	-5.543583753945e-03	-5.543583754854e-03	1.640e-10	2.276e-08	0	0.735028614	0.743167400	3.714898e-01	1.027472e+00	0
(10,13,15)	0.312500	0.196350	1.887452e-02	0.442989	0.462969	-6.365878512004e-02	-6.365878514125e-02	3.333e-10	1.987e-09	0	0.599633018	0.608514496	3.163934e-01	9.780186e-01	0
(10,13,15)	0.312500	0.589049	1.887452e-02	0.442989	0.462969	+8.298175626530e-02	+8.298175625361e-02	1.408e-10	4.267e-10	0	0.600304195	0.607834157	3.176328e-01	9.807521e-01	0
(10,13,15)	0.312500	0.981748	1.887452e-02	0.442989	0.462969	+2.903174969651e-01	+2.903174969651e-01	1.644e-14	2.017e-10	0	0.601546743	0.606578678	3.199230e-01	9.857829e-01	0
(10,13,15)	0.312500	1.374447	1.887452e-02	0.442989	0.462969	+4.368940131628e-01	+4.368940131627e-01	4.131e-13	2.719e-11	0	0.603174587	0.604941710	3.229152e-01	9.923176e-01	0
(10,13,15)	0.312500	1.767146	1.887452e-02	0.442989	0.462969	+4.368940131628e-01	+4.368940131603e-01	5.906e-12	3.626e-11	0	0.603174587	0.604941710	3.229152e-01	9.923176e-01	0
(10,13,15)	0.312500	2.159845	1.887452e-02	0.442989	0.462969	+2.903174969651e-01	+2.903174969503e-01	5.097e-11	1.924e-10	0	0.601546743	0.606578678	3.199230e-01	9.857829e-01	0
(10,13,15)	0.312500	2.552544	1.887452e-02	0.442989	0.462969	+8.298175626530e-02	+8.298175625361e-02	1.408e-10	4.267e-10	0	0.600304195	0.607834157	3.176328e-01	9.807521e-01	0
(10,13,15)	0.312500	2.945243	1.887452e-02	0.442989	0.462969	-6.365878512004e-02	-6.365878514100e-02	3.292e-10	1.233e-09	0	0.599633018	0.608514496	3.163934e-01	9.780186e-01	0
(10,13,15)	0.437500	0.196350	1.887452e-02	0.442989	0.462969	-1.031290128572e-01	-1.031290128720e-01	1.429e-10	1.014e-09	0	0.474210220	0.483234378	2.614542e-01	9.129454e-01	0
(10,13,15)	0.437500	0.589049	1.887452e-02	0.442989	0.462969	+2.799268473192e-02	+2.799268472483e-02	2.535e-10	2.041e-09	0	0.474896456	0.482547195	2.626275e-01	9.157171e-01	0
(10,13,15)	0.437500	0.981748	1.887452e-02	0.442989	0.462969	+2.133898836374e-01	+2.133898836365e-01	3.836e-12	2.508e-10	0	0.476164934	0.481277398	2.647954e-01	9.208165e-01	0
(10,13,15)	0.437500	1.374447	1.887452e-02	0.442989	0.462969	+3.444594541818e-01	+3.444594541820e-01	5.887e-13	7.142e-11	0	0.477823029	0.479618388	2.676279e-01	9.274370e-01	0
(10,13,15)	0.437500	1.767146	1.887452e-02	0.442989	0.462969	+3.444594541818e-01	+3.444594541830e-01	3.748e-12	6.135e-11	0	0.477823029	0.479618388	2.676279e-01	9.274370e-01	0
(10,13,15)	0.437500	2.159845	1.887452e-02	0.442989	0.462969	+2.133898836374e-01	+2.133898836208e-01	7.736e-11	3.388e-10	0	0.476164934	0.481277398	2.647954e-01	9.208165e-01	0
(10,13,15)	0.437500	2.552544	1.887452e-02	0.442989	0.462969	+2.799268473192e-02	+2.799268473613e-02	1.504e-10	2.041e-09	0	0.474896456	0.482547195	2.626275e-01	9.157171e-01	0
(10,13,15)	0.437500	2.945243	1.887452e-02	0.442989	0.462969	-1.031290128572e-01	-1.031290128609e-01	3.581e-11	4.848e-10	0	0.474210220	0.483234378	2.614542e-01	9.129454e-01	0
(10,13,15)	0.562500	0.196350	1.887452e-02	0.442989	0.462969	-1.216194273950e-01	-1.216194274067e-01	9.624e-11	4.902e-10	0	0.366616699	0.375376238	2.067012e-01	8.286558e-01	0
(10,13,15)	0.562500	0.589049	1.887452e-02	0.442989	0.462969	-7.612835478771e-03	-7.612835475821e-03	3.874e-10	4.377e-08	0	0.367285848	0.374712120	2.077800e-01	8.314630e-01	0
(10,13,15)	0.562500	0.981748	1.887452e-02	0.442989	0.462969	+1.535842329580e-01	+1.535842329481e-01	6.421e-11	2.088e-10	0	0.368521374	0.373483728	2.097733e-01	8.366253e-01	0
(10,13,15)	0.562500	1.374447	1.887452e-02	0.442989	0.462969	+2.675447548893e-01	+2.675447548878e-01	5.557e-12	4.653e-11	0	0.370133773	0.371876389	2.123777e-01	8.433224e-01	0
(10,13,15)	0.562500	1.767146	1.887452e-02	0.442989	0.462969	+2.675447548893e-01	+2.675447548854e-01	1.423e-11	8.344e-11	0	0.370133773	0.371876389	2.123777e-01	8.433224e-01	0
(10,13,15)	0.562500	2.159845	1.887452e-02	0.442989	0.462969	+1.535842329580e-01	+1.535842329586e-01	4.379e-12	3.086e-10	0	0.368521374	0.373483728	2.097733e-01	8.366253e-01	0
(10,13,15)	0.562500	2.552544	1.887452e-02	0.442989	0.462969	-7.612835478772e-03	-7.612835478627e-03	1.912e-11	4.377e-08	0	0.367285848	0.374712120	2.077800e-01	8.314630e-01	0
(10,13,15)	0.562500	2.945243	1.887452e-02	0.442989	0.462969	-1.216194273950e-01	-1.216194273709e-01	1.984e-10	8.555e-10	0	0.366616699	0.375376238	2.067012e-01	8.286558e-01	0
(10,13,15)	0.687500	0.196350	1.887452e-02	0.442989	0.462969	-1.170338447168e-01	-1.170338447247e-01	6.729e-11	1.425e-09	0	0.276741963	0.284908969	1.521899e-01	7.185845e-01	0
(10,13,15)	0.687500	0.589049	1.887452e-02	0.442989	0.462969	-2.234494080126e-02	-2.234494079517e-02	2.728e-10	2.554e-09	0	0.277367738	0.284291634	1.531374e-01	7.214269e-01	0
(10,13,15)	0.687500	0.981748	1.887452e-02	0.442989	0.462969	+1.115327244303e-01	+1.115327244253e-01	4.558e-11	5.793e-10	0	0.278522352	0.283148980	1.548881e-01	7.266498e-01	0
(10,13,15)	0.687500	1.374447	1.887452e-02	0.442989	0.462969	+2.061754717659e-01	+2.061754717633e-01	1.269e-11	5.692e-11	0	0.280027546	0.281652258	1.571756e-01	7.334178e-01	0
(10,13,15)	0.687500	1.767146	1.887452e-02	0.442989	0.462969	+2.061754717659e-01	+2.061754717651e-01	3.913e-12	5.832e-11	0	0.280027546	0.281652258	1.571756e-01	7.334178e-01	0
(10,13,15)	0.687500	2.159845	1.887452e-02	0.442989	0.462969	+1.115327244303e-01	+1.115327244306e-01	2.123e-12	5.793e-10	0	0.278522352	0.283148980	1.548881e-01	7.266498e-01	0
(10,13,15)	0.687500	2.552544	1.887452e-02	0.442989	0.462969	-2.234494080126e-02	-2.234494079517e-02	2.728e-10	2.554e-09	0	0.277367738	0.284291634	1.531374e-01	7.214269e-01	0
(10,13,15)	0.687500	2.945243	1.887452e-02	0.442989	0.462969	-1.170338447168e-01	-1.170338447228e-01	5.096e-11	1.045e-09	0	0.276741963	0.284908969	1.521899e-01	7.185845e-01	0
(10,13,15)	0.812500	0.196350	1.887452e-02	0.442989	0.462969	-8.345496874281e-02	-8.345496874674e-02	4.707e-11	1.484e-09	0	0.201470417	0.208511000	9.804366e-02	5.684035e-01	0
(10,13,15)	0.812500	0.589049	1.887452e-02	0.442989	0.462969	-1.188404063703e-02	-1.188404063044e-02	5.543e-10	4.027e-09	0	0.202008782	0.207978037	9.880429e-02	5.712866e-01	0
(10,13,15)	0.812500	0.981748	1.887452e-02	0.442989	0.462969	+8.929027761875e-02	+8.929027762035e-02	1.798e-11	5.310e-10	0	0.203002738	0.206991772	1.002097e-01	5.765760e-01	0
(10,13,15)	0.812500	1.374447	1.887452e-02	0.442989	0.462969	+1.608015388777e-01	+1.608015388814e-01	2.300e-11	6.038e-11	0	0.204299550	0.205700438	1.020461e-01	5.834147e-01	0
(10,13,15)	0.812500	1.767146	1.887452e-02	0.442989	0.462969	+1.608015388777e-01	+1.608015388770e-01	4.647e-12	6.222e-11	0	0.204299550	0.205700438	1.020461e-01	5.834147e-01	0
(10,13,15)	0.812500	2.159845	1.887452e-02	0.442989	0.462969	+8.929027761875e-02	+8.929027762275e-02	4.482e-11	7.857e-10	0	0.203002738	0.206991772	1.002097e-01	5.765760e-01	0
(10,13,15)	0.812500	2.552544	1.887452e-02	0.442989	0.462969	-1.188404063704e-02	-1.188404064442e-02	6.211e-10	3.216e-09	0	0.202008782	0.207978037	9.880429e-02	5.712866e-01	0
(10,13,15)	0.812500	2.945243	1.887452e-02	0.442989	0.462969	-8.345496874281e-02	-8.345496874758e-02	5.723e-11	1.484e-09	0	0.201470417	0.208511000	9.804366e-02	5.684035e-01	0
(10,13,15)	0.937500	0.196350	1.887452e-02	0.442989	0.462969	-3.153613115787e-03	-3.153613118892e-03	9.845e-10	1.339e-08	0	0.142511992	0.145229248	4.468383e-02	3.296157e-01	0
(10,13,15)	0.937500	0.589049	1.887452e-02	0.442989	0.462969	+4.365882117857e-02	+4.365882117469e-02	8.906e-11	1.136e-09	0	0.142677938	0.144989098	4.513787e-02	3.325777e-01	0
(10,13,15)	0.937500	0.981748	1.887452e-02	0.442989	0.462969	+1.095897534798e-01	+1.095897534765e-01	3.061e-11	1.191e-10	0	0.143005802	0.144557185	4.597682e-02	3.379825e-01	0
(10,13,15)	0.937500	1.374447	1.887452e-02	0.442989	0.462969	+1.560203880547e-01	+1.560203880524e-01	1.427e-11	7.032e-11	0	0.143471756	0.144040106	4.707297e-02	3.449166e-01	0
(10,13,15)	0.937500	1.767146	1.887452e-02	0.442989	0.462969	+1.560203880547e-01	+1.560203880540e-01	4.262e-12	2.619e-11	0	0.143471756	0.144040106	4.707297e-02	3.449166e-01	0
(10,13,15)	0.937500	2.159845	1.887452e-02	0.442989	0.462969	+1.095897534798e-01	+1.095897534793e-01	4.553e-12	3.418e-10	0	0.143005802	0.144557185	4.597682e-02	3.379825e-01	0
(10,13,15)	0.937500	2.552544	1.887452e-02	0.442989	0.462969	+4.365882117857e-02	+4.365882117022e-02	1.914e-10	8.312e-10	0	0.142677938	0.144989098	4.513787e-02	3.325777e-01	0
(10,13,15)	0.937500	2.945243	1.887452e-02	0.442989	0.462969	-3.153613115786e-03	-3.153613112328e-03	1.096e-09	1.339e-08	0	0.142511992	0.145229248	4.468383e-02	3.296157e-01	0
(10,14,0)	-0.937500	0.196350	1.128092e-02	0.384730	0.402031	+1.532219726563e+00	+1.532219726545e+00	1.157e-11	1.277e-10	0	0.957554819	0.964205539	7.611675e-01	8.328308e-01	0
(10,14,0)	-0.937500	0.589049	1.128092e-02	0.384730	0.402031	+1.696929732282e+00	+1.696929732246e+00	2.140e-11	6.924e-11	0	0.958051939	0.963689999	7.614031e-01	8.335343e-01	0
(10,14,0)	-0.937500	0.981748	1.128092e-02	0.384730	0.402031	+1.929838962482e+00	+1.929838962478e+00	2.078e-12	1.025e-10	0	0.958974399	0.962741491	7.618386e-01	8.348326e-01	0
(10,14,0)	-0.937500	1.374447	1.128092e-02	0.384730	0.402031	+2.094512351382e+00	+2.094512351389e+00	3.065e-12	1.435e-11	0	0.960187340	0.961510133	7.624075e-01	8.365260e-01	0
(10,14,0)	-0.937500	1.767146	1.128092e-02	0.384730	0.402031	+2.094512351382e+00	+2.094512351380e+00	1.384e-12	1.144e-11	0	0.960187340	0.961510133	7.624075e-01	8.365260e-01	0
(10,14,0)	-0.937500	2.159845	1.128092e-02	0.384730	0.402031	+1.929838962482e+00	+1.929838962478e+00	1.657e-12	5.896e-11	0	0.958974399	0.962741491	7.618386e-01	8.348326e-01	0
(10,14,0)	-0.937500	2.552544	1.128092e-02	0.384730	0.402031	+1.696929732282e+00	+1.696929732234e+00	2.830e-11	6.223e-11	0	0.958051939	0.963689999	7.614031e-01	8.335343e-01	0
(10,14,0)	-0.937500	2.945243	1.128092e-02	0.384730	0.402031	+1.532219726563e+00	+1.532219726556e+00	4.376e-12	1.771e-10	0	0.957554819	0.964205539	7.611675e-01	8.328308e-01	0
(10,14,0)	-0.812500	0.196350	1.128092e-02	0.384730	0.402031	+6.944195224552e-01	+6.944195224522e-01	4.242e-12	2.697e-10	0	0.915150182	0.922492916	7.120311e-01	9.127611e-01	0
(10,14,0)	-0.812500	0.589049	1.128092e-02	0.384730	0.402031	+9.479732735684e-01	+9.479732736011e-01	3.450e-11	7.759e-11	0	0.915693900	0.921918423	7.124258e-01	9.138362e-01	0
(10,14,0)	-0.812500	0.981748	1.128092e-02	0.384730	0.402031	+1.306475658847e+00	+1.306475658852e+00	3.868e-12	8.292e-11	0	0.916705020	0.920863785	7.131553e-01	9.158196e-01	0
(10,14,0)	-0.812500	1.374447	1.128092e-02	0.384730	0.402031	+1.559920857458e+00	+1.559920857448e+00	6.728e-12	1.564e-11	0	0.918038877	0.919499160	7.141084e-01	9.184045e-01	0
(10,14,0)	-0.812500	1.767146	1.128092e-02	0.384730	0.402031	+1.559920857458e+00	+1.559920857445e+00	8.199e-12	4.745e-11	0	0.918038877	0.919499160	7.141084e-01	9.184045e-01	0
(10,14,0)	-0.812500	2.159845	1.128092e-02	0.384730	0.402031	+1.306475658847e+00	+1.306475658841e+00	5.116e-12	5.937e-11	0	0.916705020	0.920863785	7.131553e-01	9.158196e-01	0
(10,14,0)	-0.812500	2.552544	1.128092e-02	0.384730	0.402031	+9.479732735684e-01	+9.479732735752e-01	7.127e-12	1.113e-10	0	0.915693900	0.921918423	7.124258e-01	9.138362e-01	0
(10,14,0)	-0.812500	2.945243	1.128092e-02	0.384730	0.402031	+6.944195224552e-01	+6.944195224314e-01	3.424e-11	2.697e-10	0	0.915150182	0.922492916	7.120311e-01	9.127611e-01	0
(10,14,0)	-0.687500	0.196350	1.128092e-02	0.384730	0.402031	+4.135674630717e-01	+4.135674630599e-01	2.848e-11	3.377e-10	0	0.905512862	0.911845142	6.633028e-01	9.739043e-01	0
(10,14,0)	-0.687500	0.589049	1.128092e-02	0.384730	0.402031	+6.617140086888e-01	+6.617140087142e-01	3.842e-11	1.944e-10	0	0.905978791	0.911346631	6.637945e-01	9.751595e-01	0
(10,14,0)	-0.687500	0.981748	1.128092e-02	0.384730	0.402031	+1.012558676351e+00	+1.012558676354e+00	2.616e-12	7.856e-11	0	0.906846531	0.910432822	6.647032e-01	9.774745e-01	0
(10,14,0)	-0.687500	1.374447	1.128092e-02	0.384730	0.402031	+1.260581437775e+00	+1.260581437785e+00	7.835e-12	2.549e-11	0	0.907993769	0.909253012	6.658904e-01	9.804910e-01	0
(10,14,0)	-0.687500	1.767146	1.128092e-02	0.384730	0.402031	+1.260581437775e+00	+1.260581437771e+00	3.228e-12	1.050e-11	0	0.907993769	0.909253012	6.658904e-01	9.804910e-01	0
(10,14,0)	-0.687500	2.159845	1.128092e-02	0.384730	0.402031	+1.012558676351e+00	+1.012558676356e+00	4.346e-12	1.208e-10	0	0.906846531	0.910432822	6.647032e-01	9.774745e-01	0
(10,14,0)	-0.687500	2.552544	1.128092e-02	0.384730	0.402031	+6.617140086888e-01	+6.617140087142e-01	3.842e-11	1.944e-10	0	0.905978791	0.911346631	6.637945e-01	9.751595e-01	0
(10,14,0)	-0.687500	2.945243	1.128092e-02	0.384730	0.402031	+4.135674630717e-01	+4.135674630561e-01	3.781e-11	5.007e-10	0	0.905512862	0.911845142	6.633028e-01	9.739043e-01	0
(10,14,0)	-0.562500	0.196350	1.128092e-02	0.384730	0.402031	+3.047983612215e-01	+3.047983612235e-01	6.522e-12	4.890e-10	0	0.918274160	0.923263803	6.147640e-01	1.019113e+00	0
(10,14,0)	-0.562500	0.589049	1.128092e-02	0.384730	0.402031	+5.305030514734e-01	+5.305030514830e-01	1.819e-11	3.472e-10	0	0.918638402	0.922867999	6.153239e-01	1.020478e+00	0
(10,14,0)	-0.562500	0.981748	1.128092e-02	0.384730	0.402031	+8.496162212502e-01	+8.496162212395e-01	1.262e-11	1.305e-10	0	0.919318022	0.922143752	6.163585e-01	1.022997e+00	0
(10,14,0)	-0.562500	1.374447	1.128092e-02	0.384730	0.402031	+1.075205723707e+00	+1.075205723705e+00	2.143e-12	2.615e-11	0	0.920219028	0.921211195	6.177102e-01	1.026278e+00	0
(10,14,0)	-0.562500	1.767146	1.128092e-02	0.384730	0.402031	+1.075205723707e+00	+1.075205723716e+00	7.832e-12	3.626e-11	0	0.920219028	0.921211195	6.177102e-01	1.026278e+00	0
(10,14,0)	-0.562500	2.159845	1.128092e-02	0.384730	0.402031	+8.496162212502e-01	+8.496162212686e-01	2.167e-11	7.650e-11	0	0.919318022	0.922143752	6.163585e-01	1.022997e+00	0
(10,14,0)	-0.562500	2.552544	1.128092e-02	0.384730	0.402031	+5.305030514734e-01	+5.305030514520e-01	4.033e-11	1.562e-10	0	0.918638402	0.922867999	6.153239e-01	1.020478e+00	0
(10,14,0)	-0.562500	2.945243	1.128092e-02	0.384730	0.402031	+3.047983612215e-01	+3.047983611775e-01	1.442e-10	4.121e-10	0	0.918274160	0.923263803	6.147640e-01	1.019113e+00	0
(10,14,0)	-0.437500	0.196350	1.128092e-02	0.384730	0.402031	+2.518487236759e-01	+2.518487236424e-01	1.327e-10	6.384e-10	0	0.946620871	0.950124400	5.663507e-01	1.050293e+00	0
(10,14,0)	-0.437500	0.589049	1.128092e-02	0.384730	0.402031	+4.567902363571e-01	+4.567902363376e-01	4.276e-11	1.701e-10	0	0.946872929	0.949842665	5.669596e-01	1.051734e+00	0
(10,14,0)	-0.437500	0.981748	1.128092e-02	0.384730	0.402031	+7.465505285411e-01	+7.465505285368e-01	5.800e-12	1.474e-10	0	0.947344853	0.949328777	5.680848e-01	1.054392e+00	0
(10,14,0)	-0.437500	1.374447	1.128092e-02	0.384730	0.402031	+9.513919693740e-01	+9.513919693645e-01	9.901e-12	3.917e-11	0	0.947973699	0.948670263	5.695549e-01	1.057854e+00	0
(10,14,0)	-0.437500	1.767146	1.128092e-02	0.384730	0.402031	+9.513919693740e-01	+9.513919693645e-01	9.914e-12	3.917e-11	0	0.947973699	0.948670263	5.695549e-01	1.057854e+00	0
(10,14,0)	-0.437500	2.159845	1.128092e-02	0.384730	0.402031	+7.465505285411e-01	+7.465505285306e-01	1.401e-11	9.986e-11	0	0.947344853	0.949328777	5.680848e-01	1.054392e+00	0
(10,14,0)	-0.437500	2.552544	1.128092e-02	0.384730	0.402031	+4.567902363571e-01	+4.567902363468e-01	2.258e-11	1.701e-10	0	0.946872929	0.949842665	5.669596e-01	1.051734e+00	0
(10,14,0)	-0.437500	2.945243	1.128092e-02	0.384730	0.402031	+2.518487236759e-01	+2.518487236366e-01	1.558e-10	3.584e-10	0	0.946620871	0.950124400	5.663507e-01	1.050293e+00	0
(10,14,0)	-0.312500	0.196350	1.128092e-02	0.384730	0.402031	+2.127914882566e-01	+2.127914882488e-01	3.672e-11	6.896e-10	0	0.980541606	0.982401906	5.180339e-01	1.068608e+00	0
(10,14,0)	-0.312500	0.589049	1.128092e-02	0.384730	0.402031	+4.024891543087e-01	+4.024891543199e-01	2.785e-11	3.987e-10	0	0.980669769	0.982246455	5.186772e-01	1.070104e+00	0
(10,14,0)	-0.312500	0.981748	1.128092e-02	0.384730	0.402031	+6.707025215241e-01	+6.707025215373e-01	1.963e-11	1.265e-10	0	0.980912255	0.981965386	5.198658e-01	1.072863e+00	0
(10,14,0)	-0.312500	1.374447	1.128092e-02	0.384730	0.402031	+8.603158533326e-01	+8.603158533316e-01	1.163e-12	2.168e-11	0	0.981240324	0.981610040	5.214188e-01	1.076458e+00	0
(10,14,0)	-0.312500	1.767146	1.128092e-02	0.384730	0.402031	+8.603158533326e-01	+8.603158533277e-01	5.655e-12	4.525e-11	0	0.981240324	0.981610040	5.214188e-01	1.076458e+00	0
(10,14,0)	-0.312500	2.159845	1.128092e-02	0.384730	0.402031	+6.707025215241e-01	+6.707025215266e-01	3.626e-12	7.635e-11	0	0.980912255	0.981965386	5.198658e-01	1.072863e+00	0
(10,14,0)	-0.312500	2.552544	1.128092e-02	0.384730	0.402031	+4.024891543087e-01	+4.024891543199e-01	2.785e-11	3.987e-10	0	0.980669769	0.982246455	5.186772e-01	1.070104e+00	0
(10,14,0)	-0.312500	2.945243	1.128092e-02	0.384730	0.402031	+2.127914882566e-01	+2.127914882352e-01	1.004e-10	6.896e-10	0	0.980541606	0.982401906	5.180339e-01	1.068608e+00	0
(10,14,0)	-0.187500	0.196350	1.128092e-02	0.384730	0.402031	+1.702078730527e-01	+1.702078729657e-01	5.116e-10	5.315e-09	0	0.999952761	0.999997542	4.697988e-01	1.074680e+00	0
(10,14,0)	-0.187500	0.589049	1.128092e-02	0.384730	0.402031	+3.490707506028e-01	+3.490707505589e-01	1.258e-10	1.786e-09	0	0.999944297	0.999990279	4.704640e-01	1.076218e+00	0
(10,14,0)	-0.187500	0.981748	1.128092e-02	0.384730	0.402031	+6.019719672222e-01	+6.019719674212e-01	3.306e-10	1.616e-09	0	0.999933658	0.999987376	4.716931e-01	1.079055e+00	0
(10,14,0)	-0.187500	1.374447	1.128092e-02	0.384730	0.402031	+7.807654342618e-01	+7.807654342478e-01	1.799e-11	1.858e-09	0	0.999929679	0.999986458	4.732990e-01	1.082751e+00	0
(10,14,0)	-0.187500	1.767146	1.128092e-02	0.384730	0.402031	+7.807654342618e-01	+7.807654342146e-01	6.048e-11	1.841e-09	0	0.999929679	0.999986458	4.732990e-01	1.082751e+00	0
(10,14,0)	-0.187500	2.159845	1.128092e-02	0.384730	0.402031	+6.019719672222e-01	+6.019719674233e-01	3.341e-10	1.528e-09	0	0.999933658	0.999987376	4.716931e-01	1.079055e+00	0
(10,14,0)	-0.187500	2.552544	1.128092e-02	0.384730	0.402031	+3.490707506028e-01	+3.490707505497e-01	1.523e-10	2.077e-09	0	0.999944297	0.999990279	4.704640e-01	1.076218e+00	0
(10,14,0)	-0.187500	2.945243	1.128092e-02	0.384730	0.402031	+1.702078730527e-01	+1.702078729924e-01	3.544e-10	5.673e-09	0	0.999952761	0.999997542	4.697988e-01	1.074680e+00	0
(10,14,0)	-0.062500	0.196350	1.128092e-02	0.384730	0.402031	+1.175252599725e-01	+1.175252599798e-01	6.269e-11	4.708e-10	0	0.971556267	0.973371922	4.216374e-01	1.068699e+00	0
(10,14,0)	-0.062500	0.589049	1.128092e-02	0.384730	0.402031	+2.865823148938e-01	+2.865823148993e-01	1.919e-11	2.929e-10	0	0.971684420	0.973223995	4.223133e-01	1.070271e+00	0
(10,14,0)	-0.062500	0.981748	1.128092e-02	0.384730	0.402031	+5.256259865297e-01	+5.256259865213e-01	1.591e-11	1.797e-10	0	0.971925713	0.972954744	4.235621e-01	1.073170e+00	0
(10,14,0)	-0.062500	1.374447	1.128092e-02	0.384730	0.402031	+6.946277458609e-01	+6.946277458591e-01	2.597e-12	3.757e-11	0	0.972249633	0.972611059	4.251938e-01	1.076945e+00	0
(10,14,0)	-0.062500	1.767146	1.128092e-02	0.384730	0.402031	+6.946277458609e-01	+6.946277458613e-01	6.158e-13	3.819e-11	0	0.972249633	0.972611059	4.251938e-01	1.076945e+00	0
(10,14,0)	-0.062500	2.159845	1.128092e-02	0.384730	0.402031	+5.256259865297e-01	+5.256259865318e-01	4.142e-12	1.557e-10	0	0.971925713	0.972954744	4.235621e-01	1.073170e+00	0
(10,14,0)	-0.062500	2.552544	1.128092e-02	0.384730	0.402031	+2.865823148938e-01	+2.865823148868e-01	2.461e-11	3.429e-10	0	0.971684420	0.973223995	4.223133e-01	1.070271e+00	0
(10,14,0)	-0.062500	2.945243	1.128092e-02	0.384730	0.402031	+1.175252599725e-01	+1.175252599969e-01	2.082e-10	4.708e-10	0	0.971556267	0.973371922	4.216374e-01	1.068699e+00	0
(10,14,0)	0.062500	0.196350	1.128092e-02	0.384730	0.402031	+5.701681553014e-02	+5.701681553375e-02	6.328e-11	1.194e-09	0	0.875693970	0.879086601	3.735462e-01	1.050452e+00	0
(10,14,0)	0.062500	0.589049	1.128092e-02	0.384730	0.402031	+2.138962339966e-01	+2.138962340031e-01	3.015e-11	3.906e-10	0	0.875944879	0.878821291	3.742221e-01	1.052052e+00	0
(10,14,0)	0.062500	0.981748	1.128092e-02	0.384730	0.402031	+4.357274251923e-01	+4.357274251949e-01	6.029e-12	1.506e-10	0	0.876411795	0.878334016	3.754709e-01	1.055000e+00	0
(10,14,0)	0.062500	1.374447	1.128092e-02	0.384730	0.402031	+5.925646953839e-01	+5.925646953818e-01	3.556e-12	3.506e-11	0	0.877028180	0.877703239	3.771026e-01	1.058840e+00	0
(10,14,0)	0.062500	1.767146	1.128092e-02	0.384730	0.402031	+5.925646953839e-01	+5.925646953827e-01	1.908e-12	2.518e-11	0	0.877028180	0.877703239	3.771026e-01	1.058840e+00	0
(10,14,0)	0.062500	2.159845	1.128092e-02	0.384730	0.402031	+4.357274251923e-01	+4.357274251954e-01	7.153e-12	1.176e-10	0	0.876411795	0.878334016	3.754709e-01	1.055000e+00	0
(10,14,0)	0.062500	2.552544	1.128092e-02	0.384730	0.402031	+2.138962339966e-01	+2.138962339960e-01	2.994e-12	4.034e-10	0	0.875944879	0.878821291	3.742221e-01	1.052052e+00	0
(10,14,0)	0.062500	2.945243	1.128092e-02	0.384730	0.402031	+5.701681553015e-02	+5.701681552232e-02	1.373e-10	6.181e-10	0	0.875693970	0.879086601	3.735462e-01	1.050452e+00	0
(10,14,0)	0.187500	0.196350	1.128092e-02	0.384730	0.402031	-1.986395004768e-03	-1.986395006501e-03	8.723e-10	4.752e-08	0	0.730562167	0.734954913	3.255252e-01	1.019280e+00	0
(10,14,0)	0.187500	0.589049	1.128092e-02	0.384730	0.402031	+1.396105726203e-01	+1.396105726190e-01	9.505e-12	5.450e-10	0	0.730891947	0.734616148	3.261904e-01	1.020902e+00	0
(10,14,0)	0.187500	0.981748	1.128092e-02	0.384730	0.402031	+3.398370737028e-01	+3.398370736980e-01	1.406e-11	1.055e-10	0	0.731503381	0.733992012	3.274194e-01	1.023892e+00	0
(10,14,0)	0.187500	1.374447	1.128092e-02	0.384730	0.402031	+4.814031468062e-01	+4.814031468057e-01	8.769e-13	2.732e-11	0	0.732306237	0.733180177	3.290253e-01	1.027786e+00	0
(10,14,0)	0.187500	1.767146	1.128092e-02	0.384730	0.402031	+4.814031468062e-01	+4.814031468063e-01	3.927e-13	2.938e-11	0	0.732306237	0.733180177	3.290253e-01	1.027786e+00	0
(10,14,0)	0.187500	2.159845	1.128092e-02	0.384730	0.402031	+3.398370737028e-01	+3.398370737080e-01	1.529e-11	9.418e-11	0	0.731503381	0.733992012	3.274194e-01	1.023892e+00	0
(10,14,0)	0.187500	2.552544	1.128092e-02	0.384730	0.402031	+1.396105726203e-01	+1.396105726188e-01	1.088e-11	6.929e-10	0	0.730891947	0.734616148	3.261904e-01	1.020902e+00	0
(10,14,0)	0.187500	2.945243	1.128092e-02	0.384730	0.402031	-1.986395004768e-03	-1.986395006261e-03	7.516e-10	4.752e-08	0	0.730562167	0.734954913	3.255252e-01	1.019280e+00	0
(10,14,0)	0.312500	0.196350	1.128092e-02	0.384730	0.402031	-4.986538996938e-02	-4.986538996596e-02	6.856e-11	2.029e-09	0	0.577559760	0.582378001	2.775778e-01	9.739513e-01	0
(10,14,0)	0.312500	0.589049	1.128092e-02	0.384730	0.402031	+7.500962721485e-02	+7.500962722187e-02	9.365e-11	1.092e-09	0	0.577924211	0.582009068	2.782211e-01	9.755928e-01	0
(10,14,0)	0.312500	0.981748	1.128092e-02	0.384730	0.402031	+2.515936877566e-01	+2.515936877670e-01	4.148e-11	1.491e-10	0	0.578598694	0.581328250	2.794097e-01	9.786186e-01	0
(10,14,0)	0.312500	1.374447	1.128092e-02	0.384730	0.402031	+3.764462494902e-01	+3.764462494931e-01	7.758e-12	2.249e-11	0	0.579481970	0.580440498	2.809627e-01	9.825579e-01	0
(10,14,0)	0.312500	1.767146	1.128092e-02	0.384730	0.402031	+3.764462494902e-01	+3.764462494899e-01	7.088e-13	2.801e-11	0	0.579481970	0.580440498	2.809627e-01	9.825579e-01	0
(10,14,0)	0.312500	2.159845	1.128092e-02	0.384730	0.402031	+2.515936877566e-01	+2.515936877551e-01	5.943e-12	1.066e-10	0	0.578598694	0.581328250	2.794097e-01	9.786186e-01	0
(10,14,0)	0.312500	2.552544	1.128092e-02	0.384730	0.402031	+7.500962721485e-02	+7.500962722187e-02	9.365e-11	1.092e-09	0	0.577924211	0.582009068	2.782211e-01	9.755928e-01	0
(10,14,0)	0.312500	2.945243	1.128092e-02	0.384730	0.402031	-4.986538996938e-02	-4.986538996988e-02	1.006e-11	2.176e-09	0	0.577559760	0.582378001	2.775778e-01	9.739513e-01	0
(10,14,0)	0.437500	0.196350	1.128092e-02	0.384730	0.402031	-8.159986674429e-02	-8.159986671404e-02	3.708e-10	6.285e-10	0	0.443622710	0.448476786	2.297121e-01	9.123801e-01	0
(10,14,0)	0.437500	0.589049	1.128092e-02	0.384730	0.402031	+2.658475179517e-02	+2.658475178937e-02	2.185e-10	1.972e-09	0	0.443991573	0.448106761	2.303211e-01	9.140387e-01	0
(10,14,0)	0.437500	0.981748	1.128092e-02	0.384730	0.402031	+1.795689022914e-01	+1.795689022909e-01	2.741e-12	3.104e-10	0	0.444673459	0.447423236	2.314463e-01	9.170955e-01	0
(10,14,0)	0.437500	1.374447	1.128092e-02	0.384730	0.402031	+2.877365486298e-01	+2.877365486354e-01	1.964e-11	2.159e-11	0	0.445564960	0.446530577	2.329164e-01	9.210742e-01	0
(10,14,0)	0.437500	1.767146	1.128092e-02	0.384730	0.402031	+2.877365486298e-01	+2.877365486281e-01	5.663e-12	6.060e-11	0	0.445564960	0.446530577	2.329164e-01	9.210742e-01	0
(10,14,0)	0.437500	2.159845	1.128092e-02	0.384730	0.402031	+1.795689022914e-01	+1.795689022891e-01	1.284e-11	1.719e-10	0	0.444673459	0.447423236	2.314463e-01	9.170955e-01	0
(10,14,0)	0.437500	2.552544	1.128092e-02	0.384730	0.402031	+2.658475179518e-02	+2.658475179452e-02	2.464e-11	2.444e-09	0	0.443991573	0.448106761	2.303211e-01	9.140387e-01	0
(10,14,0)	0.437500	2.945243	1.128092e-02	0.384730	0.402031	-8.159986674429e-02	-8.159986671803e-02	3.218e-10	6.547e-10	0	0.443622710	0.448476786	2.297121e-01	9.123801e-01	0
(10,14,0)	0.562500	0.196350	1.128092e-02	0.384730	0.402031	-9.575177059783e-02	-9.575177057578e-02	2.303e-10	5.764e-10	0	0.335096202	0.339758005	1.819431e-01	8.310086e-01	0
(10,14,0)	0.562500	0.589049	1.128092e-02	0.384730	0.402031	-4.034392436882e-03	-4.034392445411e-03	2.114e-09	1.091e-08	0	0.335451582	0.339403736	1.825030e-01	8.326828e-01	0
(10,14,0)	0.562500	0.981748	1.128092e-02	0.384730	0.402031	+1.256636350788e-01	+1.256636350792e-01	3.111e-12	3.414e-10	0	0.336108042	0.338748852	1.835375e-01	8.357675e-01	0
(10,14,0)	0.562500	1.374447	1.128092e-02	0.384730	0.402031	+2.173669703545e-01	+2.173669703578e-01	1.550e-11	1.010e-10	0	0.336965332	0.337892677	1.848892e-01	8.397807e-01	0
(10,14,0)	0.562500	1.767146	1.128092e-02	0.384730	0.402031	+2.173669703545e-01	+2.173669703577e-01	1.509e-11	1.010e-10	0	0.336965332	0.337892677	1.848892e-01	8.397807e-01	0
(10,14,0)	0.562500	2.159845	1.128092e-02	0.384730	0.402031	+1.256636350788e-01	+1.256636350894e-01	8.474e-11	4.640e-10	0	0.336108042	0.338748852	1.835375e-01	8.357675e-01	0
(10,14,0)	0.562500	2.552544	1.128092e-02	0.384730	0.402031	-4.034392436885e-03	-4.034392432553e-03	1.074e-09	1.091e-08	0	0.335451582	0.339403736	1.825030e-01	8.326828e-01	0
(10,14,0)	0.562500	2.945243	1.128092e-02	0.384730	0.402031	-9.575177059783e-02	-9.575177058080e-02	1.779e-10	8.529e-10	0	0.335096202	0.339758005	1.819431e-01	8.310086e-01	0
(10,14,0)	0.687500	0.196350	1.128092e-02	0.384730	0.402031	-9.140998382067e-02	-9.140998380287e-02	1.947e-10	8.505e-10	0	0.248594503	0.252900326	1.342994e-01	7.232827e-01	0
(10,14,0)	0.687500	0.589049	1.128092e-02	0.384730	0.402031	-1.672333700112e-02	-1.672333700861e-02	4.477e-10	6.438e-09	0	0.248923429	0.252573783	1.347911e-01	7.249719e-01	0
(10,14,0)	0.687500	0.981748	1.128092e-02	0.384730	0.402031	+8.889006445118e-02	+8.889006444655e-02	5.204e-11	4.956e-10	0	0.249530722	0.251969861	1.356998e-01	7.280828e-01	0
(10,14,0)	0.687500	1.374447	1.128092e-02	0.384730	0.402031	+1.635633268405e-01	+1.635633268401e-01	2.370e-12	1.393e-10	0	0.250323223	0.251179747	1.368870e-01	7.321275e-01	0
(10,14,0)	0.687500	1.767146	1.128092e-02	0.384730	0.402031	+1.635633268405e-01	+1.635633268415e-01	5.944e-12	5.445e-11	0	0.250323223	0.251179747	1.368870e-01	7.321275e-01	0
(10,14,0)	0.687500	2.159845	1.128092e-02	0.384730	0.402031	+8.889006445118e-02	+8.889006445138e-02	2.263e-12	1.893e-10	0	0.249530722	0.251969861	1.356998e-01	7.280828e-01	0
(10,14,0)	0.687500	2.552544	1.128092e-02	0.384730	0.402031	-1.672333700112e-02	-1.672333700861e-02	4.477e-10	6.438e-09	0	0.248923429	0.252573783	1.347911e-01	7.249719e-01	0
(10,14,0)	0.687500	2.945243	1.128092e-02	0.384730	0.402031	-9.140998382067e-02	-9.140998382041e-02	2.908e-12	8.505e-10	0	0.248594503	0.252900326	1.342994e-01	7.232827e-01	0
(10,14,0)	0.812500	0.196350	1.128092e-02	0.384730	0.402031	-6.465880026651e-02	-6.465880027055e-02	6.245e-11	9.307e-10	0	0.178656216	0.182340641	8.684525e-02	5.748428e-01	0
(10,14,0)	0.812500	0.589049	1.128092e-02	0.384730	0.402031	-9.095728788034e-03	-9.095728777030e-03	1.210e-09	7.893e-09	0	0.178937394	0.182061005	8.724002e-02	5.765485e-01	0
(10,14,0)	0.812500	0.981748	1.128092e-02	0.384730	0.402031	+6.947047305890e-02	+6.947047306504e-02	8.843e-11	5.943e-10	0	0.179456678	0.181543909	8.796947e-02	5.796870e-01	0
(10,14,0)	0.812500	1.374447	1.128092e-02	0.384730	0.402031	+1.250167996498e-01	+1.250167996449e-01	3.956e-11	1.131e-10	0	0.180134588	0.180867550	8.892254e-02	5.837622e-01	0
(10,14,0)	0.812500	1.767146	1.128092e-02	0.384730	0.402031	+1.250167996498e-01	+1.250167996456e-01	3.384e-11	7.643e-11	0	0.180134588	0.180867550	8.892254e-02	5.837622e-01	0
(10,14,0)	0.812500	2.159845	1.128092e-02	0.384730	0.402031	+6.947047305890e-02	+6.947047306596e-02	1.016e-10	7.939e-10	0	0.179456678	0.181543909	8.796947e-02	5.796870e-01	0
(10,14,0)	0.812500	2.552544	1.128092e-02	0.384730	0.402031	-9.095728788034e-03	-9.095728790492e-03	2.703e-10	1.208e-08	0	0.178937394	0.182061005	8.724002e-02	5.765485e-01	0
(10,14,0)	0.812500	2.945243	1.128092e-02	0.384730	0.402031	-6.465880026651e-02	-6.465880026132e-02	8.019e-11	9.574e-10	0	0.178656216	0.182340641	8.684525e-02	5.748428e-01	0
(10,14,0)	0.937500	0.196350	1.128092e-02	0.384730	0.402031	-2.531467332005e-03	-2.531467329278e-03	1.077e-09	1.188e-08	0	0.124585143	0.126004878	3.979923e-02	3.370192e-01	0
(10,14,0)	0.937500	0.589049	1.128092e-02	0.384730	0.402031	+3.323155689351e-02	+3.323155689508e-02	4.722e-11	1.171e-09	0	0.124681033	0.125886033	4.003488e-02	3.387539e-01	0
(10,14,0)	0.937500	0.981748	1.128092e-02	0.384730	0.402031	+8.373402005502e-02	+8.373402005277e-02	2.688e-11	2.701e-10	0	0.124864111	0.125670592	4.047031e-02	3.419362e-01	0
(10,14,0)	0.937500	1.374447	1.128092e-02	0.384730	0.402031	+1.193925236447e-01	+1.193925236420e-01	2.235e-11	6.974e-11	0	0.125114181	0.125397708	4.103923e-02	3.460499e-01	0
(10,14,0)	0.937500	1.767146	1.128092e-02	0.384730	0.402031	+1.193925236447e-01	+1.193925236427e-01	1.612e-11	7.820e-11	0	0.125114181	0.125397708	4.103923e-02	3.460499e-01	0
(10,14,0)	0.937500	2.159845	1.128092e-02	0.384730	0.402031	+8.373402005502e-02	+8.373402005336e-02	1.985e-11	2.620e-10	0	0.124864111	0.125670592	4.047031e-02	3.419362e-01	0
(10,14,0)	0.937500	2.552544	1.128092e-02	0.384730	0.402031	+3.323155689351e-02	+3.323155689647e-02	8.931e-11	1.174e-09	0	0.124681033	0.125886033	4.003488e-02	3.387539e-01	0
(10,14,0)	0.937500	2.945243	1.128092e-02	0.384730	0.402031	-2.531467332005e-03	-2.531467328208e-03	1.500e-09	1.188e-08	0	0.124585143	0.126004878	3.979923e-02	3.370192e-01	0
(10,14,15)	-0.937500	0.196350	1.128092e-02	0.443045	0.462969	+1.570365229800e+00	+1.570365229776e+00	1.560e-11	1.624e-10	0	0.976248514	0.980738472	8.765407e-01	9.395672e-01	0
(10,14,15)	-0.937500	0.589049	1.128092e-02	0.443045	0.462969	+1.675531014408e+00	+1.675531014409e+00	6.646e-13	1.218e-10	0	0.976585022	0.980391357	8.768121e-01	9.401908e-01	0
(10,14,15)	-0.937500	0.981748	1.128092e-02	0.443045	0.462969	+1.824247681488e+00	+1.824247681493e+00	2.578e-12	5.015e-11	0	0.977209065	0.979752313	8.773135e-01	9.413421e-01	0
(10,14,15)	-0.937500	1.374447	1.128092e-02	0.443045	0.462969	+1.929399025026e+00	+1.929399025010e+00	8.158e-12	1.635e-11	0	0.978028859	0.978921913	8.779687e-01	9.428442e-01	0
(10,14,15)	-0.937500	1.767146	1.128092e-02	0.443045	0.462969	+1.929399025026e+00	+1.929399025014e+00	6.175e-12	1.953e-11	0	0.978028859	0.978921913	8.779687e-01	9.428442e-01	0
(10,14,15)	-0.937500	2.159845	1.128092e-02	0.443045	0.462969	+1.824247681488e+00	+1.824247681488e+00	2.848e-13	5.015e-11	0	0.977209065	0.979752313	8.773135e-01	9.413421e-01	0
(10,14,15)	-0.937500	2.552544	1.128092e-02	0.443045	0.462969	+1.675531014408e+00	+1.675531014416e+00	4.631e-12	8.795e-11	0	0.976585022	0.980391357	8.768121e-01	9.401908e-01	0
(10,14,15)	-0.937500	2.945243	1.128092e-02	0.443045	0.462969	+1.570365229800e+00	+1.570365229783e+00	1.102e-11	1.227e-10	0	0.976248514	0.980738472	8.765407e-01	9.395672e-01	0
(10,14,15)	-0.812500	0.196350	1.128092e-02	0.443045	0.462969	+9.098302608296e-01	+9.098302608450e-01	1.698e-11	1.630e-10	0	0.953338830	0.958598693	8.199565e-01	9.990851e-01	0
(10,14,15)	-0.812500	0.589049	1.128092e-02	0.443045	0.462969	+1.098211475741e+00	+1.098211475732e+00	8.469e-12	4.060e-11	0	0.953729118	0.958188020	8.204111e-01	1.000067e+00	0
(10,14,15)	-0.812500	0.981748	1.128092e-02	0.443045	0.462969	+1.364583704901e+00	+1.364583704889e+00	8.743e-12	6.550e-11	0	0.954454576	0.957433734	8.212511e-01	1.001880e+00	0
(10,14,15)	-0.812500	1.374447	1.128092e-02	0.443045	0.462969	+1.552909714255e+00	+1.552909714251e+00	2.549e-12	1.447e-11	0	0.955410916	0.956457012	8.223487e-01	1.004243e+00	0
(10,14,15)	-0.812500	1.767146	1.128092e-02	0.443045	0.462969	+1.552909714255e+00	+1.552909714253e+00	1.368e-12	1.443e-11	0	0.955410916	0.956457012	8.223487e-01	1.004243e+00	0
(10,14,15)	-0.812500	2.159845	1.128092e-02	0.443045	0.462969	+1.364583704901e+00	+1.364583704887e+00	1.013e-11	6.550e-11	0	0.954454576	0.957433734	8.212511e-01	1.001880e+00	0
(10,14,15)	-0.812500	2.552544	1.128092e-02	0.443045	0.462969	+1.098211475741e+00	+1.098211475739e+00	1.686e-12	1.020e-10	0	0.953729118	0.958188020	8.204111e-01	1.000067e+00	0
(10,14,15)	-0.812500	2.945243	1.128092e-02	0.443045	0.462969	+9.098302608296e-01	+9.098302608402e-01	1.163e-11	1.672e-10	0	0.953338830	0.958598693	8.199565e-01	9.990851e-01	0
(10,14,15)	-0.687500	0.196350	1.128092e-02	0.443045	0.462969	+6.137924987096e-01	+6.137924987391e-01	4.803e-11	4.024e-10	0	0.950948563	0.955546225	7.638423e-01	1.044526e+00	0
(10,14,15)	-0.687500	0.589049	1.128092e-02	0.443045	0.462969	+8.188875120123e-01	+8.188875120310e-01	2.280e-11	1.969e-10	0	0.951286912	0.955184362	7.644086e-01	1.045696e+00	0
(10,14,15)	-0.687500	0.981748	1.128092e-02	0.443045	0.462969	+1.108883077779e+00	+1.108883077805e+00	2.274e-11	8.539e-11	0	0.951917039	0.954520985	7.654550e-01	1.047855e+00	0
(10,14,15)	-0.687500	1.374447	1.128092e-02	0.443045	0.462969	+1.313903735693e+00	+1.313903735701e+00	5.711e-12	1.900e-11	0	0.952750097	0.953664420	7.668221e-01	1.050670e+00	0
(10,14,15)	-0.687500	1.767146	1.128092e-02	0.443045	0.462969	+1.313903735693e+00	+1.313903735696e+00	2.244e-12	2.430e-11	0	0.952750097	0.953664420	7.668221e-01	1.050670e+00	0
(10,14,15)	-0.687500	2.159845	1.128092e-02	0.443045	0.462969	+1.108883077779e+00	+1.108883077808e+00	2.598e-11	6.679e-11	0	0.951917039	0.954520985	7.654550e-01	1.047855e+00	0
(10,14,15)	-0.687500	2.552544	1.128092e-02	0.443045	0.462969	+8.188875120123e-01	+8.188875120310e-01	2.280e-11	1.969e-10	0	0.951286912	0.955184362	7.644086e-01	1.045696e+00	0
(10,14,15)	-0.687500	2.945243	1.128092e-02	0.443045	0.462969	+6.137924987096e-01	+6.137924987413e-01	5.165e-11	4.024e-10	0	0.950948563	0.955546225	7.638423e-01	1.044526e+00	0
(10,14,15)	-0.562500	0.196350	1.128092e-02	0.443045	0.462969	+4.611704097418e-01	+4.611704097466e-01	1.046e-11	1.432e-10	0	0.962462572	0.965963671	7.079463e-01	1.077167e+00	0
(10,14,15)	-0.562500	0.589049	1.128092e-02	0.443045	0.462969	+6.632402903647e-01	+6.632402903776e-01	1.947e-11	2.243e-10	0	0.962717227	0.965685026	7.085910e-01	1.078459e+00	0
(10,14,15)	-0.562500	0.981748	1.128092e-02	0.443045	0.462969	+9.489553573010e-01	+9.489553572830e-01	1.893e-11	1.578e-10	0	0.963192793	0.965175538	7.097824e-01	1.080842e+00	0
(10,14,15)	-0.562500	1.374447	1.128092e-02	0.443045	0.462969	+1.150947610275e+00	+1.150947610270e+00	4.850e-12	4.447e-11	0	0.963824084	0.964520264	7.113390e-01	1.083949e+00	0
(10,14,15)	-0.562500	1.767146	1.128092e-02	0.443045	0.462969	+1.150947610275e+00	+1.150947610277e+00	1.696e-12	3.342e-11	0	0.963824084	0.964520264	7.113390e-01	1.083949e+00	0
(10,14,15)	-0.562500	2.159845	1.128092e-02	0.443045	0.462969	+9.489553573010e-01	+9.489553572969e-01	4.322e-12	1.291e-10	0	0.963192793	0.965175538	7.097824e-01	1.080842e+00	0
(10,14,15)	-0.562500	2.552544	1.128092e-02	0.443045	0.462969	+6.632402903647e-01	+6.632402903699e-01	7.825e-12	2.163e-10	0	0.962717227	0.965685026	7.085910e-01	1.078459e+00	0
(10,14,15)	-0.562500	2.945243	1.128092e-02	0.443045	0.462969	+4.611704097418e-01	+4.611704097146e-01	5.898e-11	2.352e-10	0	0.962462572	0.965963671	7.079463e-01	1.077167e+00	0
(10,14,15)	-0.437500	0.196350	1.128092e-02	0.443045	0.462969	+3.661477489000e-01	+3.661477488668e-01	9.050e-11	5.141e-10	0	0.981369540	0.983542637	6.521947e-01	1.098005e+00	0
(10,14,15)	-0.437500	0.589049	1.128092e-02	0.443045	0.462969	+5.611584475609e-01	+5.611584475443e-01	2.955e-11	2.037e-10	0	0.981523517	0.983365478	6.528960e-01	1.099383e+00	0
(10,14,15)	-0.437500	0.981748	1.128092e-02	0.443045	0.462969	+8.368934735308e-01	+8.368934735405e-01	1.159e-11	1.196e-10	0	0.981812870	0.983043344	6.541917e-01	1.101926e+00	0
(10,14,15)	-0.437500	1.374447	1.128092e-02	0.443045	0.462969	+1.031830999625e+00	+1.031830999620e+00	4.543e-12	1.709e-11	0	0.982200512	0.982632526	6.558846e-01	1.105239e+00	0
(10,14,15)	-0.437500	1.767146	1.128092e-02	0.443045	0.462969	+1.031830999625e+00	+1.031830999621e+00	3.451e-12	2.545e-11	0	0.982200512	0.982632526	6.558846e-01	1.105239e+00	0
(10,14,15)	-0.437500	2.159845	1.128092e-02	0.443045	0.462969	+8.368934735308e-01	+8.368934735286e-01	2.627e-12	1.167e-10	0	0.981812870	0.983043344	6.541917e-01	1.101926e+00	0
(10,14,15)	-0.437500	2.552544	1.128092e-02	0.443045	0.462969	+5.611584475609e-01	+5.611584475702e-01	1.656e-11	2.073e-10	0	0.981523517	0.983365478	6.528960e-01	1.099383e+00	0
(10,14,15)	-0.437500	2.945243	1.128092e-02	0.443045	0.462969	+3.661477489000e-01	+3.661477488877e-01	3.341e-11	5.296e-10	0	0.981369540	0.983542637	6.521947e-01	1.098005e+00	0
(10,14,15)	-0.312500	0.196350	1.128092e-02	0.443045	0.462969	+2.912939149871e-01	+2.912939149556e-01	1.083e-10	7.919e-10	0	0.997625702	0.998289001	5.965544e-01	1.107641e+00	0
(10,14,15)	-0.312500	0.589049	1.128092e-02	0.443045	0.462969	+4.801594151736e-01	+4.801594151649e-01	1.813e-11	3.495e-10	0	0.997665598	0.998227614	5.972952e-01	1.109085e+00	0
(10,14,15)	-0.312500	0.981748	1.128092e-02	0.443045	0.462969	+7.472093206865e-01	+7.472093206901e-01	4.688e-12	1.138e-10	0	0.997743791	0.998119034	5.986640e-01	1.111747e+00	0
(10,14,15)	-0.312500	1.374447	1.128092e-02	0.443045	0.462969	+9.360094297445e-01	+9.360094297403e-01	4.503e-12	5.044e-11	0	0.997854822	0.997992063	6.004524e-01	1.115216e+00	0
(10,14,15)	-0.312500	1.767146	1.128092e-02	0.443045	0.462969	+9.360094297445e-01	+9.360094297358e-01	9.342e-12	3.421e-11	0	0.997854822	0.997992063	6.004524e-01	1.115216e+00	0
(10,14,15)	-0.312500	2.159845	1.128092e-02	0.443045	0.462969	+7.472093206865e-01	+7.472093206880e-01	1.889e-12	8.892e-11	0	0.997743791	0.998119034	5.986640e-01	1.111747e+00	0
(10,14,15)	-0.312500	2.552544	1.128092e-02	0.443045	0.462969	+4.801594151736e-01	+4.801594151649e-01	1.813e-11	3.495e-10	0	0.997665598	0.998227614	5.972952e-01	1.109085e+00	0
(10,14,15)	-0.312500	2.945243	1.128092e-02	0.443045	0.462969	+2.912939149871e-01	+2.912939149440e-01	1.482e-10	2.457e-10	0	0.997625702	0.998289001	5.965544e-01	1.107641e+00	0
(10,14,15)	-0.187500	0.196350	1.128092e-02	0.443045	0.462969	+2.192648944417e-01	+2.192648944205e-01	9.650e-11	3.112e-10	0	0.994132867	0.995106935	5.410081e-01	1.106335e+00	0
(10,14,15)	-0.187500	0.589049	1.128092e-02	0.443045	0.462969	+4.033341410630e-01	+4.033341410785e-01	3.836e-11	3.497e-10	0	0.994197414	0.995023478	5.417741e-01	1.107830e+00	0
(10,14,15)	-0.187500	0.981748	1.128092e-02	0.443045	0.462969	+6.636075664960e-01	+6.636075665069e-01	1.639e-11	7.083e-11	0	0.994320961	0.994873192	5.431895e-01	1.110586e+00	0
(10,14,15)	-0.187500	1.374447	1.128092e-02	0.443045	0.462969	+8.476205382483e-01	+8.476205382499e-01	1.904e-12	4.881e-11	0	0.994490632	0.994684630	5.450388e-01	1.114177e+00	0
(10,14,15)	-0.187500	1.767146	1.128092e-02	0.443045	0.462969	+8.476205382483e-01	+8.476205382569e-01	1.012e-11	6.715e-11	0	0.994490632	0.994684630	5.450388e-01	1.114177e+00	0
(10,14,15)	-0.187500	2.159845	1.128092e-02	0.443045	0.462969	+6.636075664960e-01	+6.636075665061e-01	1.516e-11	1.185e-10	0	0.994320961	0.994873192	5.431895e-01	1.110586e+00	0
(10,14,15)	-0.187500	2.552544	1.128092e-02	0.443045	0.462969	+4.033341410630e-01	+4.033341410588e-01	1.055e-11	3.497e-10	0	0.994197414	0.995023478	5.417741e-01	1.107830e+00	0
(10,14,15)	-0.187500	2.945243	1.128092e-02	0.443045	0.462969	+2.192648944417e-01	+2.192648944200e-01	9.888e-11	4.194e-10	0	0.994132867	0.995106935	5.410081e-01	1.106335e+00	0
(10,14,15)	-0.062500	0.196350	1.128092e-02	0.443045	0.462969	+1.436171412865e-01	+1.436171413022e-01	1.091e-10	9.044e-10	0	0.951837956	0.954430386	4.855467e-01	1.094030e+00	0
(10,14,15)	-0.062500	0.589049	1.128092e-02	0.443045	0.462969	+3.225187663803e-01	+3.225187663645e-01	4.907e-11	3.015e-10	0	0.952027461	0.954225479	4.863250e-01	1.095565e+00	0
(10,14,15)	-0.062500	0.981748	1.128092e-02	0.443045	0.462969	+5.754908229787e-01	+5.754908229787e-01	1.036e-13	1.330e-10	0	0.952381123	0.953850040	4.877631e-01	1.098397e+00	0
(10,14,15)	-0.062500	1.374447	1.128092e-02	0.443045	0.462969	+7.543457202878e-01	+7.543457202820e-01	7.663e-12	2.928e-11	0	0.952849946	0.953365823	4.896421e-01	1.102086e+00	0
(10,14,15)	-0.062500	1.767146	1.128092e-02	0.443045	0.462969	+7.543457202878e-01	+7.543457202845e-01	4.453e-12	2.813e-11	0	0.952849946	0.953365823	4.896421e-01	1.102086e+00	0
(10,14,15)	-0.062500	2.159845	1.128092e-02	0.443045	0.462969	+5.754908229787e-01	+5.754908229641e-01	2.544e-11	8.768e-11	0	0.952381123	0.953850040	4.877631e-01	1.098397e+00	0
(10,14,15)	-0.062500	2.552544	1.128092e-02	0.443045	0.462969	+3.225187663803e-01	+3.225187663923e-01	3.698e-11	5.201e-10	0	0.952027461	0.954225479	4.863250e-01	1.095565e+00	0
(10,14,15)	-0.062500	2.945243	1.128092e-02	0.443045	0.462969	+1.436171412865e-01	+1.436171412689e-01	1.224e-10	9.044e-10	0	0.951837956	0.954430386	4.855467e-01	1.094030e+00	0
(10,14,15)	0.062500	0.196350	1.128092e-02	0.443045	0.462969	+6.621467917543e-02	+6.621467917579e-02	5.477e-12	8.626e-10	0	0.861939197	0.865892166	4.301661e-01	1.070338e+00	0
(10,14,15)	0.062500	0.589049	1.128092e-02	0.443045	0.462969	+2.374791287650e-01	+2.374791288065e-01	1.749e-10	3.129e-10	0	0.862234377	0.865585764	4.309444e-01	1.071907e+00	0
(10,14,15)	0.062500	0.981748	1.128092e-02	0.443045	0.462969	+4.796571527966e-01	+4.796571527949e-01	3.601e-12	1.214e-10	0	0.862782369	0.865021904	4.323825e-01	1.074801e+00	0
(10,14,15)	0.062500	1.374447	1.128092e-02	0.443045	0.462969	+6.508841570375e-01	+6.508841570319e-01	8.626e-12	4.881e-11	0	0.863503293	0.864289765	4.342615e-01	1.078571e+00	0
(10,14,15)	0.062500	1.767146	1.128092e-02	0.443045	0.462969	+6.508841570375e-01	+6.508841570286e-01	1.355e-11	5.679e-11	0	0.863503293	0.864289765	4.342615e-01	1.078571e+00	0
(10,14,15)	0.062500	2.159845	1.128092e-02	0.443045	0.462969	+4.796571527966e-01	+4.796571527918e-01	1.009e-11	1.214e-10	0	0.862782369	0.865021904	4.323825e-01	1.074801e+00	0
(10,14,15)	0.062500	2.552544	1.128092e-02	0.443045	0.462969	+2.374791287650e-01	+2.374791288132e-01	2.028e-10	2.683e-10	0	0.862234377	0.865585764	4.309444e-01	1.071907e+00	0
(10,14,15)	0.062500	2.945243	1.128092e-02	0.443045	0.462969	+6.621467917543e-02	+6.621467917682e-02	2.105e-11	3.750e-10	0	0.861939197	0.865892166	4.301661e-01	1.070338e+00	0
(10,14,15)	0.187500	0.196350	1.128092e-02	0.443045	0.462969	-5.528017313667e-03	-5.528017332226e-03	3.357e-09	1.316e-08	0	0.736687635	0.741551616	3.748663e-01	1.034476e+00	0
(10,14,15)	0.187500	0.589049	1.128092e-02	0.443045	0.462969	+1.547832927271e-01	+1.547832927308e-01	2.407e-11	4.165e-10	0	0.737054304	0.741177963	3.756323e-01	1.036074e+00	0
(10,14,15)	0.187500	0.981748	1.128092e-02	0.443045	0.462969	+3.814770285062e-01	+3.814770285105e-01	1.126e-11	1.216e-10	0	0.737733443	0.740488950	3.770477e-01	1.039021e+00	0
(10,14,15)	0.187500	1.374447	1.128092e-02	0.443045	0.462969	+5.417590805085e-01	+5.417590805021e-01	1.176e-11	4.438e-11	0	0.738623884	0.739591530	3.788970e-01	1.042858e+00	0
(10,14,15)	0.187500	1.767146	1.128092e-02	0.443045	0.462969	+5.417590805085e-01	+5.417590805040e-01	8.311e-12	4.094e-11	0	0.738623884	0.739591530	3.788970e-01	1.042858e+00	0
(10,14,15)	0.187500	2.159845	1.128092e-02	0.443045	0.462969	+3.814770285062e-01	+3.814770285190e-01	3.354e-11	9.949e-11	0	0.737733443	0.740488950	3.770477e-01	1.039021e+00	0
(10,14,15)	0.187500	2.552544	1.128092e-02	0.443045	0.462969	+1.547832927271e-01	+1.547832927110e-01	1.041e-10	8.669e-10	0	0.737054304	0.741177963	3.756323e-01	1.036074e+00	0
(10,14,15)	0.187500	2.945243	1.128092e-02	0.443045	0.462969	-5.528017313667e-03	-5.528017341134e-03	4.969e-09	1.316e-08	0	0.736687635	0.741551616	3.748663e-01	1.034476e+00	0
(10,14,15)	0.312500	0.196350	1.128092e-02	0.443045	0.462969	-6.364075123083e-02	-6.364075125048e-02	3.088e-10	2.565e-09	0	0.601436808	0.606744744	3.196514e-01	9.851263e-01	0
(10,14,15)	0.312500	0.589049	1.128092e-02	0.443045	0.462969	+8.299591396146e-02	+8.299591396866e-02	8.676e-11	8.654e-10	0	0.601839150	0.606339131	3.203922e-01	9.867492e-01	0
(10,14,15)	0.312500	0.981748	1.128092e-02	0.443045	0.462969	+2.903552873489e-01	+2.903552873429e-01	2.061e-11	1.896e-10	0	0.602583372	0.605590286	3.217610e-01	9.897409e-01	0
(10,14,15)	0.312500	1.374447	1.128092e-02	0.443045	0.462969	+4.369690655374e-01	+4.369690655392e-01	4.159e-12	2.941e-11	0	0.603557237	0.604613155	3.235494e-01	9.936361e-01	0
(10,14,15)	0.312500	1.767146	1.128092e-02	0.443045	0.462969	+4.369690655374e-01	+4.369690655361e-01	2.890e-12	3.430e-11	0	0.603557237	0.604613155	3.235494e-01	9.936361e-01	0
(10,14,15)	0.312500	2.159845	1.128092e-02	0.443045	0.462969	+2.903552873489e-01	+2.903552873549e-01	2.073e-11	3.334e-10	0	0.602583372	0.605590286	3.217610e-01	9.897409e-01	0
(10,14,15)	0.312500	2.552544	1.128092e-02	0.443045	0.462969	+8.299591396146e-02	+8.299591396866e-02	8.676e-11	8.654e-10	0	0.601839150	0.606339131	3.203922e-01	9.867492e-01	0
(10,14,15)	0.312500	2.945243	1.128092e-02	0.443045	0.462969	-6.364075123083e-02	-6.364075124954e-02	2.941e-10	2.565e-09	0	0.601436808	0.606744744	3.196514e-01	9.851263e-01	0
(10,14,15)	0.437500	0.196350	1.128092e-02	0.443045	0.462969	-1.031126001757e-01	-1.031126001622e-01	1.305e-10	1.143e-09	0	0.476037371	0.481430669	2.645305e-01	9.201419e-01	0
(10,14,15)	0.437500	0.589049	1.128092e-02	0.443045	0.462969	+2.800354573643e-02	+2.800354572054e-02	5.676e-10	2.083e-09	0	0.476447697	0.481020006	2.652318e-01	9.217865e-01	0
(10,14,15)	0.437500	0.981748	1.128092e-02	0.443045	0.462969	+2.134165978208e-01	+2.134165978283e-01	3.547e-11	3.220e-10	0	0.477206012	0.480261217	2.665275e-01	9.248178e-01	0
(10,14,15)	0.437500	1.374447	1.128092e-02	0.443045	0.462969	+3.445141092794e-01	+3.445141092726e-01	1.972e-11	8.279e-11	0	0.478197015	0.479269881	2.682204e-01	9.287633e-01	0
(10,14,15)	0.437500	1.767146	1.128092e-02	0.443045	0.462969	+3.445141092794e-01	+3.445141092785e-01	2.552e-12	3.300e-11	0	0.478197015	0.479269881	2.682204e-01	9.287633e-01	0
(10,14,15)	0.437500	2.159845	1.128092e-02	0.443045	0.462969	+2.134165978208e-01	+2.134165978200e-01	3.843e-12	2.798e-10	0	0.477206012	0.480261217	2.665275e-01	9.248178e-01	0
(10,14,15)	0.437500	2.552544	1.128092e-02	0.443045	0.462969	+2.800354573643e-02	+2.800354572774e-02	3.105e-10	2.721e-09	0	0.476447697	0.481020006	2.652318e-01	9.217865e-01	0
(10,14,15)	0.437500	2.945243	1.128092e-02	0.443045	0.462969	-1.031126001757e-01	-1.031126001768e-01	1.072e-11	1.224e-09	0	0.476037371	0.481430669	2.645305e-01	9.201419e-01	0
(10,14,15)	0.562500	0.196350	1.128092e-02	0.443045	0.462969	-1.216092159540e-01	-1.216092159501e-01	3.169e-11	7.018e-10	0	0.368384526	0.373619785	2.095209e-01	8.359290e-01	0
(10,14,15)	0.562500	0.589049	1.128092e-02	0.443045	0.462969	-7.609585159334e-03	-7.609585152751e-03	8.650e-10	7.906e-09	0	0.368783905	0.373222205	2.101657e-01	8.375933e-01	0
(10,14,15)	0.562500	0.981748	1.128092e-02	0.443045	0.462969	+1.535985900192e-01	+1.535985900210e-01	1.170e-11	4.444e-10	0	0.369521510	0.372487146	2.113570e-01	8.406600e-01	0
(10,14,15)	0.562500	1.374447	1.128092e-02	0.443045	0.462969	+2.675817512002e-01	+2.675817511972e-01	1.113e-11	8.294e-11	0	0.370484525	0.371525933	2.129136e-01	8.446500e-01	0
(10,14,15)	0.562500	1.767146	1.128092e-02	0.443045	0.462969	+2.675817512002e-01	+2.675817511978e-01	8.797e-12	5.111e-11	0	0.370484525	0.371525933	2.129136e-01	8.446500e-01	0
(10,14,15)	0.562500	2.159845	1.128092e-02	0.443045	0.462969	+1.535985900192e-01	+1.535985900302e-01	7.204e-11	1.302e-10	0	0.369521510	0.372487146	2.113570e-01	8.406600e-01	0
(10,14,15)	0.562500	2.552544	1.128092e-02	0.443045	0.462969	-7.609585159329e-03	-7.609585163631e-03	5.653e-10	1.217e-08	0	0.368783905	0.373222205	2.101657e-01	8.375933e-01	0
(10,14,15)	0.562500	2.945243	1.128092e-02	0.443045	0.462969	-1.216092159540e-01	-1.216092159367e-01	1.425e-10	4.624e-10	0	0.368384526	0.373619785	2.095209e-01	8.359290e-01	0
(10,14,15)	0.687500	0.196350	1.128092e-02	0.443045	0.462969	-1.170365231123e-01	-1.170365231180e-01	4.925e-11	7.469e-10	0	0.278382577	0.283263893	1.546557e-01	7.259237e-01	0
(10,14,15)	0.687500	0.589049	1.128092e-02	0.443045	0.462969	-2.235519217012e-02	-2.235519219286e-02	1.017e-09	3.745e-09	0	0.278755628	0.282893860	1.552220e-01	7.276068e-01	0
(10,14,15)	0.687500	0.981748	1.128092e-02	0.443045	0.462969	+1.115327576372e-01	+1.115327576482e-01	9.847e-11	5.202e-10	0	0.279444316	0.282209443	1.562684e-01	7.307065e-01	0
(10,14,15)	0.687500	1.374447	1.128092e-02	0.443045	0.462969	+2.061975864378e-01	+2.061975864375e-01	1.528e-12	1.032e-10	0	0.280342893	0.281313889	1.576356e-01	7.347368e-01	0
(10,14,15)	0.687500	1.767146	1.128092e-02	0.443045	0.462969	+2.061975864378e-01	+2.061975864363e-01	7.413e-12	1.032e-10	0	0.280342893	0.281313889	1.576356e-01	7.347368e-01	0
(10,14,15)	0.687500	2.159845	1.128092e-02	0.443045	0.462969	+1.115327576372e-01	+1.115327576419e-01	4.229e-11	4.382e-10	0	0.279444316	0.282209443	1.562684e-01	7.307065e-01	0
(10,14,15)	0.687500	2.552544	1.128092e-02	0.443045	0.462969	-2.235519217012e-02	-2.235519219286e-02	1.017e-09	3.745e-09	0	0.278755628	0.282893860	1.552220e-01	7.276068e-01	0
(10,14,15)	0.687500	2.945243	1.128092e-02	0.443045	0.462969	-1.170365231123e-01	-1.170365231286e-01	1.397e-10	7.209e-10	0	0.278382577	0.283263893	1.546557e-01	7.259237e-01	0
(10,14,15)	0.812500	0.196350	1.128092e-02	0.443045	0.462969	-8.348589347031e-02	-8.348589348038e-02	1.206e-10	5.154e-10	0	0.202868953	0.207077599	1.000087e-01	5.757989e-01	0
(10,14,15)	0.812500	0.589049	1.128092e-02	0.443045	0.462969	-1.192158566133e-02	-1.192158566554e-02	3.527e-10	7.108e-09	0	0.203190230	0.206758263	1.004633e-01	5.775017e-01	0
(10,14,15)	0.812500	0.981748	1.128092e-02	0.443045	0.462969	+8.927052996152e-02	+8.927052995404e-02	8.379e-11	4.789e-10	0	0.203783527	0.206167718	1.013034e-01	5.806351e-01	0
(10,14,15)	0.812500	1.374447	1.128092e-02	0.443045	0.462969	+1.608134967802e-01	+1.608134967781e-01	1.304e-11	5.383e-11	0	0.204557976	0.205395219	1.024009e-01	5.847036e-01	0
(10,14,15)	0.812500	1.767146	1.128092e-02	0.443045	0.462969	+1.608134967802e-01	+1.608134967764e-01	2.351e-11	9.705e-11	0	0.204557976	0.205395219	1.024009e-01	5.847036e-01	0
(10,14,15)	0.812500	2.159845	1.128092e-02	0.443045	0.462969	+8.927052996152e-02	+8.927052996383e-02	2.592e-11	3.612e-10	0	0.203783527	0.206167718	1.013034e-01	5.806351e-01	0
(10,14,15)	0.812500	2.552544	1.128092e-02	0.443045	0.462969	-1.192158566133e-02	-1.192158567025e-02	7.481e-10	2.425e-09	0	0.203190230	0.206758263	1.004633e-01	5.775017e-01	0
(10,14,15)	0.812500	2.945243	1.128092e-02	0.443045	0.462969	-8.348589347031e-02	-8.348589349481e-02	2.934e-10	8.206e-10	0	0.202868953	0.207077599	1.000087e-01	5.757989e-01	0
(10,14,15)	0.937500	0.196350	1.128092e-02	0.443045	0.462969	-3.256768035377e-03	-3.256768036833e-03	4.471e-10	5.253e-09	0	0.142949533	0.144580061	4.583176e-02	3.370488e-01	0
(10,14,15)	0.937500	0.589049	1.128092e-02	0.443045	0.462969	+4.348417581939e-02	+4.348417581172e-02	1.764e-10	1.311e-09	0	0.143059686	0.144443594	4.610313e-02	3.387834e-01	0
(10,14,15)	0.937500	0.981748	1.128092e-02	0.443045	0.462969	+1.094890612677e-01	+1.094890612637e-01	3.649e-11	1.010e-10	0	0.143269982	0.144196199	4.660456e-02	3.419654e-01	0
(10,14,15)	0.937500	1.374447	1.128092e-02	0.443045	0.462969	+1.560934599346e-01	+1.560934599356e-01	5.936e-12	7.734e-11	0	0.143557204	0.143882824	4.725971e-02	3.460788e-01	0
(10,14,15)	0.937500	1.767146	1.128092e-02	0.443045	0.462969	+1.560934599346e-01	+1.560934599349e-01	1.655e-12	5.532e-11	0	0.143557204	0.143882824	4.725971e-02	3.460788e-01	0
(10,14,15)	0.937500	2.159845	1.128092e-02	0.443045	0.462969	+1.094890612677e-01	+1.094890612669e-01	7.122e-12	3.045e-10	0	0.143269982	0.144196199	4.660456e-02	3.419654e-01	0
(10,14,15)	0.937500	2.552544	1.128092e-02	0.443045	0.462969	+4.348417581938e-02	+4.348417581104e-02	1.918e-10	1.140e-09	0	0.143059686	0.144443594	4.610313e-02	3.387834e-01	0
(10,14,15)	0.937500	2.945243	1.128092e-02	0.443045	0.462969	-3.256768035377e-03	-3.256768025680e-03	2.977e-09	5.253e-09	0	0.142949533	0.144580061	4.583176e-02	3.370488e-01	0
(10,15,0)	-0.937500	0.196350	3.745705e-03	0.384754	0.402031	+1.532241209156e+00	+1.532241209152e+00	2.809e-12	9.755e-11	0	0.959827533	0.962036256	7.622237e-01	8.358670e-01	0
(10,15,0)	-0.937500	0.589049	3.745705e-03	0.384754	0.402031	+1.697044536906e+00	+1.697044536897e+00	5.525e-12	9.879e-11	0	0.959994649	0.961867109	7.623020e-01	8.360998e-01	0
(10,15,0)	-0.937500	0.981748	3.745705e-03	0.384754	0.402031	+1.930108781332e+00	+1.930108781324e+00	4.092e-12	4.204e-11	0	0.960303876	0.961555009	7.624465e-01	8.365298e-01	0
(10,15,0)	-0.937500	1.374447	3.745705e-03	0.384754	0.402031	+2.094908068984e+00	+2.094908068976e+00	3.597e-12	8.259e-12	0	0.960708758	0.961148096	7.626354e-01	8.370913e-01	0
(10,15,0)	-0.937500	1.767146	3.745705e-03	0.384754	0.402031	+2.094908068984e+00	+2.094908068974e+00	4.499e-12	1.318e-11	0	0.960708758	0.961148096	7.626354e-01	8.370913e-01	0
(10,15,0)	-0.937500	2.159845	3.745705e-03	0.384754	0.402031	+1.930108781332e+00	+1.930108781320e+00	6.524e-12	4.204e-11	0	0.960303876	0.961555009	7.624465e-01	8.365298e-01	0
(10,15,0)	-0.937500	2.552544	3.745705e-03	0.384754	0.402031	+1.697044536906e+00	+1.697044536889e+00	9.858e-12	1.315e-10	0	0.959994649	0.961867109	7.623020e-01	8.360998e-01	0
(10,15,0)	-0.937500	2.945243	3.745705e-03	0.384754	0.402031	+1.532241209156e+00	+1.532241209147e+00	5.713e-12	9.755e-11	0	0.959827533	0.962036256	7.622237e-01	8.358670e-01	0
(10,15,0)	-0.812500	0.196350	3.745705e-03	0.384754	0.402031	+6.942967118220e-01	+6.942967117917e-01	4.355e-11	1.796e-10	0	0.917621681	0.920060002	7.137825e-01	9.174258e-01	0
(10,15,0)	-0.812500	0.589049	3.745705e-03	0.384754	0.402031	+9.479107973224e-01	+9.479107973206e-01	1.892e-12	2.597e-10	0	0.917805597	0.919872693	7.139136e-01	9.177811e-01	0
(10,15,0)	-0.812500	0.981748	3.745705e-03	0.384754	0.402031	+1.306566809949e+00	+1.306566809931e+00	1.358e-11	8.745e-11	0	0.918146157	0.919527335	7.141558e-01	9.184373e-01	0
(10,15,0)	-0.812500	1.374447	3.745705e-03	0.384754	0.402031	+1.560168921905e+00	+1.560168921896e+00	5.892e-12	2.818e-11	0	0.918592548	0.919077550	7.144722e-01	9.192939e-01	0
(10,15,0)	-0.812500	1.767146	3.745705e-03	0.384754	0.402031	+1.560168921905e+00	+1.560168921884e+00	1.337e-11	1.751e-11	0	0.918592548	0.919077550	7.144722e-01	9.192939e-01	0
(10,15,0)	-0.812500	2.159845	3.745705e-03	0.384754	0.402031	+1.306566809949e+00	+1.306566809950e+00	1.188e-12	6.848e-11	0	0.918146157	0.919527335	7.141558e-01	9.184373e-01	0
(10,15,0)	-0.812500	2.552544	3.745705e-03	0.384754	0.402031	+9.479107973224e-01	+9.479107973311e-01	9.202e-12	1.426e-10	0	0.917805597	0.919872693	7.139136e-01	9.177811e-01	0
(10,15,0)	-0.812500	2.945243	3.745705e-03	0.384754	0.402031	+6.942967118219e-01	+6.942967118031e-01	2.715e-11	2.145e-10	0	0.917621681	0.920060002	7.137825e-01	9.174258e-01	0
(10,15,0)	-0.687500	0.196350	3.745705e-03	0.384754	0.402031	+4.134786337424e-01	+4.134786337413e-01	2.576e-12	2.206e-10	0	0.907636948	0.909739645	6.654768e-01	9.793577e-01	0
(10,15,0)	-0.687500	0.589049	3.745705e-03	0.384754	0.402031	+6.616484050701e-01	+6.616484050928e-01	3.433e-11	2.594e-10	0	0.907795218	0.909577784	6.656400e-01	9.797723e-01	0
(10,15,0)	-0.687500	0.981748	3.745705e-03	0.384754	0.402031	+1.012603808008e+00	+1.012603808003e+00	4.655e-12	1.085e-10	0	0.908088432	0.909279490	6.659418e-01	9.805380e-01	0
(10,15,0)	-0.687500	1.374447	3.745705e-03	0.384754	0.402031	+1.260759927543e+00	+1.260759927544e+00	1.283e-12	1.323e-11	0	0.908473045	0.908891285	6.663360e-01	9.815375e-01	0
(10,15,0)	-0.687500	1.767146	3.745705e-03	0.384754	0.402031	+1.260759927543e+00	+1.260759927547e+00	2.973e-12	2.087e-11	0	0.908473045	0.908891285	6.663360e-01	9.815375e-01	0
(10,15,0)	-0.687500	2.159845	3.745705e-03	0.384754	0.402031	+1.012603808008e+00	+1.012603808002e+00	5.370e-12	1.085e-10	0	0.908088432	0.909279490	6.659418e-01	9.805380e-01	0
(10,15,0)	-0.687500	2.552544	3.745705e-03	0.384754	0.402031	+6.616484050701e-01	+6.616484050928e-01	3.433e-11	2.594e-10	0	0.907795218	0.909577784	6.656400e-01	9.797723e-01	0
(10,15,0)	-0.687500	2.945243	3.745705e-03	0.384754	0.402031	+4.134786337423e-01	+4.134786337378e-01	1.106e-11	2.192e-10	0	0.907636948	0.909739645	6.654768e-01	9.793577e-01	0
(10,15,0)	-0.562500	0.196350	3.745705e-03	0.384754	0.402031	+3.047427146574e-01	+3.047427146015e-01	1.834e-10	6.670e-10	0	0.919947241	0.921604080	6.172340e-01	1.025050e+00	0
(10,15,0)	-0.562500	0.589049	3.745705e-03	0.384754	0.402031	+5.304534029480e-01	+5.304534029725e-01	4.609e-11	2.994e-10	0	0.920071628	0.921476213	6.174199e-01	1.025501e+00	0
(10,15,0)	-0.562500	0.981748	3.745705e-03	0.384754	0.402031	+8.496475370251e-01	+8.496475370052e-01	2.347e-11	6.271e-11	0	0.920302211	0.921240710	6.177634e-01	1.026334e+00	0
(10,15,0)	-0.562500	1.374447	3.745705e-03	0.384754	0.402031	+1.075345522420e+00	+1.075345522421e+00	2.011e-13	2.102e-11	0	0.920604944	0.920934497	6.182122e-01	1.027421e+00	0
(10,15,0)	-0.562500	1.767146	3.745705e-03	0.384754	0.402031	+1.075345522420e+00	+1.075345522416e+00	4.238e-12	2.624e-11	0	0.920604944	0.920934497	6.182122e-01	1.027421e+00	0
(10,15,0)	-0.562500	2.159845	3.745705e-03	0.384754	0.402031	+8.496475370251e-01	+8.496475370212e-01	4.578e-12	1.744e-10	0	0.920302211	0.921240710	6.177634e-01	1.026334e+00	0
(10,15,0)	-0.562500	2.552544	3.745705e-03	0.384754	0.402031	+5.304534029480e-01	+5.304534029612e-01	2.489e-11	2.707e-10	0	0.920071628	0.921476213	6.174199e-01	1.025501e+00	0
(10,15,0)	-0.562500	2.945243	3.745705e-03	0.384754	0.402031	+3.047427146574e-01	+3.047427146310e-01	8.644e-11	3.082e-10	0	0.919947241	0.921604080	6.172340e-01	1.025050e+00	0
(10,15,0)	-0.437500	0.196350	3.745705e-03	0.384754	0.402031	+2.518144488726e-01	+2.518144488518e-01	8.247e-11	5.365e-10	0	0.947797875	0.948961248	5.690328e-01	1.056561e+00	0
(10,15,0)	-0.437500	0.589049	3.745705e-03	0.384754	0.402031	+4.567553609599e-01	+4.567553609281e-01	6.970e-11	2.738e-10	0	0.947884803	0.948871048	5.692350e-01	1.057037e+00	0
(10,15,0)	-0.437500	0.981748	3.745705e-03	0.384754	0.402031	+7.465777748227e-01	+7.465777748052e-01	2.340e-11	1.405e-10	0	0.948046126	0.948705099	5.696086e-01	1.057915e+00	0
(10,15,0)	-0.437500	1.374447	3.745705e-03	0.384754	0.402031	+9.515076513243e-01	+9.515076513244e-01	1.206e-13	3.086e-11	0	0.948258278	0.948489675	5.700967e-01	1.059062e+00	0
(10,15,0)	-0.437500	1.767146	3.745705e-03	0.384754	0.402031	+9.515076513243e-01	+9.515076513284e-01	4.363e-12	3.469e-11	0	0.948258278	0.948489675	5.700967e-01	1.059062e+00	0
(10,15,0)	-0.437500	2.159845	3.745705e-03	0.384754	0.402031	+7.465777748226e-01	+7.465777748289e-01	8.352e-12	9.645e-11	0	0.948046126	0.948705099	5.696086e-01	1.057915e+00	0
(10,15,0)	-0.437500	2.552544	3.745705e-03	0.384754	0.402031	+4.567553609599e-01	+4.567553609695e-01	2.091e-11	1.065e-10	0	0.947884803	0.948871048	5.692350e-01	1.057037e+00	0
(10,15,0)	-0.437500	2.945243	3.745705e-03	0.384754	0.402031	+2.518144488726e-01	+2.518144488414e-01	1.240e-10	5.365e-10	0	0.947797875	0.948961248	5.690328e-01	1.056561e+00	0
(10,15,0)	-0.312500	0.196350	3.745705e-03	0.384754	0.402031	+2.127708864151e-01	+2.127708864229e-01	3.633e-11	3.058e-10	0	0.981171237	0.981788992	5.208637e-01	1.075116e+00	0
(10,15,0)	-0.312500	0.589049	3.745705e-03	0.384754	0.402031	+4.024660531133e-01	+4.024660531044e-01	2.207e-11	3.647e-10	0	0.981216764	0.981740456	5.210773e-01	1.075610e+00	0
(10,15,0)	-0.312500	0.981748	3.745705e-03	0.384754	0.402031	+6.707289543276e-01	+6.707289543220e-01	8.287e-12	9.258e-11	0	0.981301530	0.981651436	5.214720e-01	1.076522e+00	0
(10,15,0)	-0.312500	1.374447	3.745705e-03	0.384754	0.402031	+8.604148210068e-01	+8.604148210077e-01	1.075e-12	4.708e-11	0	0.981413545	0.981536413	5.219877e-01	1.077713e+00	0
(10,15,0)	-0.312500	1.767146	3.745705e-03	0.384754	0.402031	+8.604148210068e-01	+8.604148210067e-01	2.017e-13	4.708e-11	0	0.981413545	0.981536413	5.219877e-01	1.077713e+00	0
(10,15,0)	-0.312500	2.159845	3.745705e-03	0.384754	0.402031	+6.707289543276e-01	+6.707289543388e-01	1.667e-11	1.776e-10	0	0.981301530	0.981651436	5.214720e-01	1.076522e+00	0
(10,15,0)	-0.312500	2.552544	3.745705e-03	0.384754	0.402031	+4.024660531133e-01	+4.024660531044e-01	2.207e-11	3.647e-10	0	0.981216764	0.981740456	5.210773e-01	1.075610e+00	0
(10,15,0)	-0.312500	2.945243	3.745705e-03	0.384754	0.402031	+2.127708864151e-01	+2.127708864120e-01	1.459e-11	2.434e-10	0	0.981171237	0.981788992	5.208637e-01	1.075116e+00	0
(10,15,0)	-0.187500	0.196350	3.745705e-03	0.384754	0.402031	+1.701967552689e-01	+1.701967553243e-01	3.252e-10	7.827e-09	0	0.999977762	0.999992697	4.727218e-01	1.081371e+00	0
(10,15,0)	-0.187500	0.589049	3.745705e-03	0.384754	0.402031	+3.490571017758e-01	+3.490571018158e-01	1.146e-10	2.162e-09	0	0.999977576	0.999990223	4.729426e-01	1.081879e+00	0
(10,15,0)	-0.187500	0.981748	3.745705e-03	0.384754	0.402031	+6.019984170176e-01	+6.019984168292e-01	3.130e-10	2.657e-09	0	0.999977801	0.999987472	4.733507e-01	1.082817e+00	0
(10,15,0)	-0.187500	1.374447	3.745705e-03	0.384754	0.402031	+7.808511091819e-01	+7.808511094538e-01	3.482e-10	1.156e-09	0	0.999979210	0.999986561	4.738840e-01	1.084041e+00	0
(10,15,0)	-0.187500	1.767146	3.745705e-03	0.384754	0.402031	+7.808511091819e-01	+7.808511094567e-01	3.519e-10	1.140e-09	0	0.999979210	0.999986561	4.738840e-01	1.084041e+00	0
(10,15,0)	-0.187500	2.159845	3.745705e-03	0.384754	0.402031	+6.019984170176e-01	+6.019984169713e-01	7.692e-11	2.701e-09	0	0.999977801	0.999987472	4.733507e-01	1.082817e+00	0
(10,15,0)	-0.187500	2.552544	3.745705e-03	0.384754	0.402031	+3.490571017758e-01	+3.490571018326e-01	1.626e-10	2.256e-09	0	0.999977576	0.999990223	4.729426e-01	1.081879e+00	0
(10,15,0)	-0.187500	2.945243	3.745705e-03	0.384754	0.402031	+1.701967552689e-01	+1.701967553080e-01	2.297e-10	7.827e-09	0	0.999977762	0.999992697	4.727218e-01	1.081371e+00	0
(10,15,0)	-0.062500	0.196350	3.745705e-03	0.384754	0.402031	+1.175212918930e-01	+1.175212918929e-01	5.823e-13	5.791e-10	0	0.972173974	0.972776770	4.246043e-01	1.075536e+00	0
(10,15,0)	-0.062500	0.589049	3.745705e-03	0.384754	0.402031	+2.865763441814e-01	+2.865763441794e-01	6.696e-12	2.587e-10	0	0.972218763	0.972729801	4.248287e-01	1.076054e+00	0
(10,15,0)	-0.062500	0.981748	3.745705e-03	0.384754	0.402031	+5.256519799407e-01	+5.256519799423e-01	3.045e-12	1.683e-10	0	0.972302003	0.972643479	4.252434e-01	1.077012e+00	0
(10,15,0)	-0.062500	1.374447	3.745705e-03	0.384754	0.402031	+6.947009343199e-01	+6.947009343228e-01	4.126e-12	1.322e-11	0	0.972411694	0.972531608	4.257851e-01	1.078263e+00	0
(10,15,0)	-0.062500	1.767146	3.745705e-03	0.384754	0.402031	+6.947009343199e-01	+6.947009343249e-01	7.166e-12	4.688e-11	0	0.972411694	0.972531608	4.257851e-01	1.078263e+00	0
(10,15,0)	-0.062500	2.159845	3.745705e-03	0.384754	0.402031	+5.256519799407e-01	+5.256519799383e-01	4.673e-12	5.363e-11	0	0.972302003	0.972643479	4.252434e-01	1.077012e+00	0
(10,15,0)	-0.062500	2.552544	3.745705e-03	0.384754	0.402031	+2.865763441814e-01	+2.865763441776e-01	1.332e-11	2.488e-10	0	0.972218763	0.972729801	4.248287e-01	1.076054e+00	0
(10,15,0)	-0.062500	2.945243	3.745705e-03	0.384754	0.402031	+1.175212918930e-01	+1.175212918748e-01	1.550e-10	8.874e-10	0	0.972173974	0.972776770	4.246043e-01	1.075536e+00	0
(10,15,0)	0.062500	0.196350	3.745705e-03	0.384754	0.402031	+5.701824142386e-02	+5.701824141991e-02	6.939e-11	1.564e-09	0	0.876838328	0.877964742	3.765101e-01	1.057405e+00	0
(10,15,0)	0.062500	0.589049	3.745705e-03	0.384754	0.402031	+2.138961256379e-01	+2.138961256223e-01	7.283e-11	3.451e-10	0	0.876923273	0.877878210	3.767345e-01	1.057933e+00	0
(10,15,0)	0.062500	0.981748	3.745705e-03	0.384754	0.402031	+4.357516702931e-01	+4.357516703042e-01	2.558e-11	6.230e-11	0	0.877080580	0.877718658	3.771492e-01	1.058908e+00	0
(10,15,0)	0.062500	1.374447	3.745705e-03	0.384754	0.402031	+5.926249063338e-01	+5.926249063380e-01	7.119e-12	3.727e-11	0	0.877286792	0.877510858	3.776909e-01	1.060179e+00	0
(10,15,0)	0.062500	1.767146	3.745705e-03	0.384754	0.402031	+5.926249063338e-01	+5.926249063309e-01	4.858e-12	1.880e-11	0	0.877286792	0.877510858	3.776909e-01	1.060179e+00	0
(10,15,0)	0.062500	2.159845	3.745705e-03	0.384754	0.402031	+4.357516702931e-01	+4.357516702994e-01	1.456e-11	1.228e-10	0	0.877080580	0.877718658	3.771492e-01	1.058908e+00	0
(10,15,0)	0.062500	2.552544	3.745705e-03	0.384754	0.402031	+2.138961256379e-01	+2.138961256364e-01	6.843e-12	3.158e-10	0	0.876923273	0.877878210	3.767345e-01	1.057933e+00	0
(10,15,0)	0.062500	2.945243	3.745705e-03	0.384754	0.402031	+5.701824142386e-02	+5.701824139755e-02	4.615e-10	1.564e-09	0	0.876838328	0.877964742	3.765101e-01	1.057405e+00	0
(10,15,0)	0.187500	0.196350	3.745705e-03	0.384754	0.402031	-1.981431471211e-03	-1.981431471378e-03	8.431e-11	4.552e-08	0	0.732039213	0.733497709	3.284392e-01	1.026329e+00	0
(10,15,0)	0.187500	0.589049	3.745705e-03	0.384754	0.402031	+1.396141336945e-01	+1.396141336833e-01	8.050e-11	4.765e-10	0	0.732149735	0.733386196	3.286601e-01	1.026865e+00	0
(10,15,0)	0.187500	0.981748	3.745705e-03	0.384754	0.402031	+3.398580929986e-01	+3.398580930109e-01	3.619e-11	1.014e-10	0	0.732354173	0.733180358	3.290682e-01	1.027853e+00	0
(10,15,0)	0.187500	1.374447	3.745705e-03	0.384754	0.402031	+4.814502509533e-01	+4.814502509535e-01	3.324e-13	2.429e-11	0	0.732621711	0.732911830	3.296014e-01	1.029142e+00	0
(10,15,0)	0.187500	1.767146	3.745705e-03	0.384754	0.402031	+4.814502509533e-01	+4.814502509552e-01	3.988e-12	2.802e-11	0	0.732621711	0.732911830	3.296014e-01	1.029142e+00	0
(10,15,0)	0.187500	2.159845	3.745705e-03	0.384754	0.402031	+3.398580929986e-01	+3.398580930044e-01	1.713e-11	1.644e-10	0	0.732354173	0.733180358	3.290682e-01	1.027853e+00	0
(10,15,0)	0.187500	2.552544	3.745705e-03	0.384754	0.402031	+1.396141336945e-01	+1.396141337031e-01	6.128e-11	2.079e-10	0	0.732149735	0.733386196	3.286601e-01	1.026865e+00	0
(10,15,0)	0.187500	2.945243	3.745705e-03	0.384754	0.402031	-1.981431471211e-03	-1.981431474162e-03	1.489e-09	4.552e-08	0	0.732039213	0.733497709	3.284392e-01	1.026329e+00	0
(10,15,0)	0.312500	0.196350	3.745705e-03	0.384754	0.402031	-4.985886416025e-02	-4.985886415593e-02	8.658e-11	1.345e-09	0	0.579176786	0.580776574	2.803928e-01	9.810815e-01	0
(10,15,0)	0.312500	0.589049	3.745705e-03	0.384754	0.402031	+7.501451622046e-02	+7.501451623342e-02	1.727e-10	1.177e-09	0	0.579298313	0.580654553	2.806064e-01	9.816228e-01	0
(10,15,0)	0.312500	0.981748	3.745705e-03	0.384754	0.402031	+2.516103930703e-01	+2.516103930747e-01	1.749e-11	2.534e-10	0	0.579522976	0.580429192	2.810010e-01	9.826224e-01	0
(10,15,0)	0.312500	1.374447	3.745705e-03	0.384754	0.402031	+3.764812968578e-01	+3.764812968583e-01	1.238e-12	3.565e-11	0	0.579816726	0.580134948	2.815167e-01	9.839268e-01	0
(10,15,0)	0.312500	1.767146	3.745705e-03	0.384754	0.402031	+3.764812968578e-01	+3.764812968571e-01	1.937e-12	2.425e-11	0	0.579816726	0.580134948	2.815167e-01	9.839268e-01	0
(10,15,0)	0.312500	2.159845	3.745705e-03	0.384754	0.402031	+2.516103930703e-01	+2.516103930707e-01	1.610e-12	1.430e-10	0	0.579522976	0.580429192	2.810010e-01	9.826224e-01	0
(10,15,0)	0.312500	2.552544	3.745705e-03	0.384754	0.402031	+7.501451622046e-02	+7.501451623342e-02	1.727e-10	1.177e-09	0	0.579298313	0.580654553	2.806064e-01	9.816228e-01	0
(10,15,0)	0.312500	2.945243	3.745705e-03	0.384754	0.402031	-4.985886416025e-02	-4.985886416339e-02	6.304e-11	6.924e-10	0	0.579176786	0.580776574	2.803928e-01	9.810815e-01	0
(10,15,0)	0.437500	0.196350	3.745705e-03	0.384754	0.402031	-8.159369568736e-02	-8.159369569306e-02	6.987e-11	8.708e-10	0	0.445249235	0.446860936	2.323735e-01	9.195789e-01	0
(10,15,0)	0.437500	0.589049	3.745705e-03	0.384754	0.402031	+2.658882500195e-02	+2.658882499361e-02	3.137e-10	2.262e-09	0	0.445371852	0.446738190	2.325757e-01	9.201256e-01	0
(10,15,0)	0.437500	0.981748	3.745705e-03	0.384754	0.402031	+1.795806893002e-01	+1.795806892974e-01	1.597e-11	9.160e-11	0	0.445598450	0.446511411	2.329493e-01	9.211350e-01	0
(10,15,0)	0.437500	1.374447	3.745705e-03	0.384754	0.402031	+2.877613380881e-01	+2.877613380887e-01	2.332e-12	2.114e-11	0	0.445894572	0.446215162	2.334374e-01	9.224522e-01	0
(10,15,0)	0.437500	1.767146	3.745705e-03	0.384754	0.402031	+2.877613380881e-01	+2.877613380906e-01	8.952e-12	4.525e-11	0	0.445894572	0.446215162	2.334374e-01	9.224522e-01	0
(10,15,0)	0.437500	2.159845	3.745705e-03	0.384754	0.402031	+1.795806893002e-01	+1.795806893001e-01	7.533e-13	1.530e-10	0	0.445598450	0.446511411	2.329493e-01	9.211350e-01	0
(10,15,0)	0.437500	2.552544	3.745705e-03	0.384754	0.402031	+2.658882500194e-02	+2.658882499395e-02	3.008e-10	1.016e-09	0	0.445371852	0.446738190	2.325757e-01	9.201256e-01	0
(10,15,0)	0.437500	2.945243	3.745705e-03	0.384754	0.402031	-8.159369568735e-02	-8.159369565701e-02	3.719e-10	1.518e-09	0	0.445249235	0.446860936	2.323735e-01	9.195789e-01	0
(10,15,0)	0.562500	0.196350	3.745705e-03	0.384754	0.402031	-9.574790546916e-02	-9.574790545121e-02	1.875e-10	1.186e-09	0	0.336655761	0.338203639	1.843863e-01	8.382663e-01	0
(10,15,0)	0.562500	0.589049	3.745705e-03	0.384754	0.402031	-4.033102799973e-03	-4.033102796636e-03	8.274e-10	1.480e-08	0	0.336773647	0.338085876	1.845722e-01	8.388177e-01	0
(10,15,0)	0.562500	0.981748	3.745705e-03	0.384754	0.402031	+1.256701197689e-01	+1.256701197675e-01	1.103e-11	4.147e-10	0	0.336991445	0.337868251	1.849157e-01	8.398357e-01	0
(10,15,0)	0.562500	1.374447	3.745705e-03	0.384754	0.402031	+2.173833735877e-01	+2.173833735852e-01	1.115e-11	1.049e-10	0	0.337275963	0.337583857	1.853645e-01	8.411640e-01	0
(10,15,0)	0.562500	1.767146	3.745705e-03	0.384754	0.402031	+2.173833735877e-01	+2.173833735869e-01	3.492e-12	1.049e-10	0	0.337275963	0.337583857	1.853645e-01	8.411640e-01	0
(10,15,0)	0.562500	2.159845	3.745705e-03	0.384754	0.402031	+1.256701197689e-01	+1.256701197708e-01	1.499e-11	3.889e-10	0	0.336991445	0.337868251	1.849157e-01	8.398357e-01	0
(10,15,0)	0.562500	2.552544	3.745705e-03	0.384754	0.402031	-4.033102799966e-03	-4.033102805908e-03	1.473e-09	1.851e-08	0	0.336773647	0.338085876	1.845722e-01	8.388177e-01	0
(10,15,0)	0.562500	2.945243	3.745705e-03	0.384754	0.402031	-9.574790546916e-02	-9.574790546231e-02	7.159e-11	6.312e-10	0	0.336655761	0.338203639	1.843863e-01	8.382663e-01	0
(10,15,0)	0.687500	0.196350	3.745705e-03	0.384754	0.402031	-9.141105153712e-02	-9.141105154395e-02	7.474e-11	5.975e-10	0	0.250031650	0.251461358	1.364407e-01	7.305911e-01	0
(10,15,0)	0.687500	0.589049	3.745705e-03	0.384754	0.402031	-1.672720853956e-02	-1.672720853790e-02	9.896e-11	3.948e-09	0	0.250140610	0.251352660	1.366039e-01	7.311468e-01	0
(10,15,0)	0.687500	0.981748	3.745705e-03	0.384754	0.402031	+8.889065118192e-02	+8.889065118743e-02	6.200e-11	3.569e-10	0	0.250341887	0.251151755	1.369057e-01	7.321726e-01	0
(10,15,0)	0.687500	1.374447	3.745705e-03	0.384754	0.402031	+1.635730178861e-01	+1.635730178845e-01	9.428e-12	6.082e-11	0	0.250604758	0.250889147	1.372999e-01	7.335105e-01	0
(10,15,0)	0.687500	1.767146	3.745705e-03	0.384754	0.402031	+1.635730178861e-01	+1.635730178859e-01	1.172e-12	5.268e-11	0	0.250604758	0.250889147	1.372999e-01	7.335105e-01	0
(10,15,0)	0.687500	2.159845	3.745705e-03	0.384754	0.402031	+8.889065118192e-02	+8.889065119189e-02	1.122e-10	2.034e-10	0	0.250341887	0.251151755	1.369057e-01	7.321726e-01	0
(10,15,0)	0.687500	2.552544	3.745705e-03	0.384754	0.402031	-1.672720853956e-02	-1.672720853790e-02	9.896e-11	3.948e-09	0	0.250140610	0.251352660	1.366039e-01	7.311468e-01	0
(10,15,0)	0.687500	2.945243	3.745705e-03	0.384754	0.402031	-9.141105153713e-02	-9.141105153395e-02	3.483e-11	6.841e-10	0	0.250031650	0.251461358	1.364407e-01	7.305911e-01	0
(10,15,0)	0.812500	0.196350	3.745705e-03	0.384754	0.402031	-6.467060586220e-02	-6.467060585979e-02	3.719e-11	8.398e-10	0	0.179879182	0.181102644	8.855801e-02	5.821945e-01	0
(10,15,0)	0.812500	0.589049	3.745705e-03	0.384754	0.402031	-9.110007568794e-03	-9.110007569064e-03	2.965e-11	4.887e-09	0	0.179972396	0.181009601	8.868909e-02	5.827543e-01	0
(10,15,0)	0.812500	0.981748	3.745705e-03	0.384754	0.402031	+6.946323774715e-02	+6.946323774592e-02	1.768e-11	8.460e-10	0	0.180144598	0.180837640	8.893129e-02	5.837872e-01	0
(10,15,0)	0.812500	1.374447	3.745705e-03	0.384754	0.402031	+1.250219887393e-01	+1.250219887403e-01	7.581e-12	7.946e-11	0	0.180369522	0.180612887	8.924775e-02	5.851340e-01	0
(10,15,0)	0.812500	1.767146	3.745705e-03	0.384754	0.402031	+1.250219887393e-01	+1.250219887348e-01	3.645e-11	1.139e-10	0	0.180369522	0.180612887	8.924775e-02	5.851340e-01	0
(10,15,0)	0.812500	2.159845	3.745705e-03	0.384754	0.402031	+6.946323774715e-02	+6.946323774270e-02	6.397e-11	5.983e-10	0	0.180144598	0.180837640	8.893129e-02	5.837872e-01	0
(10,15,0)	0.812500	2.552544	3.745705e-03	0.384754	0.402031	-9.110007568794e-03	-9.110007571771e-03	3.268e-10	7.798e-09	0	0.179972396	0.181009601	8.868909e-02	5.827543e-01	0
(10,15,0)	0.812500	2.945243	3.745705e-03	0.384754	0.402031	-6.467060586220e-02	-6.467060585973e-02	3.808e-11	7.324e-10	0	0.179879182	0.181102644	8.855801e-02	5.821945e-01	0
(10,15,0)	0.937500	0.196350	3.745705e-03	0.384754	0.402031	-2.570549684318e-03	-2.570549682129e-03	8.518e-10	2.541e-08	0	0.125013397	0.125485728	4.081086e-02	3.444018e-01	0
(10,15,0)	0.937500	0.589049	3.745705e-03	0.384754	0.402031	+3.316552105906e-02	+3.316552106413e-02	1.526e-10	9.059e-10	0	0.125048065	0.125448539	4.088911e-02	3.449664e-01	0
(10,15,0)	0.937500	0.981748	3.745705e-03	0.384754	0.402031	+8.369580175092e-02	+8.369580174719e-02	4.454e-11	2.972e-10	0	0.125112701	0.125380338	4.103369e-02	3.460073e-01	0
(10,15,0)	0.937500	1.374447	3.745705e-03	0.384754	0.402031	+1.194203424271e-01	+1.194203424263e-01	6.941e-12	6.222e-11	0	0.125198263	0.125292256	4.122259e-02	3.473626e-01	0
(10,15,0)	0.937500	1.767146	3.745705e-03	0.384754	0.402031	+1.194203424271e-01	+1.194203424260e-01	9.226e-12	4.398e-11	0	0.125198263	0.125292256	4.122259e-02	3.473626e-01	0
(10,15,0)	0.937500	2.159845	3.745705e-03	0.384754	0.402031	+8.369580175092e-02	+8.369580174986e-02	1.260e-11	1.391e-10	0	0.125112701	0.125380338	4.103369e-02	3.460073e-01	0
(10,15,0)	0.937500	2.552544	3.745705e-03	0.384754	0.402031	+3.316552105906e-02	+3.316552105510e-02	1.196e-10	9.059e-10	0	0.125048065	0.125448539	4.088911e-02	3.449664e-01	0
(10,15,0)	0.937500	2.945243	3.745705e-03	0.384754	0.402031	-2.570549684318e-03	-2.570549683432e-03	3.448e-10	1.936e-08	0	0.125013397	0.125485728	4.081086e-02	3.444018e-01	0
(10,15,15)	-0.937500	0.196350	3.745705e-03	0.443072	0.462969	+1.570443681232e+00	+1.570443681204e+00	1.780e-11	1.574e-10	0	0.977795589	0.979286689	8.777570e-01	9.422658e-01	0
(10,15,15)	-0.937500	0.589049	3.745705e-03	0.443072	0.462969	+1.675660771065e+00	+1.675660771054e+00	6.870e-12	8.069e-11	0	0.977908509	0.979172599	8.778472e-01	9.424723e-01	0
(10,15,15)	-0.937500	0.981748	3.745705e-03	0.443072	0.462969	+1.824459080002e+00	+1.824459079992e+00	5.774e-12	4.615e-11	0	0.978117409	0.978962045	8.780136e-01	9.428538e-01	0
(10,15,15)	-0.937500	1.374447	3.745705e-03	0.443072	0.462969	+1.929674576733e+00	+1.929674576731e+00	1.011e-12	1.587e-11	0	0.978390844	0.978687440	8.782312e-01	9.433520e-01	0
(10,15,15)	-0.937500	1.767146	3.745705e-03	0.443072	0.462969	+1.929674576733e+00	+1.929674576733e+00	1.466e-13	2.064e-11	0	0.978390844	0.978687440	8.782312e-01	9.433520e-01	0
(10,15,15)	-0.937500	2.159845	3.745705e-03	0.443072	0.462969	+1.824459080002e+00	+1.824459080003e+00	3.634e-13	4.988e-11	0	0.978117409	0.978962045	8.780136e-01	9.428538e-01	0
(10,15,15)	-0.937500	2.552544	3.745705e-03	0.443072	0.462969	+1.675660771065e+00	+1.675660771062e+00	2.299e-12	6.401e-11	0	0.977908509	0.979172599	8.778472e-01	9.424723e-01	0
(10,15,15)	-0.937500	2.945243	3.745705e-03	0.443072	0.462969	+1.570443681232e+00	+1.570443681205e+00	1.683e-11	1.574e-10	0	0.977795589	0.979286689	8.777570e-01	9.422658e-01	0
(10,15,15)	-0.812500	0.196350	3.745705e-03	0.443072	0.462969	+9.097769572234e-01	+9.097769572289e-01	6.048e-12	2.452e-10	0	0.955121351	0.956868031	8.219734e-01	1.003354e+00	0
(10,15,15)	-0.812500	0.589049	3.745705e-03	0.443072	0.462969	+1.098207470274e+00	+1.098207470221e+00	4.877e-11	8.197e-11	0	0.955253189	0.956733946	8.221243e-01	1.003679e+00	0
(10,15,15)	-0.812500	0.981748	3.745705e-03	0.443072	0.462969	+1.364684151775e+00	+1.364684151758e+00	1.203e-11	6.855e-11	0	0.955497276	0.956486680	8.224032e-01	1.004279e+00	0
(10,15,15)	-0.812500	1.374447	3.745705e-03	0.443072	0.462969	+1.553108575821e+00	+1.553108575817e+00	2.185e-12	1.486e-11	0	0.955817139	0.956164569	8.227677e-01	1.005062e+00	0
(10,15,15)	-0.812500	1.767146	3.745705e-03	0.443072	0.462969	+1.553108575821e+00	+1.553108575815e+00	3.477e-12	1.250e-11	0	0.955817139	0.956164569	8.227677e-01	1.005062e+00	0
(10,15,15)	-0.812500	2.159845	3.745705e-03	0.443072	0.462969	+1.364684151775e+00	+1.364684151754e+00	1.519e-11	8.888e-11	0	0.955497276	0.956486680	8.224032e-01	1.004279e+00	0
(10,15,15)	-0.812500	2.552544	3.745705e-03	0.443072	0.462969	+1.098207470274e+00	+1.098207470225e+00	4.515e-11	1.071e-10	0	0.955253189	0.956733946	8.221243e-01	1.003679e+00	0
(10,15,15)	-0.812500	2.945243	3.745705e-03	0.443072	0.462969	+9.097769572234e-01	+9.097769572138e-01	1.060e-11	2.452e-10	0	0.955121351	0.956868031	8.219734e-01	1.003354e+00	0
(10,15,15)	-0.687500	0.196350	3.745705e-03	0.443072	0.462969	+6.137362488343e-01	+6.137362488402e-01	9.527e-12	2.618e-10	0	0.952501020	0.954027759	7.663458e-01	1.049617e+00	0
(10,15,15)	-0.687500	0.589049	3.745705e-03	0.443072	0.462969	+8.188602456723e-01	+8.188602456566e-01	1.922e-11	1.711e-10	0	0.952615945	0.953910242	7.665338e-01	1.050004e+00	0
(10,15,15)	-0.687500	0.981748	3.745705e-03	0.443072	0.462969	+1.108943585354e+00	+1.108943585351e+00	2.572e-12	1.197e-10	0	0.952828854	0.953693667	7.668812e-01	1.050718e+00	0
(10,15,15)	-0.687500	1.374447	3.745705e-03	0.443072	0.462969	+1.314059381822e+00	+1.314059381819e+00	2.148e-12	2.597e-11	0	0.953108125	0.953411804	7.673352e-01	1.051651e+00	0
(10,15,15)	-0.687500	1.767146	3.745705e-03	0.443072	0.462969	+1.314059381822e+00	+1.314059381822e+00	1.031e-14	2.998e-11	0	0.953108125	0.953411804	7.673352e-01	1.051651e+00	0
(10,15,15)	-0.687500	2.159845	3.745705e-03	0.443072	0.462969	+1.108943585354e+00	+1.108943585354e+00	2.609e-13	1.156e-10	0	0.952828854	0.953693667	7.668812e-01	1.050718e+00	0
(10,15,15)	-0.687500	2.552544	3.745705e-03	0.443072	0.462969	+8.188602456723e-01	+8.188602456566e-01	1.922e-11	1.711e-10	0	0.952615945	0.953910242	7.665338e-01	1.050004e+00	0
(10,15,15)	-0.687500	2.945243	3.745705e-03	0.443072	0.462969	+6.137362488344e-01	+6.137362488637e-01	4.783e-11	2.224e-10	0	0.952501020	0.954027759	7.663458e-01	1.049617e+00	0
(10,15,15)	-0.562500	0.196350	3.745705e-03	0.443072	0.462969	+4.611293610052e-01	+4.611293610272e-01	4.768e-11	3.354e-10	0	0.963645300	0.964807901	7.107906e-01	1.082790e+00	0
(10,15,15)	-0.562500	0.589049	3.745705e-03	0.443072	0.462969	+6.632143544861e-01	+6.632143545102e-01	3.635e-11	1.290e-10	0	0.963732481	0.964718076	7.110047e-01	1.083217e+00	0
(10,15,15)	-0.562500	0.981748	3.745705e-03	0.443072	0.462969	+9.489996395187e-01	+9.489996394914e-01	2.874e-11	9.414e-11	0	0.963894136	0.964552680	7.114003e-01	1.084005e+00	0
(10,15,15)	-0.562500	1.374447	3.745705e-03	0.443072	0.462969	+1.151076072191e+00	+1.151076072190e+00	8.856e-13	2.778e-11	0	0.964106462	0.964337709	7.119171e-01	1.085035e+00	0
(10,15,15)	-0.562500	1.767146	3.745705e-03	0.443072	0.462969	+1.151076072191e+00	+1.151076072195e+00	3.972e-12	1.960e-11	0	0.964106462	0.964337709	7.119171e-01	1.085035e+00	0
(10,15,15)	-0.562500	2.159845	3.745705e-03	0.443072	0.462969	+9.489996395187e-01	+9.489996395196e-01	9.306e-13	6.710e-11	0	0.963894136	0.964552680	7.114003e-01	1.084005e+00	0
(10,15,15)	-0.562500	2.552544	3.745705e-03	0.443072	0.462969	+6.632143544861e-01	+6.632143545054e-01	2.908e-11	1.110e-10	0	0.963732481	0.964718076	7.110047e-01	1.083217e+00	0
(10,15,15)	-0.562500	2.945243	3.745705e-03	0.443072	0.462969	+4.611293610052e-01	+4.611293610368e-01	6.860e-11	5.339e-10	0	0.963645300	0.964807901	7.107906e-01	1.082790e+00	0
(10,15,15)	-0.437500	0.196350	3.745705e-03	0.443072	0.462969	+3.661209645796e-01	+3.661209645605e-01	5.216e-11	4.890e-10	0	0.982107749	0.982829384	6.552834e-01	1.104005e+00	0
(10,15,15)	-0.437500	0.589049	3.745705e-03	0.443072	0.462969	+5.611391000597e-01	+5.611391000846e-01	4.437e-11	1.459e-10	0	0.982161408	0.982773169	6.555163e-01	1.104461e+00	0
(10,15,15)	-0.437500	0.981748	3.745705e-03	0.443072	0.462969	+8.369306862113e-01	+8.369306862038e-01	9.004e-12	5.178e-11	0	0.982261104	0.982669859	6.559465e-01	1.105302e+00	0
(10,15,15)	-0.437500	1.374447	3.745705e-03	0.443072	0.462969	+1.031940752394e+00	+1.031940752393e+00	1.373e-12	4.604e-11	0	0.982392437	0.982535970	6.565086e-01	1.106400e+00	0
(10,15,15)	-0.437500	1.767146	3.745705e-03	0.443072	0.462969	+1.031940752394e+00	+1.031940752399e+00	4.527e-12	3.593e-11	0	0.982392437	0.982535970	6.565086e-01	1.106400e+00	0
(10,15,15)	-0.437500	2.159845	3.745705e-03	0.443072	0.462969	+8.369306862113e-01	+8.369306862117e-01	4.780e-13	1.235e-10	0	0.982261104	0.982669859	6.559465e-01	1.105302e+00	0
(10,15,15)	-0.437500	2.552544	3.745705e-03	0.443072	0.462969	+5.611391000598e-01	+5.611391000802e-01	3.633e-11	2.051e-10	0	0.982161408	0.982773169	6.555163e-01	1.104461e+00	0
(10,15,15)	-0.437500	2.945243	3.745705e-03	0.443072	0.462969	+3.661209645797e-01	+3.661209645718e-01	2.143e-11	4.890e-10	0	0.982107749	0.982829384	6.552834e-01	1.104005e+00	0
(10,15,15)	-0.312500	0.196350	3.745705e-03	0.443072	0.462969	+2.912782282586e-01	+2.912782282234e-01	1.210e-10	6.610e-10	0	0.997859817	0.998080134	5.998132e-01	1.113925e+00	0
(10,15,15)	-0.312500	0.589049	3.745705e-03	0.443072	0.462969	+4.801472281792e-01	+4.801472281547e-01	5.113e-11	3.612e-10	0	0.997875409	0.998062174	6.000591e-01	1.114402e+00	0
(10,15,15)	-0.312500	0.981748	3.745705e-03	0.443072	0.462969	+7.472432302486e-01	+7.472432302258e-01	3.052e-11	1.977e-10	0	0.997904725	0.998029507	6.005136e-01	1.115282e+00	0
(10,15,15)	-0.312500	1.374447	3.745705e-03	0.443072	0.462969	+9.361050190443e-01	+9.361050190543e-01	1.075e-11	2.917e-11	0	0.997944024	0.997987839	6.011074e-01	1.116432e+00	0
(10,15,15)	-0.312500	1.767146	3.745705e-03	0.443072	0.462969	+9.361050190443e-01	+9.361050190566e-01	1.315e-11	6.530e-11	0	0.997944024	0.997987839	6.011074e-01	1.116432e+00	0
(10,15,15)	-0.312500	2.159845	3.745705e-03	0.443072	0.462969	+7.472432302486e-01	+7.472432302406e-01	1.068e-11	1.977e-10	0	0.997904725	0.998029507	6.005136e-01	1.115282e+00	0
(10,15,15)	-0.312500	2.552544	3.745705e-03	0.443072	0.462969	+4.801472281792e-01	+4.801472281547e-01	5.113e-11	3.612e-10	0	0.997875409	0.998062174	6.000591e-01	1.114402e+00	0
(10,15,15)	-0.312500	2.945243	3.745705e-03	0.443072	0.462969	+2.912782282586e-01	+2.912782282260e-01	1.119e-10	5.424e-10	0	0.997859817	0.998080134	5.998132e-01	1.113925e+00	0
(10,15,15)	-0.187500	0.196350	3.745705e-03	0.443072	0.462969	+2.192577660137e-01	+2.192577659829e-01	1.409e-10	7.287e-10	0	0.994471294	0.994794648	5.443741e-01	1.112840e+00	0
(10,15,15)	-0.187500	0.589049	3.745705e-03	0.443072	0.462969	+4.033285329411e-01	+4.033285329391e-01	4.968e-12	4.565e-10	0	0.994494860	0.994768997	5.446285e-01	1.113333e+00	0
(10,15,15)	-0.187500	0.981748	3.745705e-03	0.443072	0.462969	+6.636395196823e-01	+6.636395196885e-01	9.366e-12	7.829e-11	0	0.994538864	0.994722045	5.450984e-01	1.114245e+00	0
(10,15,15)	-0.187500	1.374447	3.745705e-03	0.443072	0.462969	+8.477040807630e-01	+8.477040807676e-01	5.467e-12	3.422e-11	0	0.994597248	0.994661576	5.457125e-01	1.115434e+00	0
(10,15,15)	-0.187500	1.767146	3.745705e-03	0.443072	0.462969	+8.477040807630e-01	+8.477040807636e-01	7.012e-13	2.639e-11	0	0.994597248	0.994661576	5.457125e-01	1.115434e+00	0
(10,15,15)	-0.187500	2.159845	3.745705e-03	0.443072	0.462969	+6.636395196823e-01	+6.636395196858e-01	5.319e-12	3.376e-11	0	0.994538864	0.994722045	5.450984e-01	1.114245e+00	0
(10,15,15)	-0.187500	2.552544	3.745705e-03	0.443072	0.462969	+4.033285329411e-01	+4.033285329504e-01	2.290e-11	1.124e-10	0	0.994494860	0.994768997	5.446285e-01	1.113333e+00	0
(10,15,15)	-0.187500	2.945243	3.745705e-03	0.443072	0.462969	+2.192577660138e-01	+2.192577660145e-01	3.425e-12	7.287e-10	0	0.994471294	0.994794648	5.443741e-01	1.112840e+00	0
(10,15,15)	-0.062500	0.196350	3.745705e-03	0.443072	0.462969	+1.436166867144e-01	+1.436166867209e-01	4.507e-11	6.941e-10	0	0.952716949	0.953577661	4.889633e-01	1.100712e+00	0
(10,15,15)	-0.062500	0.589049	3.745705e-03	0.443072	0.462969	+3.225187464244e-01	+3.225187464145e-01	3.062e-11	3.970e-10	0	0.952781613	0.953511299	4.892217e-01	1.101219e+00	0
(10,15,15)	-0.062500	0.981748	3.745705e-03	0.443072	0.462969	+5.755208217331e-01	+5.755208217388e-01	9.843e-12	1.273e-10	0	0.952901471	0.953389040	4.896992e-01	1.102155e+00	0
(10,15,15)	-0.062500	1.374447	3.745705e-03	0.443072	0.462969	+7.544177283434e-01	+7.544177283424e-01	1.310e-12	2.042e-11	0	0.953058800	0.953230014	4.903231e-01	1.103377e+00	0
(10,15,15)	-0.062500	1.767146	3.745705e-03	0.443072	0.462969	+7.544177283434e-01	+7.544177283453e-01	2.527e-12	2.042e-11	0	0.953058800	0.953230014	4.903231e-01	1.103377e+00	0
(10,15,15)	-0.062500	2.159845	3.745705e-03	0.443072	0.462969	+5.755208217331e-01	+5.755208217246e-01	1.473e-11	1.113e-10	0	0.952901471	0.953389040	4.896992e-01	1.102155e+00	0
(10,15,15)	-0.062500	2.552544	3.745705e-03	0.443072	0.462969	+3.225187464244e-01	+3.225187464249e-01	1.723e-12	3.390e-10	0	0.952781613	0.953511299	4.892217e-01	1.101219e+00	0
(10,15,15)	-0.062500	2.945243	3.745705e-03	0.443072	0.462969	+1.436166867144e-01	+1.436166867154e-01	6.649e-12	7.659e-10	0	0.952716949	0.953577661	4.889633e-01	1.100712e+00	0
(10,15,15)	0.062500	0.196350	3.745705e-03	0.443072	0.462969	+6.621920566069e-02	+6.621920564864e-02	1.820e-10	1.842e-09	0	0.863271804	0.864584270	4.335792e-01	1.077165e+00	0
(10,15,15)	0.062500	0.589049	3.745705e-03	0.443072	0.462969	+2.374833101630e-01	+2.374833101620e-01	4.068e-12	2.264e-10	0	0.863371087	0.864483750	4.338377e-01	1.077683e+00	0
(10,15,15)	0.062500	0.981748	3.745705e-03	0.443072	0.462969	+4.796844094070e-01	+4.796844094066e-01	8.290e-13	1.235e-10	0	0.863554811	0.864298276	4.343152e-01	1.078639e+00	0
(10,15,15)	0.062500	1.374447	3.745705e-03	0.443072	0.462969	+6.509443843715e-01	+6.509443843746e-01	4.869e-12	2.124e-11	0	0.863795389	0.864056461	4.349391e-01	1.079888e+00	0
(10,15,15)	0.062500	1.767146	3.745705e-03	0.443072	0.462969	+6.509443843715e-01	+6.509443843677e-01	5.793e-12	9.160e-12	0	0.863795389	0.864056461	4.349391e-01	1.079888e+00	0
(10,15,15)	0.062500	2.159845	3.745705e-03	0.443072	0.462969	+4.796844094070e-01	+4.796844094156e-01	1.786e-11	1.667e-10	0	0.863554811	0.864298276	4.343152e-01	1.078639e+00	0
(10,15,15)	0.062500	2.552544	3.745705e-03	0.443072	0.462969	+2.374833101630e-01	+2.374833101836e-01	8.673e-11	1.489e-10	0	0.863371087	0.864483750	4.338377e-01	1.077683e+00	0
(10,15,15)	0.062500	2.945243	3.745705e-03	0.443072	0.462969	+6.621920566070e-02	+6.621920565599e-02	7.105e-11	1.069e-09	0	0.863271804	0.864584270	4.335792e-01	1.077165e+00	0
(10,15,15)	0.187500	0.196350	3.745705e-03	0.443072	0.462969	-5.520322536740e-03	-5.520322533444e-03	5.970e-10	2.559e-08	0	0.738322831	0.739937796	3.782221e-01	1.041425e+00	0
(10,15,15)	0.187500	0.589049	3.745705e-03	0.443072	0.462969	+1.547898846031e-01	+1.547898845957e-01	4.786e-11	5.897e-10	0	0.738445375	0.739814482	3.784764e-01	1.041952e+00	0
(10,15,15)	0.187500	0.981748	3.745705e-03	0.443072	0.462969	+3.815004720390e-01	+3.815004720274e-01	3.041e-11	1.079e-10	0	0.738671977	0.739586791	3.789464e-01	1.042926e+00	0
(10,15,15)	0.187500	1.374447	3.745705e-03	0.443072	0.462969	+5.418074524622e-01	+5.418074524624e-01	4.668e-13	3.916e-11	0	0.738968379	0.739289620	3.795604e-01	1.044197e+00	0
(10,15,15)	0.187500	1.767146	3.745705e-03	0.443072	0.462969	+5.418074524622e-01	+5.418074524673e-01	9.420e-12	4.859e-11	0	0.738968379	0.739289620	3.795604e-01	1.044197e+00	0
(10,15,15)	0.187500	2.159845	3.745705e-03	0.443072	0.462969	+3.815004720390e-01	+3.815004720412e-01	5.930e-12	1.808e-10	0	0.738671977	0.739586791	3.789464e-01	1.042926e+00	0
(10,15,15)	0.187500	2.552544	3.745705e-03	0.443072	0.462969	+1.547898846031e-01	+1.547898846035e-01	1.987e-12	4.999e-10	0	0.738445375	0.739814482	3.784764e-01	1.041952e+00	0
(10,15,15)	0.187500	2.945243	3.745705e-03	0.443072	0.462969	-5.520322536740e-03	-5.520322544749e-03	1.451e-09	2.559e-08	0	0.738322831	0.739937796	3.782221e-01	1.041425e+00	0
(10,15,15)	0.312500	0.196350	3.745705e-03	0.443072	0.462969	-6.363183583839e-02	-6.363183584022e-02	2.868e-11	1.987e-09	0	0.603217998	0.604980383	3.228931e-01	9.921782e-01	0
(10,15,15)	0.312500	0.589049	3.745705e-03	0.443072	0.462969	+8.300290850267e-02	+8.300290851215e-02	1.142e-10	5.144e-10	0	0.603351969	0.604846052	3.231390e-01	9.927135e-01	0
(10,15,15)	0.312500	0.981748	3.745705e-03	0.443072	0.462969	+2.903739677735e-01	+2.903739677749e-01	4.533e-12	3.558e-10	0	0.603599596	0.604597915	3.235935e-01	9.937019e-01	0
(10,15,15)	0.312500	1.374447	3.745705e-03	0.443072	0.462969	+4.370061879609e-01	+4.370061879648e-01	8.890e-12	4.279e-11	0	0.603923293	0.604273857	3.241873e-01	9.949918e-01	0
(10,15,15)	0.312500	1.767146	3.745705e-03	0.443072	0.462969	+4.370061879609e-01	+4.370061879615e-01	1.322e-12	2.556e-11	0	0.603923293	0.604273857	3.241873e-01	9.949918e-01	0
(10,15,15)	0.312500	2.159845	3.745705e-03	0.443072	0.462969	+2.903739677735e-01	+2.903739677672e-01	2.186e-11	1.370e-10	0	0.603599596	0.604597915	3.235935e-01	9.937019e-01	0
(10,15,15)	0.312500	2.552544	3.745705e-03	0.443072	0.462969	+8.300290850267e-02	+8.300290851215e-02	1.142e-10	5.144e-10	0	0.603351969	0.604846052	3.231390e-01	9.927135e-01	0
(10,15,15)	0.312500	2.945243	3.745705e-03	0.443072	0.462969	-6.363183583840e-02	-6.363183583195e-02	1.013e-10	1.465e-09	0	0.603217998	0.604980383	3.228931e-01	9.921782e-01	0
(10,15,15)	0.437500	0.196350	3.745705e-03	0.443072	0.462969	-1.031044852295e-01	-1.031044852463e-01	1.622e-10	7.355e-10	0	0.477844444	0.479635186	2.675953e-01	9.272822e-01	0
(10,15,15)	0.437500	0.589049	3.745705e-03	0.443072	0.462969	+2.800891197377e-02	+2.800891196518e-02	3.069e-10	2.386e-09	0	0.477980736	0.479498857	2.678281e-01	9.278244e-01	0
(10,15,15)	0.437500	0.981748	3.745705e-03	0.443072	0.462969	+2.134298032330e-01	+2.134298032454e-01	5.806e-11	3.982e-10	0	0.478232581	0.479246960	2.682583e-01	9.288254e-01	0
(10,15,15)	0.437500	1.374447	3.745705e-03	0.443072	0.462969	+3.445411452501e-01	+3.445411452525e-01	7.014e-12	5.994e-11	0	0.478561650	0.478917854	2.688205e-01	9.301317e-01	0
(10,15,15)	0.437500	1.767146	3.745705e-03	0.443072	0.462969	+3.445411452501e-01	+3.445411452489e-01	3.443e-12	2.129e-11	0	0.478561650	0.478917854	2.688205e-01	9.301317e-01	0
(10,15,15)	0.437500	2.159845	3.745705e-03	0.443072	0.462969	+2.134298032330e-01	+2.134298032414e-01	3.925e-11	4.397e-10	0	0.478232581	0.479246960	2.682583e-01	9.288254e-01	0
(10,15,15)	0.437500	2.552544	3.745705e-03	0.443072	0.462969	+2.800891197377e-02	+2.800891196897e-02	1.714e-10	4.625e-09	0	0.477980736	0.479498857	2.678281e-01	9.278244e-01	0
(10,15,15)	0.437500	2.945243	3.745705e-03	0.443072	0.462969	-1.031044852295e-01	-1.031044852273e-01	2.186e-11	8.488e-10	0	0.477844444	0.479635186	2.675953e-01	9.272822e-01	0
(10,15,15)	0.562500	0.196350	3.745705e-03	0.443072	0.462969	-1.216041650696e-01	-1.216041650556e-01	1.153e-10	1.516e-09	0	0.370135825	0.371874112	2.123344e-01	8.431458e-01	0
(10,15,15)	0.562500	0.589049	3.745705e-03	0.443072	0.462969	-7.607980001268e-03	-7.607979993911e-03	9.670e-10	1.018e-08	0	0.370268243	0.371741893	2.125485e-01	8.436940e-01	0
(10,15,15)	0.562500	0.981748	3.745705e-03	0.443072	0.462969	+1.536056865194e-01	+1.536056865076e-01	7.667e-11	3.199e-10	0	0.370512876	0.371497540	2.129441e-01	8.447062e-01	0
(10,15,15)	0.562500	1.374447	3.745705e-03	0.443072	0.462969	+2.676000551365e-01	+2.676000551347e-01	6.552e-12	6.411e-11	0	0.370832423	0.371178191	2.134609e-01	8.460267e-01	0
(10,15,15)	0.562500	1.767146	3.745705e-03	0.443072	0.462969	+2.676000551365e-01	+2.676000551336e-01	1.057e-11	7.498e-11	0	0.370832423	0.371178191	2.134609e-01	8.460267e-01	0
(10,15,15)	0.562500	2.159845	3.745705e-03	0.443072	0.462969	+1.536056865194e-01	+1.536056865114e-01	5.190e-11	3.199e-10	0	0.370512876	0.371497540	2.129441e-01	8.447062e-01	0
(10,15,15)	0.562500	2.552544	3.745705e-03	0.443072	0.462969	-7.607980001276e-03	-7.607980006082e-03	6.317e-10	8.377e-09	0	0.370268243	0.371741893	2.125485e-01	8.436940e-01	0
(10,15,15)	0.562500	2.945243	3.745705e-03	0.443072	0.462969	-1.216041650696e-01	-1.216041650556e-01	1.153e-10	1.288e-09	0	0.370135825	0.371874112	2.123344e-01	8.431458e-01	0
(10,15,15)	0.687500	0.196350	3.745705e-03	0.443072	0.462969	-1.170378410956e-01	-1.170378411303e-01	2.957e-10	5.300e-10	0	0.280011736	0.281632534	1.571215e-01	7.332070e-01	0
(10,15,15)	0.687500	0.589049	3.745705e-03	0.443072	0.462969	-2.236026025744e-02	-2.236026025668e-02	3.389e-11	4.264e-09	0	0.280135278	0.281509325	1.573096e-01	7.337607e-01	0
(10,15,15)	0.687500	0.981748	3.745705e-03	0.443072	0.462969	+1.115327715490e-01	+1.115327715528e-01	3.441e-11	2.671e-10	0	0.280363481	0.281281592	1.576570e-01	7.347828e-01	0
(10,15,15)	0.687500	1.374447	3.745705e-03	0.443072	0.462969	+2.062085322629e-01	+2.062085322631e-01	1.141e-12	8.027e-11	0	0.280661504	0.280983902	1.581110e-01	7.361160e-01	0
(10,15,15)	0.687500	1.767146	3.745705e-03	0.443072	0.462969	+2.062085322629e-01	+2.062085322639e-01	4.936e-12	1.001e-10	0	0.280661504	0.280983902	1.581110e-01	7.361160e-01	0
(10,15,15)	0.687500	2.159845	3.745705e-03	0.443072	0.462969	+1.115327715490e-01	+1.115327715493e-01	3.374e-12	2.337e-10	0	0.280363481	0.281281592	1.576570e-01	7.347828e-01	0
(10,15,15)	0.687500	2.552544	3.745705e-03	0.443072	0.462969	-2.236026025744e-02	-2.236026025668e-02	3.389e-11	4.264e-09	0	0.280135278	0.281509325	1.573096e-01	7.337607e-01	0
(10,15,15)	0.687500	2.945243	3.745705e-03	0.443072	0.462969	-1.170378410956e-01	-1.170378410946e-01	8.927e-12	1.889e-10	0	0.280011736	0.281632534	1.571215e-01	7.332070e-01	0
(10,15,15)	0.812500	0.196350	3.745705e-03	0.443072	0.462969	-8.350116433106e-02	-8.350116432612e-02	5.916e-11	2.323e-10	0	0.204265898	0.205663436	1.019811e-01	5.831393e-01	0
(10,15,15)	0.812500	0.589049	3.745705e-03	0.443072	0.462969	-1.194014370990e-02	-1.194014370809e-02	1.516e-10	4.981e-09	0	0.204372385	0.205557164	1.021320e-01	5.836982e-01	0
(10,15,15)	0.812500	0.981748	3.745705e-03	0.443072	0.462969	+8.926075734351e-02	+8.926075734649e-02	3.334e-11	7.116e-10	0	0.204569102	0.205360751	1.024110e-01	5.847294e-01	0
(10,15,15)	0.812500	1.374447	3.745705e-03	0.443072	0.462969	+1.608194236661e-01	+1.608194236654e-01	4.932e-12	1.212e-10	0	0.204826038	0.205104029	1.027754e-01	5.860740e-01	0
(10,15,15)	0.812500	1.767146	3.745705e-03	0.443072	0.462969	+1.608194236661e-01	+1.608194236652e-01	6.151e-12	1.212e-10	0	0.204826038	0.205104029	1.027754e-01	5.860740e-01	0
(10,15,15)	0.812500	2.159845	3.745705e-03	0.443072	0.462969	+8.926075734351e-02	+8.926075734717e-02	4.102e-11	4.449e-10	0	0.204569102	0.205360751	1.024110e-01	5.847294e-01	0
(10,15,15)	0.812500	2.552544	3.745705e-03	0.443072	0.462969	-1.194014370989e-02	-1.194014371671e-02	5.708e-10	3.871e-09	0	0.204372385	0.205557164	1.021320e-01	5.836982e-01	0
(10,15,15)	0.812500	2.945243	3.745705e-03	0.443072	0.462969	-8.350116433106e-02	-8.350116433490e-02	4.607e-11	4.954e-10	0	0.204265898	0.205663436	1.019811e-01	5.831393e-01	0
(10,15,15)	0.937500	0.196350	3.745705e-03	0.443072	0.462969	-3.307717662960e-03	-3.307717664636e-03	5.067e-10	9.789e-09	0	0.143441375	0.143983835	4.699673e-02	3.444309e-01	0
(10,15,15)	0.937500	0.589049	3.745705e-03	0.443072	0.462969	+4.339794948620e-02	+4.339794948085e-02	1.233e-10	7.059e-10	0	0.143481193	0.143941127	4.708684e-02	3.449955e-01	0
(10,15,15)	0.937500	0.981748	3.745705e-03	0.443072	0.462969	+1.094390835497e-01	+1.094390835485e-01	1.174e-11	2.364e-10	0	0.143555430	0.143862804	4.725333e-02	3.460364e-01	0
(10,15,15)	0.937500	1.374447	3.745705e-03	0.443072	0.462969	+1.561296879812e-01	+1.561296879800e-01	7.547e-12	4.051e-11	0	0.143653698	0.143761647	4.747086e-02	3.473916e-01	0
(10,15,15)	0.937500	1.767146	3.745705e-03	0.443072	0.462969	+1.561296879812e-01	+1.561296879795e-01	1.091e-11	5.282e-11	0	0.143653698	0.143761647	4.747086e-02	3.473916e-01	0
(10,15,15)	0.937500	2.159845	3.745705e-03	0.443072	0.462969	+1.094390835497e-01	+1.094390835515e-01	1.581e-11	2.301e-10	0	0.143555430	0.143862804	4.725333e-02	3.460364e-01	0
(10,15,15)	0.937500	2.552544	3.745705e-03	0.443072	0.462969	+4.339794948619e-02	+4.339794947298e-02	3.044e-10	1.875e-09	0	0.143481193	0.143941127	4.708684e-02	3.449955e-01	0
(10,15,15)	0.937500	2.945243	3.745705e-03	0.443072	0.462969	-3.307717662960e-03	-3.307717662932e-03	8.466e-12	9.789e-09	0	0.143441375	0.143983835	4.699673e-02	3.444309e-01	0
(15,13,0)	-0.937500	0.196350	1.964491e-02	0.400383	0.402031	+1.535079409709e+00	+1.535079409727e+00	1.160e-11	1.322e-10	0	0.957298300	0.968415815	7.746947e-01	8.439464e-01	0
(15,13,0)	-0.937500	0.589049	1.964491e-02	0.400383	0.402031	+1.690895276627e+00	+1.690895276606e+00	1.279e-11	8.735e-11	0	0.958118905	0.967543177	7.751051e-01	8.451550e-01	0
(15,13,0)	-0.937500	0.981748	1.964491e-02	0.400383	0.402031	+1.911182788256e+00	+1.911182788230e+00	1.336e-11	3.141e-11	0	0.959646038	0.965942472	7.758633e-01	8.473837e-01	0
(15,13,0)	-0.937500	1.374447	1.964491e-02	0.400383	0.402031	+2.066900526668e+00	+2.066900526669e+00	6.080e-13	1.690e-11	0	0.961662823	0.963873672	7.768541e-01	8.502869e-01	0
(15,13,0)	-0.937500	1.767146	1.964491e-02	0.400383	0.402031	+2.066900526668e+00	+2.066900526670e+00	9.956e-13	1.804e-11	0	0.961662823	0.963873672	7.768541e-01	8.502869e-01	0
(15,13,0)	-0.937500	2.159845	1.964491e-02	0.400383	0.402031	+1.911182788256e+00	+1.911182788234e+00	1.168e-11	6.080e-11	0	0.959646038	0.965942472	7.758633e-01	8.473837e-01	0
(15,13,0)	-0.937500	2.552544	1.964491e-02	0.400383	0.402031	+1.690895276627e+00	+1.690895276613e+00	8.146e-12	5.757e-11	0	0.958118905	0.967543177	7.751051e-01	8.451550e-01	0
(15,13,0)	-0.937500	2.945243	1.964491e-02	0.400383	0.402031	+1.535079409709e+00	+1.535079409717e+00	4.810e-12	1.322e-10	0	0.957298300	0.968415815	7.746947e-01	8.439464e-01	0
(15,13,0)	-0.812500	0.196350	1.964491e-02	0.400383	0.402031	+7.185997601308e-01	+7.185997601334e-01	3.621e-12	1.792e-10	0	0.916733409	0.929142303	7.228267e-01	9.199689e-01	0
(15,13,0)	-0.812500	0.589049	1.964491e-02	0.400383	0.402031	+9.627890502646e-01	+9.627890502866e-01	2.281e-11	1.062e-10	0	0.917634543	0.928152601	7.235142e-01	9.218258e-01	0
(15,13,0)	-0.812500	0.981748	1.964491e-02	0.400383	0.402031	+1.307912384898e+00	+1.307912384903e+00	3.503e-12	7.411e-11	0	0.919317796	0.926344137	7.247844e-01	9.252470e-01	0
(15,13,0)	-0.812500	1.374447	1.964491e-02	0.400383	0.402031	+1.551801309300e+00	+1.551801309298e+00	1.145e-12	1.590e-11	0	0.921553251	0.924020177	7.264442e-01	9.296982e-01	0
(15,13,0)	-0.812500	1.767146	1.964491e-02	0.400383	0.402031	+1.551801309300e+00	+1.551801309304e+00	2.552e-12	1.590e-11	0	0.921553251	0.924020177	7.264442e-01	9.296982e-01	0
(15,13,0)	-0.812500	2.159845	1.964491e-02	0.400383	0.402031	+1.307912384898e+00	+1.307912384902e+00	2.858e-12	7.453e-11	0	0.919317796	0.926344137	7.247844e-01	9.252470e-01	0
(15,13,0)	-0.812500	2.552544	1.964491e-02	0.400383	0.402031	+9.627890502646e-01	+9.627890502927e-01	2.918e-11	1.125e-10	0	0.917634543	0.928152601	7.235142e-01	9.218258e-01	0
(15,13,0)	-0.812500	2.945243	1.964491e-02	0.400383	0.402031	+7.185997601308e-01	+7.185997601086e-01	3.093e-11	1.792e-10	0	0.916733409	0.929142303	7.228267e-01	9.199689e-01	0
(15,13,0)	-0.687500	0.196350	1.964491e-02	0.400383	0.402031	+4.348614327473e-01	+4.348614327409e-01	1.477e-11	3.825e-10	0	0.908094668	0.918859317	6.716694e-01	9.786606e-01	0
(15,13,0)	-0.687500	0.589049	1.964491e-02	0.400383	0.402031	+6.763326402915e-01	+6.763326402990e-01	1.101e-11	1.780e-10	0	0.908867684	0.917991490	6.725258e-01	9.808348e-01	0
(15,13,0)	-0.687500	0.981748	1.964491e-02	0.400383	0.402031	+1.017577474127e+00	+1.017577474131e+00	3.708e-12	9.711e-11	0	0.910315364	0.916409785	6.741081e-01	9.848394e-01	0
(15,13,0)	-0.687500	1.374447	1.964491e-02	0.400383	0.402031	+1.258699500500e+00	+1.258699500505e+00	3.851e-12	3.736e-11	0	0.912245409	0.914385011	6.761756e-01	9.900474e-01	0
(15,13,0)	-0.687500	1.767146	1.964491e-02	0.400383	0.402031	+1.258699500500e+00	+1.258699500503e+00	2.956e-12	3.736e-11	0	0.912245409	0.914385011	6.761756e-01	9.900474e-01	0
(15,13,0)	-0.687500	2.159845	1.964491e-02	0.400383	0.402031	+1.017577474127e+00	+1.017577474129e+00	1.965e-12	2.234e-11	0	0.910315364	0.916409785	6.741081e-01	9.848394e-01	0
(15,13,0)	-0.687500	2.552544	1.964491e-02	0.400383	0.402031	+6.763326402915e-01	+6.763326402990e-01	1.101e-11	1.780e-10	0	0.908867684	0.917991490	6.725258e-01	9.808348e-01	0
(15,13,0)	-0.687500	2.945243	1.964491e-02	0.400383	0.402031	+4.348614327473e-01	+4.348614327188e-01	6.560e-11	2.626e-10	0	0.908094668	0.918859317	6.716694e-01	9.786606e-01	0
(15,13,0)	-0.562500	0.196350	1.964491e-02	0.400383	0.402031	+3.212550999023e-01	+3.212550999430e-01	1.269e-10	3.709e-10	0	0.921184171	0.929682439	6.208422e-01	1.022083e+00	0
(15,13,0)	-0.562500	0.589049	1.964491e-02	0.400383	0.402031	+5.421623240612e-01	+5.421623240773e-01	2.955e-11	3.638e-10	0	0.921785887	0.928988273	6.218172e-01	1.024453e+00	0
(15,13,0)	-0.562500	0.981748	1.964491e-02	0.400383	0.402031	+8.543397205723e-01	+8.543397205508e-01	2.507e-11	4.839e-11	0	0.922916490	0.927726989	6.236188e-01	1.028818e+00	0
(15,13,0)	-0.562500	1.374447	1.964491e-02	0.400383	0.402031	+1.074918172023e+00	+1.074918172020e+00	2.793e-12	4.580e-11	0	0.924431194	0.926119925	6.259727e-01	1.034493e+00	0
(15,13,0)	-0.562500	1.767146	1.964491e-02	0.400383	0.402031	+1.074918172023e+00	+1.074918172016e+00	6.743e-12	5.235e-11	0	0.924431194	0.926119925	6.259727e-01	1.034493e+00	0
(15,13,0)	-0.562500	2.159845	1.964491e-02	0.400383	0.402031	+8.543397205723e-01	+8.543397205667e-01	6.452e-12	5.997e-11	0	0.922916490	0.927726989	6.236188e-01	1.028818e+00	0
(15,13,0)	-0.562500	2.552544	1.964491e-02	0.400383	0.402031	+5.421623240612e-01	+5.421623240806e-01	3.572e-11	2.790e-10	0	0.921785887	0.928988273	6.218172e-01	1.024453e+00	0
(15,13,0)	-0.562500	2.945243	1.964491e-02	0.400383	0.402031	+3.212550999023e-01	+3.212550998542e-01	1.496e-10	3.250e-10	0	0.921184171	0.929682439	6.208422e-01	1.022083e+00	0
(15,13,0)	-0.437500	0.196350	1.964491e-02	0.400383	0.402031	+2.644752325824e-01	+2.644752325699e-01	4.752e-11	2.674e-10	0	0.949267558	0.955209702	5.702333e-01	1.051864e+00	0
(15,13,0)	-0.437500	0.589049	1.964491e-02	0.400383	0.402031	+4.655956413703e-01	+4.655956413499e-01	4.391e-11	1.366e-10	0	0.949677315	0.954712740	5.712938e-01	1.054368e+00	0
(15,13,0)	-0.437500	0.981748	1.964491e-02	0.400383	0.402031	+7.498194960413e-01	+7.498194960336e-01	1.030e-11	9.055e-11	0	0.950452097	0.953814695	5.732532e-01	1.058981e+00	0
(15,13,0)	-0.437500	1.374447	1.964491e-02	0.400383	0.402031	+9.506524731961e-01	+9.506524731965e-01	4.343e-13	4.145e-11	0	0.951499690	0.952679989	5.758133e-01	1.064977e+00	0
(15,13,0)	-0.437500	1.767146	1.964491e-02	0.400383	0.402031	+9.506524731961e-01	+9.506524731901e-01	6.245e-12	4.391e-11	0	0.951499690	0.952679989	5.758133e-01	1.064977e+00	0
(15,13,0)	-0.437500	2.159845	1.964491e-02	0.400383	0.402031	+7.498194960413e-01	+7.498194960329e-01	1.118e-11	4.290e-11	0	0.950452097	0.953814695	5.732532e-01	1.058981e+00	0
(15,13,0)	-0.437500	2.552544	1.964491e-02	0.400383	0.402031	+4.655956413703e-01	+4.655956413537e-01	3.575e-11	2.284e-10	0	0.949677315	0.954712740	5.712938e-01	1.054368e+00	0
(15,13,0)	-0.437500	2.945243	1.964491e-02	0.400383	0.402031	+2.644752325824e-01	+2.644752325773e-01	1.952e-11	5.460e-10	0	0.949267558	0.955209702	5.702333e-01	1.051864e+00	0
(15,13,0)	-0.312500	0.196350	1.964491e-02	0.400383	0.402031	+2.224125596379e-01	+2.224125596448e-01	3.088e-11	7.378e-10	0	0.982273561	0.985350635	5.197927e-01	1.069027e+00	0
(15,13,0)	-0.312500	0.589049	1.964491e-02	0.400383	0.402031	+4.086857550228e-01	+4.086857550173e-01	1.348e-11	2.701e-10	0	0.982468725	0.985075322	5.209130e-01	1.071631e+00	0
(15,13,0)	-0.312500	0.981748	1.964491e-02	0.400383	0.402031	+6.719442036918e-01	+6.719442036918e-01	5.469e-14	1.315e-10	0	0.982845501	0.984585265	5.229828e-01	1.076424e+00	0
(15,13,0)	-0.312500	1.374447	1.964491e-02	0.400383	0.402031	+8.579748154436e-01	+8.579748154447e-01	1.296e-12	3.200e-11	0	0.983370130	0.983980665	5.256873e-01	1.082656e+00	0
(15,13,0)	-0.312500	1.767146	1.964491e-02	0.400383	0.402031	+8.579748154436e-01	+8.579748154428e-01	9.779e-13	2.940e-11	0	0.983370130	0.983980665	5.256873e-01	1.082656e+00	0
(15,13,0)	-0.312500	2.159845	1.964491e-02	0.400383	0.402031	+6.719442036918e-01	+6.719442036986e-01	1.006e-11	9.532e-11	0	0.982845501	0.984585265	5.229828e-01	1.076424e+00	0
(15,13,0)	-0.312500	2.552544	1.964491e-02	0.400383	0.402031	+4.086857550228e-01	+4.086857550173e-01	1.348e-11	2.701e-10	0	0.982468725	0.985075322	5.209130e-01	1.071631e+00	0
(15,13,0)	-0.312500	2.945243	1.964491e-02	0.400383	0.402031	+2.224125596379e-01	+2.224125596552e-01	7.779e-11	6.637e-10	0	0.982273561	0.985350635	5.197927e-01	1.069027e+00	0
(15,13,0)	-0.187500	0.196350	1.964491e-02	0.400383	0.402031	+1.769634411467e-01	+1.769634411999e-01	3.008e-10	4.016e-09	0	0.999872192	0.999994803	4.694943e-01	1.074118e+00	0
(15,13,0)	-0.187500	0.589049	1.964491e-02	0.400383	0.402031	+3.525251453656e-01	+3.525251453314e-01	9.688e-11	2.000e-09	0	0.999845271	0.999978850	4.706527e-01	1.076797e+00	0
(15,13,0)	-0.187500	0.981748	1.964491e-02	0.400383	0.402031	+6.006661425453e-01	+6.006661426086e-01	1.054e-10	1.043e-09	0	0.999812014	0.999972207	4.727930e-01	1.081730e+00	0
(15,13,0)	-0.187500	1.374447	1.964491e-02	0.400383	0.402031	+7.760289215257e-01	+7.760289214843e-01	5.333e-11	1.174e-09	0	0.999799976	0.999970073	4.755896e-01	1.088141e+00	0
(15,13,0)	-0.187500	1.767146	1.964491e-02	0.400383	0.402031	+7.760289215257e-01	+7.760289214805e-01	5.828e-11	1.156e-09	0	0.999799976	0.999970073	4.755896e-01	1.088141e+00	0
(15,13,0)	-0.187500	2.159845	1.964491e-02	0.400383	0.402031	+6.006661425453e-01	+6.006661426184e-01	1.216e-10	1.043e-09	0	0.999812014	0.999972207	4.727930e-01	1.081730e+00	0
(15,13,0)	-0.187500	2.552544	1.964491e-02	0.400383	0.402031	+3.525251453656e-01	+3.525251453392e-01	7.478e-11	2.000e-09	0	0.999845271	0.999978850	4.706527e-01	1.076797e+00	0
(15,13,0)	-0.187500	2.945243	1.964491e-02	0.400383	0.402031	+1.769634411467e-01	+1.769634412031e-01	3.189e-10	4.016e-09	0	0.999872192	0.999994803	4.694943e-01	1.074118e+00	0
(15,13,0)	-0.062500	0.196350	1.964491e-02	0.400383	0.402031	+1.208898102253e-01	+1.208898102324e-01	5.883e-11	7.440e-10	0	0.967514424	0.970942886	4.193242e-01	1.067276e+00	0
(15,13,0)	-0.062500	0.589049	1.964491e-02	0.400383	0.402031	+2.867673287855e-01	+2.867673287868e-01	4.612e-12	2.508e-10	0	0.967746042	0.970654240	4.205012e-01	1.070016e+00	0
(15,13,0)	-0.062500	0.981748	1.964491e-02	0.400383	0.402031	+5.212425399412e-01	+5.212425399490e-01	1.500e-11	2.395e-10	0	0.968187451	0.970132241	4.226759e-01	1.075059e+00	0
(15,13,0)	-0.062500	1.374447	1.964491e-02	0.400383	0.402031	+6.869631444727e-01	+6.869631444812e-01	1.237e-11	3.339e-11	0	0.968789716	0.969473031	4.255174e-01	1.081614e+00	0
(15,13,0)	-0.062500	1.767146	1.964491e-02	0.400383	0.402031	+6.869631444727e-01	+6.869631444735e-01	1.262e-12	3.879e-11	0	0.968789716	0.969473031	4.255174e-01	1.081614e+00	0
(15,13,0)	-0.062500	2.159845	1.964491e-02	0.400383	0.402031	+5.212425399412e-01	+5.212425399456e-01	8.319e-12	9.020e-11	0	0.968187451	0.970132241	4.226759e-01	1.075059e+00	0
(15,13,0)	-0.062500	2.552544	1.964491e-02	0.400383	0.402031	+2.867673287855e-01	+2.867673287932e-01	2.696e-11	2.712e-10	0	0.967746042	0.970654240	4.205012e-01	1.070016e+00	0
(15,13,0)	-0.062500	2.945243	1.964491e-02	0.400383	0.402031	+1.208898102253e-01	+1.208898102151e-01	8.385e-11	4.805e-10	0	0.967514424	0.970942886	4.193242e-01	1.067276e+00	0
(15,13,0)	0.062500	0.196350	1.964491e-02	0.400383	0.402031	+5.608546917723e-02	+5.608546917618e-02	1.877e-11	1.590e-09	0	0.867499452	0.873757958	3.692763e-01	1.048254e+00	0
(15,13,0)	0.062500	0.589049	1.964491e-02	0.400383	0.402031	+2.101204656111e-01	+2.101204656078e-01	1.607e-11	1.515e-10	0	0.867955013	0.873262088	3.704533e-01	1.051043e+00	0
(15,13,0)	0.062500	0.981748	1.964491e-02	0.400383	0.402031	+4.278757156004e-01	+4.278757155960e-01	1.043e-11	1.154e-10	0	0.868806390	0.872353756	3.726281e-01	1.056178e+00	0
(15,13,0)	0.062500	1.374447	1.964491e-02	0.400383	0.402031	+5.817932254234e-01	+5.817932254218e-01	2.841e-12	2.824e-11	0	0.869936960	0.871182950	3.754695e-01	1.062848e+00	0
(15,13,0)	0.062500	1.767146	1.964491e-02	0.400383	0.402031	+5.817932254234e-01	+5.817932254240e-01	9.873e-13	1.946e-11	0	0.869936960	0.871182950	3.754695e-01	1.062848e+00	0
(15,13,0)	0.062500	2.159845	1.964491e-02	0.400383	0.402031	+4.278757156004e-01	+4.278757155934e-01	1.643e-11	9.905e-11	0	0.868806390	0.872353756	3.726281e-01	1.056178e+00	0
(15,13,0)	0.062500	2.552544	1.964491e-02	0.400383	0.402031	+2.101204656111e-01	+2.101204656131e-01	9.489e-12	2.874e-10	0	0.867955013	0.873262088	3.704533e-01	1.051043e+00	0
(15,13,0)	0.062500	2.945243	1.964491e-02	0.400383	0.402031	+5.608546917723e-02	+5.608546918447e-02	1.291e-10	1.590e-09	0	0.867499452	0.873757958	3.692763e-01	1.048254e+00	0
(15,13,0)	0.187500	0.196350	1.964491e-02	0.400383	0.402031	-8.070582620500e-03	-8.070582614949e-03	6.878e-10	4.710e-09	0	0.718758359	0.726845798	3.193507e-01	1.016368e+00	0
(15,13,0)	0.187500	0.589049	1.964491e-02	0.400383	0.402031	+1.313174246714e-01	+1.313174246588e-01	9.634e-11	3.981e-10	0	0.719361803	0.726219003	3.205091e-01	1.019199e+00	0
(15,13,0)	0.187500	0.981748	1.964491e-02	0.400383	0.402031	+3.283825547887e-01	+3.283825547904e-01	5.230e-12	1.098e-10	0	0.720482522	0.725065302	3.226495e-01	1.024410e+00	0
(15,13,0)	0.187500	1.374447	1.964491e-02	0.400383	0.402031	+4.676867856320e-01	+4.676867856258e-01	1.324e-11	3.774e-11	0	0.721957519	0.723567012	3.254460e-01	1.031177e+00	0
(15,13,0)	0.187500	1.767146	1.964491e-02	0.400383	0.402031	+4.676867856320e-01	+4.676867856319e-01	2.823e-13	4.606e-11	0	0.721957519	0.723567012	3.254460e-01	1.031177e+00	0
(15,13,0)	0.187500	2.159845	1.964491e-02	0.400383	0.402031	+3.283825547887e-01	+3.283825547954e-01	2.034e-11	1.018e-10	0	0.720482522	0.725065302	3.226495e-01	1.024410e+00	0
(15,13,0)	0.187500	2.552544	1.964491e-02	0.400383	0.402031	+1.313174246714e-01	+1.313174246825e-01	8.433e-11	1.413e-10	0	0.719361803	0.726219003	3.205091e-01	1.019199e+00	0
(15,13,0)	0.187500	2.945243	1.964491e-02	0.400383	0.402031	-8.070582620500e-03	-8.070582626515e-03	7.454e-10	4.710e-09	0	0.718758359	0.726845798	3.193507e-01	1.016368e+00	0
(15,13,0)	0.312500	0.196350	1.964491e-02	0.400383	0.402031	-6.172507761830e-02	-6.172507761469e-02	5.854e-11	6.764e-10	0	0.562935182	0.571854135	2.695534e-01	9.703666e-01	0
(15,13,0)	0.312500	0.589049	1.964491e-02	0.400383	0.402031	+6.183566893793e-02	+6.183566895008e-02	1.965e-10	5.472e-10	0	0.563609283	0.571171063	2.706736e-01	9.732338e-01	0
(15,13,0)	0.312500	0.981748	1.964491e-02	0.400383	0.402031	+2.365354001787e-01	+2.365354001690e-01	4.109e-11	1.383e-10	0	0.564857225	0.569910465	2.727435e-01	9.785097e-01	0
(15,13,0)	0.312500	1.374447	1.964491e-02	0.400383	0.402031	+3.600374246773e-01	+3.600374246764e-01	2.497e-12	3.348e-11	0	0.566492073	0.568266689	2.754480e-01	9.853604e-01	0
(15,13,0)	0.312500	1.767146	1.964491e-02	0.400383	0.402031	+3.600374246773e-01	+3.600374246763e-01	2.911e-12	3.348e-11	0	0.566492073	0.568266689	2.754480e-01	9.853604e-01	0
(15,13,0)	0.312500	2.159845	1.964491e-02	0.400383	0.402031	+2.365354001787e-01	+2.365354001740e-01	2.021e-11	1.673e-10	0	0.564857225	0.569910465	2.727435e-01	9.785097e-01	0
(15,13,0)	0.312500	2.552544	1.964491e-02	0.400383	0.402031	+6.183566893793e-02	+6.183566895008e-02	1.965e-10	5.472e-10	0	0.563609283	0.571171063	2.706736e-01	9.732338e-01	0
(15,13,0)	0.312500	2.945243	1.964491e-02	0.400383	0.402031	-6.172507761830e-02	-6.172507761048e-02	1.267e-10	5.022e-10	0	0.562935182	0.571854135	2.695534e-01	9.703666e-01	0
(15,13,0)	0.437500	0.196350	1.964491e-02	0.400383	0.402031	-9.980251032520e-02	-9.980251032125e-02	3.961e-11	4.328e-10	0	0.426650806	0.435741161	2.198983e-01	9.081443e-01	0
(15,13,0)	0.437500	0.589049	1.964491e-02	0.400383	0.402031	+8.145817857389e-03	+8.145817842622e-03	1.813e-09	1.720e-08	0	0.427343696	0.435050492	2.209587e-01	9.110441e-01	0
(15,13,0)	0.437500	0.981748	1.964491e-02	0.400383	0.402031	+1.607775308872e-01	+1.607775308955e-01	5.157e-11	2.349e-10	0	0.428623745	0.433773606	2.229181e-01	9.163782e-01	0
(15,13,0)	0.437500	1.374447	1.964491e-02	0.400383	0.402031	+2.686830710229e-01	+2.686830710220e-01	3.189e-12	7.367e-11	0	0.430295564	0.432104040	2.254782e-01	9.233010e-01	0
(15,13,0)	0.437500	1.767146	1.964491e-02	0.400383	0.402031	+2.686830710229e-01	+2.686830710204e-01	9.445e-12	2.205e-11	0	0.430295564	0.432104040	2.254782e-01	9.233010e-01	0
(15,13,0)	0.437500	2.159845	1.964491e-02	0.400383	0.402031	+1.607775308872e-01	+1.607775308794e-01	4.884e-11	1.723e-10	0	0.428623745	0.433773606	2.229181e-01	9.163782e-01	0
(15,13,0)	0.437500	2.552544	1.964491e-02	0.400383	0.402031	+8.145817857385e-03	+8.145817849670e-03	9.471e-10	2.562e-08	0	0.427343696	0.435050492	2.209587e-01	9.110441e-01	0
(15,13,0)	0.437500	2.945243	1.964491e-02	0.400383	0.402031	-9.980251032520e-02	-9.980251031055e-02	1.468e-10	6.296e-10	0	0.426650806	0.435741161	2.198983e-01	9.081443e-01	0
(15,13,0)	0.562500	0.196350	1.964491e-02	0.400383	0.402031	-1.211670860903e-01	-1.211670860962e-01	4.826e-11	7.891e-10	0	0.315713776	0.324627681	1.704114e-01	8.261228e-01	0
(15,13,0)	0.562500	0.589049	1.964491e-02	0.400383	0.402031	-2.847129554371e-02	-2.847129556039e-02	5.862e-10	2.676e-09	0	0.316397804	0.323954757	1.713864e-01	8.290533e-01	0
(15,13,0)	0.562500	0.981748	1.964491e-02	0.400383	0.402031	+1.025957721746e-01	+1.025957721740e-01	5.834e-12	2.141e-10	0	0.317659390	0.322708888	1.731880e-01	8.344410e-01	0
(15,13,0)	0.562500	1.374447	1.964491e-02	0.400383	0.402031	+1.952568288949e-01	+1.952568288949e-01	3.653e-14	1.612e-10	0	0.319303114	0.321076287	1.755419e-01	8.414285e-01	0
(15,13,0)	0.562500	1.767146	1.964491e-02	0.400383	0.402031	+1.952568288949e-01	+1.952568288946e-01	1.239e-12	9.025e-11	0	0.319303114	0.321076287	1.755419e-01	8.414285e-01	0
(15,13,0)	0.562500	2.159845	1.964491e-02	0.400383	0.402031	+1.025957721746e-01	+1.025957721709e-01	3.698e-11	2.373e-10	0	0.317659390	0.322708888	1.731880e-01	8.344410e-01	0
(15,13,0)	0.562500	2.552544	1.964491e-02	0.400383	0.402031	-2.847129554371e-02	-2.847129554343e-02	9.519e-12	1.716e-09	0	0.316397804	0.323954757	1.713864e-01	8.290533e-01	0
(15,13,0)	0.562500	2.945243	1.964491e-02	0.400383	0.402031	-1.211670860904e-01	-1.211670860980e-01	6.341e-11	7.703e-10	0	0.315713776	0.324627681	1.704114e-01	8.261228e-01	0
(15,13,0)	0.687500	0.196350	1.964491e-02	0.400383	0.402031	-1.257603687370e-01	-1.257603687303e-01	5.351e-11	7.013e-10	0	0.225979861	0.234552596	1.211429e-01	7.177178e-01	0
(15,13,0)	0.687500	0.589049	1.964491e-02	0.400383	0.402031	-4.876971055389e-02	-4.876971054198e-02	2.441e-10	8.332e-10	0	0.226642058	0.233909516	1.219993e-01	7.206796e-01	0
(15,13,0)	0.687500	0.981748	1.964491e-02	0.400383	0.402031	+6.008793178791e-02	+6.008793178761e-02	5.042e-12	1.012e-09	0	0.227861402	0.232717214	1.235816e-01	7.261205e-01	0
(15,13,0)	0.687500	1.374447	1.964491e-02	0.400383	0.402031	+1.370452489966e-01	+1.370452489949e-01	1.221e-11	7.101e-11	0	0.229446321	0.231151418	1.256491e-01	7.331685e-01	0
(15,13,0)	0.687500	1.767146	1.964491e-02	0.400383	0.402031	+1.370452489966e-01	+1.370452489940e-01	1.892e-11	1.215e-10	0	0.229446321	0.231151418	1.256491e-01	7.331685e-01	0
(15,13,0)	0.687500	2.159845	1.964491e-02	0.400383	0.402031	+6.008793178791e-02	+6.008793178839e-02	7.876e-12	9.089e-10	0	0.227861402	0.232717214	1.235816e-01	7.261205e-01	0
(15,13,0)	0.687500	2.552544	1.964491e-02	0.400383	0.402031	-4.876971055389e-02	-4.876971054198e-02	2.441e-10	8.332e-10	0	0.226642058	0.233909516	1.219993e-01	7.206796e-01	0
(15,13,0)	0.687500	2.945243	1.964491e-02	0.400383	0.402031	-1.257603687370e-01	-1.257603687442e-01	5.723e-11	5.548e-10	0	0.225979861	0.234552596	1.211429e-01	7.177178e-01	0
(15,13,0)	0.812500	0.196350	1.964491e-02	0.400383	0.402031	-1.117653977163e-01	-1.117653977182e-01	1.715e-11	5.707e-10	0	0.150192482	0.158331667	7.220444e-02	5.685084e-01	0
(15,13,0)	0.812500	0.589049	1.964491e-02	0.400383	0.402031	-5.269139494126e-02	-5.269139493532e-02	1.127e-10	8.133e-10	0	0.150826599	0.157726118	7.289191e-02	5.715084e-01	0
(15,13,0)	0.812500	0.981748	1.964491e-02	0.400383	0.402031	+3.082416271691e-02	+3.082416271820e-02	4.158e-11	1.466e-09	0	0.151991756	0.156601349	7.416219e-02	5.770105e-01	0
(15,13,0)	0.812500	1.374447	1.964491e-02	0.400383	0.402031	+8.985902685014e-02	+8.985902685159e-02	1.608e-11	2.005e-10	0	0.153501554	0.155120099	7.582190e-02	5.841213e-01	0
(15,13,0)	0.812500	1.767146	1.964491e-02	0.400383	0.402031	+8.985902685014e-02	+8.985902685061e-02	5.162e-12	1.291e-10	0	0.153501554	0.155120099	7.582190e-02	5.841213e-01	0
(15,13,0)	0.812500	2.159845	1.964491e-02	0.400383	0.402031	+3.082416271692e-02	+3.082416271937e-02	7.959e-11	1.466e-09	0	0.151991756	0.156601349	7.416219e-02	5.770105e-01	0
(15,13,0)	0.812500	2.552544	1.964491e-02	0.400383	0.402031	-5.269139494126e-02	-5.269139495685e-02	2.959e-10	1.137e-09	0	0.150826599	0.157726118	7.289191e-02	5.715084e-01	0
(15,13,0)	0.812500	2.945243	1.964491e-02	0.400383	0.402031	-1.117653977163e-01	-1.117653977154e-01	7.688e-12	6.976e-10	0	0.150192482	0.158331667	7.220444e-02	5.685084e-01	0
(15,13,0)	0.937500	0.196350	1.964491e-02	0.400383	0.402031	-6.691316770685e-02	-6.691316770401e-02	4.240e-11	1.129e-09	0	0.076749998	0.084186633	2.397672e-02	3.295775e-01	0
(15,13,0)	0.937500	0.589049	1.964491e-02	0.400383	0.402031	-3.324883083020e-02	-3.324883083267e-02	7.438e-11	6.628e-10	0	0.077340200	0.083643018	2.438709e-02	3.326602e-01	0
(15,13,0)	0.937500	0.981748	1.964491e-02	0.400383	0.402031	+1.431586273501e-02	+1.431586273127e-02	2.610e-10	2.236e-09	0	0.078419585	0.082629430	2.514536e-02	3.382824e-01	0
(15,13,0)	0.937500	1.374447	1.964491e-02	0.400383	0.402031	+4.791830423665e-02	+4.791830423609e-02	1.168e-11	2.221e-10	0	0.079808781	0.081286695	2.613608e-02	3.454904e-01	0
(15,13,0)	0.937500	1.767146	1.964491e-02	0.400383	0.402031	+4.791830423665e-02	+4.791830423660e-02	9.424e-13	1.492e-10	0	0.079808781	0.081286695	2.613608e-02	3.454904e-01	0
(15,13,0)	0.937500	2.159845	1.964491e-02	0.400383	0.402031	+1.431586273501e-02	+1.431586273285e-02	1.508e-10	2.236e-09	0	0.078419585	0.082629430	2.514536e-02	3.382824e-01	0
(15,13,0)	0.937500	2.552544	1.964491e-02	0.400383	0.402031	-3.324883083020e-02	-3.324883083026e-02	1.910e-12	1.108e-09	0	0.077340200	0.083643018	2.438709e-02	3.326602e-01	0
(15,13,0)	0.937500	2.945243	1.964491e-02	0.400383	0.402031	-6.691316770685e-02	-6.691316770380e-02	4.551e-11	1.293e-09	0	0.076749998	0.084186633	2.397672e-02	3.295775e-01	0
(15,13,15)	-0.937500	0.196350	1.964491e-02	0.461071	0.462969	+1.562446991181e+00	+1.562446991160e+00	1.382e-11	5.760e-11	0	0.976072421	0.983518131	8.921183e-01	9.535622e-01	0
(15,13,15)	-0.937500	0.589049	1.964491e-02	0.461071	0.462969	+1.661387291830e+00	+1.661387291827e+00	1.812e-12	7.398e-11	0	0.976624463	0.982936311	8.925909e-01	9.546321e-01	0
(15,13,15)	-0.937500	0.981748	1.964491e-02	0.461071	0.462969	+1.801282894003e+00	+1.801282893986e+00	9.691e-12	1.742e-11	0	0.977650763	0.981867902	8.934641e-01	9.566057e-01	0
(15,13,15)	-0.937500	1.374447	1.964491e-02	0.461071	0.462969	+1.900184855850e+00	+1.900184855853e+00	1.307e-12	2.013e-11	0	0.979004053	0.980484840	8.946050e-01	9.591784e-01	0
(15,13,15)	-0.937500	1.767146	1.964491e-02	0.461071	0.462969	+1.900184855850e+00	+1.900184855845e+00	2.553e-12	2.013e-11	0	0.979004053	0.980484840	8.946050e-01	9.591784e-01	0
(15,13,15)	-0.937500	2.159845	1.964491e-02	0.461071	0.462969	+1.801282894003e+00	+1.801282893994e+00	4.917e-12	2.730e-11	0	0.977650763	0.981867902	8.934641e-01	9.566057e-01	0
(15,13,15)	-0.937500	2.552544	1.964491e-02	0.461071	0.462969	+1.661387291830e+00	+1.661387291812e+00	1.070e-11	6.203e-11	0	0.976624463	0.982936311	8.925909e-01	9.546321e-01	0
(15,13,15)	-0.937500	2.945243	1.964491e-02	0.461071	0.462969	+1.562446991181e+00	+1.562446991165e+00	1.078e-11	5.760e-11	0	0.976072421	0.983518131	8.921183e-01	9.535622e-01	0
(15,13,15)	-0.812500	0.196350	1.964491e-02	0.461071	0.462969	+9.251849265269e-01	+9.251849265008e-01	2.824e-11	2.489e-10	0	0.954481064	0.963266129	8.323885e-01	1.009319e+00	0
(15,13,15)	-0.812500	0.589049	1.964491e-02	0.461071	0.462969	+1.105002700266e+00	+1.105002700254e+00	1.103e-11	8.678e-11	0	0.955121221	0.962567899	8.331801e-01	1.011011e+00	0
(15,13,15)	-0.812500	0.981748	1.964491e-02	0.461071	0.462969	+1.359197107716e+00	+1.359197107717e+00	3.641e-13	9.389e-11	0	0.956316096	0.961290919	8.346430e-01	1.014132e+00	0
(15,13,15)	-0.812500	1.374447	1.964491e-02	0.461071	0.462969	+1.538864552595e+00	+1.538864552586e+00	5.585e-12	1.459e-11	0	0.957901133	0.959647838	8.365542e-01	1.018194e+00	0
(15,13,15)	-0.812500	1.767146	1.964491e-02	0.461071	0.462969	+1.538864552595e+00	+1.538864552585e+00	6.522e-12	2.360e-11	0	0.957901133	0.959647838	8.365542e-01	1.018194e+00	0
(15,13,15)	-0.812500	2.159845	1.964491e-02	0.461071	0.462969	+1.359197107716e+00	+1.359197107722e+00	4.505e-12	7.379e-11	0	0.956316096	0.961290919	8.346430e-01	1.014132e+00	0
(15,13,15)	-0.812500	2.552544	1.964491e-02	0.461071	0.462969	+1.105002700266e+00	+1.105002700288e+00	2.017e-11	1.428e-10	0	0.955121221	0.962567899	8.331801e-01	1.011011e+00	0
(15,13,15)	-0.812500	2.945243	1.964491e-02	0.461071	0.462969	+9.251849265269e-01	+9.251849264901e-01	3.985e-11	2.489e-10	0	0.954481064	0.963266129	8.323885e-01	1.009319e+00	0
(15,13,15)	-0.687500	0.196350	1.964491e-02	0.461071	0.462969	+6.317455531952e-01	+6.317455531848e-01	1.649e-11	3.989e-10	0	0.952833011	0.960530607	7.734771e-01	1.052212e+00	0
(15,13,15)	-0.687500	0.589049	1.964491e-02	0.461071	0.462969	+8.293693480644e-01	+8.293693480983e-01	4.088e-11	2.697e-10	0	0.953385787	0.959910220	7.744632e-01	1.054235e+00	0
(15,13,15)	-0.687500	0.981748	1.964491e-02	0.461071	0.462969	+1.108705978922e+00	+1.108705978916e+00	5.496e-12	1.011e-10	0	0.954421069	0.958779352	7.762854e-01	1.057962e+00	0
(15,13,15)	-0.687500	1.374447	1.964491e-02	0.461071	0.462969	+1.306123908461e+00	+1.306123908451e+00	7.943e-12	2.752e-11	0	0.955801364	0.957331491	7.786663e-01	1.062811e+00	0
(15,13,15)	-0.687500	1.767146	1.964491e-02	0.461071	0.462969	+1.306123908461e+00	+1.306123908463e+00	9.979e-13	2.221e-11	0	0.955801364	0.957331491	7.786663e-01	1.062811e+00	0
(15,13,15)	-0.687500	2.159845	1.964491e-02	0.461071	0.462969	+1.108705978922e+00	+1.108705978914e+00	7.013e-12	1.011e-10	0	0.954421069	0.958779352	7.762854e-01	1.057962e+00	0
(15,13,15)	-0.687500	2.552544	1.964491e-02	0.461071	0.462969	+8.293693480644e-01	+8.293693480983e-01	4.088e-11	2.697e-10	0	0.953385787	0.959910220	7.744632e-01	1.054235e+00	0
(15,13,15)	-0.687500	2.945243	1.964491e-02	0.461071	0.462969	+6.317455531952e-01	+6.317455531966e-01	2.265e-12	3.989e-10	0	0.952833011	0.960530607	7.734771e-01	1.052212e+00	0
(15,13,15)	-0.562500	0.196350	1.964491e-02	0.461071	0.462969	+4.770266453476e-01	+4.770266453344e-01	2.762e-11	2.002e-10	0	0.964512638	0.970351276	7.149457e-01	1.082898e+00	0
(15,13,15)	-0.562500	0.589049	1.964491e-02	0.461071	0.462969	+6.729063841797e-01	+6.729063842451e-01	9.723e-11	1.609e-10	0	0.964923112	0.969871437	7.160685e-01	1.085135e+00	0
(15,13,15)	-0.562500	0.981748	1.964491e-02	0.461071	0.462969	+9.497685198320e-01	+9.497685198134e-01	1.955e-11	1.503e-10	0	0.965695742	0.969000752	7.181432e-01	1.089257e+00	0
(15,13,15)	-0.562500	1.374447	1.964491e-02	0.461071	0.462969	+1.145431057265e+00	+1.145431057272e+00	5.935e-12	2.708e-11	0	0.966733478	0.967893708	7.208539e-01	1.094619e+00	0
(15,13,15)	-0.562500	1.767146	1.964491e-02	0.461071	0.462969	+1.145431057265e+00	+1.145431057257e+00	6.936e-12	4.231e-11	0	0.966733478	0.967893708	7.208539e-01	1.094619e+00	0
(15,13,15)	-0.562500	2.159845	1.964491e-02	0.461071	0.462969	+9.497685198320e-01	+9.497685198347e-01	2.788e-12	1.133e-10	0	0.965695742	0.969000752	7.181432e-01	1.089257e+00	0
(15,13,15)	-0.562500	2.552544	1.964491e-02	0.461071	0.462969	+6.729063841797e-01	+6.729063842187e-01	5.807e-11	1.609e-10	0	0.964923112	0.969871437	7.160685e-01	1.085135e+00	0
(15,13,15)	-0.562500	2.945243	1.964491e-02	0.461071	0.462969	+4.770266453476e-01	+4.770266453496e-01	4.241e-12	2.002e-10	0	0.964512638	0.970351276	7.149457e-01	1.082898e+00	0
(15,13,15)	-0.437500	0.196350	1.964491e-02	0.461071	0.462969	+3.790646479906e-01	+3.790646480229e-01	8.520e-11	3.732e-10	0	0.983016229	0.986566971	6.566659e-01	1.102143e+00	0
(15,13,15)	-0.437500	0.589049	1.964491e-02	0.461071	0.462969	+5.687862661281e-01	+5.687862661011e-01	4.751e-11	2.803e-10	0	0.983253676	0.986262352	6.578871e-01	1.104534e+00	0
(15,13,15)	-0.437500	0.981748	1.964491e-02	0.461071	0.462969	+8.369475009654e-01	+8.369475009796e-01	1.704e-11	8.334e-11	0	0.983706079	0.985714997	6.601435e-01	1.108937e+00	0
(15,13,15)	-0.437500	1.374447	1.964491e-02	0.461071	0.462969	+1.026463231759e+00	+1.026463231753e+00	5.965e-12	2.463e-11	0	0.984324439	0.985029526	6.630916e-01	1.114665e+00	0
(15,13,15)	-0.437500	1.767146	1.964491e-02	0.461071	0.462969	+1.026463231759e+00	+1.026463231753e+00	5.969e-12	3.898e-11	0	0.984324439	0.985029526	6.630916e-01	1.114665e+00	0
(15,13,15)	-0.437500	2.159845	1.964491e-02	0.461071	0.462969	+8.369475009654e-01	+8.369475009814e-01	1.913e-11	8.743e-11	0	0.983706079	0.985714997	6.601435e-01	1.108937e+00	0
(15,13,15)	-0.437500	2.552544	1.964491e-02	0.461071	0.462969	+5.687862661281e-01	+5.687862661190e-01	1.598e-11	2.171e-10	0	0.983253676	0.986262352	6.578871e-01	1.104534e+00	0
(15,13,15)	-0.437500	2.945243	1.964491e-02	0.461071	0.462969	+3.790646479906e-01	+3.790646480162e-01	6.735e-11	3.732e-10	0	0.983016229	0.986566971	6.566659e-01	1.102143e+00	0
(15,13,15)	-0.312500	0.196350	1.964491e-02	0.461071	0.462969	+3.011354718560e-01	+3.011354718516e-01	1.457e-11	4.748e-10	0	0.998243421	0.999162167	5.985798e-01	1.110430e+00	0
(15,13,15)	-0.312500	0.589049	1.964491e-02	0.461071	0.462969	+4.852656814525e-01	+4.852656814742e-01	4.482e-11	4.580e-10	0	0.998283028	0.999060406	5.998698e-01	1.112937e+00	0
(15,13,15)	-0.312500	0.981748	1.964491e-02	0.461071	0.462969	+7.455348356810e-01	+7.455348356924e-01	1.540e-11	1.587e-10	0	0.998368783	0.998886797	6.022535e-01	1.117553e+00	0
(15,13,15)	-0.312500	1.374447	1.964491e-02	0.461071	0.462969	+9.294808849820e-01	+9.294808849697e-01	1.326e-11	1.470e-10	0	0.998505969	0.998758389	6.053678e-01	1.123557e+00	0
(15,13,15)	-0.312500	1.767146	1.964491e-02	0.461071	0.462969	+9.294808849820e-01	+9.294808849702e-01	1.277e-11	1.667e-10	0	0.998505969	0.998758389	6.053678e-01	1.123557e+00	0
(15,13,15)	-0.312500	2.159845	1.964491e-02	0.461071	0.462969	+7.455348356810e-01	+7.455348357034e-01	3.006e-11	1.313e-10	0	0.998368783	0.998886797	6.022535e-01	1.117553e+00	0
(15,13,15)	-0.312500	2.552544	1.964491e-02	0.461071	0.462969	+4.852656814525e-01	+4.852656814742e-01	4.482e-11	4.580e-10	0	0.998283028	0.999060406	5.998698e-01	1.112937e+00	0
(15,13,15)	-0.312500	2.945243	1.964491e-02	0.461071	0.462969	+3.011354718560e-01	+3.011354718517e-01	1.413e-11	8.521e-10	0	0.998243421	0.999162167	5.985798e-01	1.110430e+00	0
(15,13,15)	-0.187500	0.196350	1.964491e-02	0.461071	0.462969	+2.257112640848e-01	+2.257112640740e-01	4.797e-11	4.350e-10	0	0.992042792	0.994005676	5.406575e-01	1.107948e+00	0
(15,13,15)	-0.187500	0.589049	1.964491e-02	0.461071	0.462969	+4.054244196360e-01	+4.054244196126e-01	5.782e-11	4.430e-10	0	0.992164353	0.993829835	5.419914e-01	1.110545e+00	0
(15,13,15)	-0.187500	0.981748	1.964491e-02	0.461071	0.462969	+6.594655472523e-01	+6.594655472734e-01	3.200e-11	1.236e-10	0	0.992401642	0.993515831	5.444562e-01	1.115329e+00	0
(15,13,15)	-0.187500	1.374447	1.964491e-02	0.461071	0.462969	+8.390208838529e-01	+8.390208838450e-01	9.348e-12	6.113e-11	0	0.992735836	0.993143855	5.476766e-01	1.121548e+00	0
(15,13,15)	-0.187500	1.767146	1.964491e-02	0.461071	0.462969	+8.390208838529e-01	+8.390208838514e-01	1.808e-12	5.907e-11	0	0.992735836	0.993143855	5.476766e-01	1.121548e+00	0
(15,13,15)	-0.187500	2.159845	1.964491e-02	0.461071	0.462969	+6.594655472523e-01	+6.594655472547e-01	3.699e-12	1.236e-10	0	0.992401642	0.993515831	5.444562e-01	1.115329e+00	0
(15,13,15)	-0.187500	2.552544	1.964491e-02	0.461071	0.462969	+4.054244196360e-01	+4.054244196175e-01	4.572e-11	3.367e-10	0	0.992164353	0.993829835	5.419914e-01	1.110545e+00	0
(15,13,15)	-0.187500	2.945243	1.964491e-02	0.461071	0.462969	+2.257112640848e-01	+2.257112640768e-01	3.565e-11	4.350e-10	0	0.992042792	0.994005676	5.406575e-01	1.107948e+00	0
(15,13,15)	-0.062500	0.196350	1.964491e-02	0.461071	0.462969	+1.459656325487e-01	+1.459656325329e-01	1.082e-10	1.101e-09	0	0.946131994	0.950968140	4.828829e-01	1.094589e+00	0
(15,13,15)	-0.062500	0.589049	1.964491e-02	0.461071	0.462969	+3.209138637719e-01	+3.209138637550e-01	5.287e-11	4.471e-10	0	0.946477771	0.950578942	4.842382e-01	1.097261e+00	0
(15,13,15)	-0.062500	0.981748	1.964491e-02	0.461071	0.462969	+5.682362625296e-01	+5.682362625319e-01	3.946e-12	1.733e-10	0	0.947126912	0.949868440	4.867426e-01	1.102180e+00	0
(15,13,15)	-0.062500	1.374447	1.964491e-02	0.461071	0.462969	+7.430547958608e-01	+7.430547958650e-01	5.759e-12	4.795e-11	0	0.947994498	0.948957496	4.900148e-01	1.108574e+00	0
(15,13,15)	-0.062500	1.767146	1.964491e-02	0.461071	0.462969	+7.430547958608e-01	+7.430547958565e-01	5.771e-12	2.812e-11	0	0.947994498	0.948957496	4.900148e-01	1.108574e+00	0
(15,13,15)	-0.062500	2.159845	1.964491e-02	0.461071	0.462969	+5.682362625296e-01	+5.682362625213e-01	1.463e-11	4.714e-11	0	0.947126912	0.949868440	4.867426e-01	1.102180e+00	0
(15,13,15)	-0.062500	2.552544	1.964491e-02	0.461071	0.462969	+3.209138637719e-01	+3.209138637652e-01	2.085e-11	4.041e-10	0	0.946477771	0.950578942	4.842382e-01	1.097261e+00	0
(15,13,15)	-0.062500	2.945243	1.964491e-02	0.461071	0.462969	+1.459656325487e-01	+1.459656325267e-01	1.506e-10	7.148e-10	0	0.946131994	0.950968140	4.828829e-01	1.094589e+00	0
(15,13,15)	0.062500	0.196350	1.964491e-02	0.461071	0.462969	+6.349941227787e-02	+6.349941227228e-02	8.803e-11	1.299e-09	0	0.852407324	0.859685791	4.252491e-01	1.069935e+00	0
(15,13,15)	0.062500	0.589049	1.964491e-02	0.461071	0.462969	+2.314005766968e-01	+2.314005767064e-01	4.137e-11	2.734e-10	0	0.852945643	0.859117096	4.266044e-01	1.072668e+00	0
(15,13,15)	0.062500	0.981748	1.964491e-02	0.461071	0.462969	+4.687764324198e-01	+4.687764324181e-01	3.600e-12	1.581e-10	0	0.853947591	0.858072231	4.291088e-01	1.077699e+00	0
(15,13,15)	0.062500	1.374447	1.964491e-02	0.461071	0.462969	+6.365754843631e-01	+6.365754843608e-01	3.578e-12	4.968e-11	0	0.855270435	0.856719066	4.323810e-01	1.084237e+00	0
(15,13,15)	0.062500	1.767146	1.964491e-02	0.461071	0.462969	+6.365754843631e-01	+6.365754843640e-01	1.460e-12	5.069e-11	0	0.855270435	0.856719066	4.323810e-01	1.084237e+00	0
(15,13,15)	0.062500	2.159845	1.964491e-02	0.461071	0.462969	+4.687764324198e-01	+4.687764324180e-01	3.792e-12	8.459e-11	0	0.853947591	0.858072231	4.291088e-01	1.077699e+00	0
(15,13,15)	0.062500	2.552544	1.964491e-02	0.461071	0.462969	+2.314005766968e-01	+2.314005767102e-01	5.774e-11	3.749e-10	0	0.852945643	0.859117096	4.266044e-01	1.072668e+00	0
(15,13,15)	0.062500	2.945243	1.964491e-02	0.461071	0.462969	+6.349941227787e-02	+6.349941228158e-02	5.834e-11	1.299e-09	0	0.852407324	0.859685791	4.252491e-01	1.069935e+00	0
(15,13,15)	0.187500	0.196350	1.964491e-02	0.461071	0.462969	-1.429271241479e-02	-1.429271240669e-02	5.668e-10	4.678e-09	0	0.723624109	0.732573832	3.677560e-01	1.033176e+00	0
(15,13,15)	0.187500	0.589049	1.964491e-02	0.461071	0.462969	+1.435103736110e-01	+1.435103736120e-01	7.133e-12	4.258e-10	0	0.724296472	0.731884487	3.690899e-01	1.035961e+00	0
(15,13,15)	0.187500	0.981748	1.964491e-02	0.461071	0.462969	+3.666226048299e-01	+3.666226048366e-01	1.832e-11	1.624e-10	0	0.725543033	0.730613943	3.715547e-01	1.041087e+00	0
(15,13,15)	0.187500	1.374447	1.964491e-02	0.461071	0.462969	+5.243479113179e-01	+5.243479113195e-01	3.044e-12	5.453e-11	0	0.727179593	0.728960448	3.747751e-01	1.047747e+00	0
(15,13,15)	0.187500	1.767146	1.964491e-02	0.461071	0.462969	+5.243479113179e-01	+5.243479113184e-01	9.371e-13	3.545e-11	0	0.727179593	0.728960448	3.747751e-01	1.047747e+00	0
(15,13,15)	0.187500	2.159845	1.964491e-02	0.461071	0.462969	+3.666226048299e-01	+3.666226048390e-01	2.502e-11	1.050e-10	0	0.725543033	0.730613943	3.715547e-01	1.041087e+00	0
(15,13,15)	0.187500	2.552544	1.964491e-02	0.461071	0.462969	+1.435103736110e-01	+1.435103736339e-01	1.593e-10	7.405e-10	0	0.724296472	0.731884487	3.690899e-01	1.035961e+00	0
(15,13,15)	0.187500	2.945243	1.964491e-02	0.461071	0.462969	-1.429271241479e-02	-1.429271240717e-02	5.328e-10	4.678e-09	0	0.723624109	0.732573832	3.677560e-01	1.033176e+00	0
(15,13,15)	0.312500	0.196350	1.964491e-02	0.461071	0.462969	-7.934824534591e-02	-7.934824535742e-02	1.450e-10	7.239e-10	0	0.585331497	0.595152493	3.104107e-01	9.829696e-01	0
(15,13,15)	0.312500	0.589049	1.964491e-02	0.461071	0.462969	+6.589176823475e-02	+6.589176824701e-02	1.861e-10	8.013e-10	0	0.586076345	0.594402726	3.117007e-01	9.858001e-01	0
(15,13,15)	0.312500	0.981748	1.964491e-02	0.461071	0.462969	+2.712504034403e-01	+2.712504034452e-01	1.802e-11	2.070e-10	0	0.587454060	0.593018082	3.140844e-01	9.910091e-01	0
(15,13,15)	0.312500	1.374447	1.964491e-02	0.461071	0.462969	+4.164313947368e-01	+4.164313947338e-01	7.134e-12	4.201e-11	0	0.589256654	0.591210606	3.171987e-01	9.977740e-01	0
(15,13,15)	0.312500	1.767146	1.964491e-02	0.461071	0.462969	+4.164313947368e-01	+4.164313947370e-01	5.739e-13	6.225e-11	0	0.589256654	0.591210606	3.171987e-01	9.977740e-01	0
(15,13,15)	0.312500	2.159845	1.964491e-02	0.461071	0.462969	+2.712504034403e-01	+2.712504034530e-01	4.656e-11	1.897e-10	0	0.587454060	0.593018082	3.140844e-01	9.910091e-01	0
(15,13,15)	0.312500	2.552544	1.964491e-02	0.461071	0.462969	+6.589176823475e-02	+6.589176824701e-02	1.861e-10	8.013e-10	0	0.586076345	0.594402726	3.117007e-01	9.858001e-01	0
(15,13,15)	0.312500	2.945243	1.964491e-02	0.461071	0.462969	-7.934824534591e-02	-7.934824535763e-02	1.477e-10	7.239e-10	0	0.585331497	0.595152493	3.104107e-01	9.829696e-01	0
(15,13,15)	0.437500	0.196350	1.964491e-02	0.461071	0.462969	-1.267055429717e-01	-1.267055429489e-01	1.794e-10	7.599e-10	0	0.457187057	0.467282043	2.532291e-01	9.171488e-01	0
(15,13,15)	0.437500	0.589049	1.964491e-02	0.461071	0.462969	+4.341770404818e-03	+4.341770414936e-03	2.330e-09	4.281e-08	0	0.457957976	0.466516387	2.544503e-01	9.200202e-01	0
(15,13,15)	0.437500	0.981748	1.964491e-02	0.461071	0.462969	+1.896375157812e-01	+1.896375157846e-01	1.759e-11	3.838e-10	0	0.459381500	0.465100326	2.567067e-01	9.253025e-01	0
(15,13,15)	0.437500	1.374447	1.964491e-02	0.461071	0.462969	+3.206379876493e-01	+3.206379876454e-01	1.195e-11	4.682e-11	0	0.461239432	0.463247685	2.596548e-01	9.321591e-01	0
(15,13,15)	0.437500	1.767146	1.964491e-02	0.461071	0.462969	+3.206379876493e-01	+3.206379876510e-01	5.539e-12	2.519e-11	0	0.461239432	0.463247685	2.596548e-01	9.321591e-01	0
(15,13,15)	0.437500	2.159845	1.964491e-02	0.461071	0.462969	+1.896375157812e-01	+1.896375157875e-01	3.306e-11	3.838e-10	0	0.459381500	0.465100326	2.567067e-01	9.253025e-01	0
(15,13,15)	0.437500	2.552544	1.964491e-02	0.461071	0.462969	+4.341770404824e-03	+4.341770408746e-03	9.035e-10	2.117e-08	0	0.457957976	0.466516387	2.544503e-01	9.200202e-01	0
(15,13,15)	0.437500	2.945243	1.964491e-02	0.461071	0.462969	-1.267055429717e-01	-1.267055429507e-01	1.659e-10	7.599e-10	0	0.457187057	0.467282043	2.532291e-01	9.171488e-01	0
(15,13,15)	0.562500	0.196350	1.964491e-02	0.461071	0.462969	-1.544415627819e-01	-1.544415627854e-01	2.263e-11	7.806e-10	0	0.346626416	0.356630927	1.962413e-01	8.320936e-01	0
(15,13,15)	0.562500	0.589049	1.964491e-02	0.461071	0.462969	-3.899250818694e-02	-3.899250817385e-02	3.359e-10	3.197e-09	0	0.347394949	0.355876418	1.973641e-01	8.350032e-01	0
(15,13,15)	0.562500	0.981748	1.964491e-02	0.461071	0.462969	+1.242479821745e-01	+1.242479821649e-01	7.742e-11	4.982e-10	0	0.348812012	0.354479199	1.994388e-01	8.403528e-01	0
(15,13,15)	0.562500	1.374447	1.964491e-02	0.461071	0.462969	+2.396558670720e-01	+2.396558670714e-01	2.381e-12	5.758e-11	0	0.350657594	0.352647658	2.021495e-01	8.472915e-01	0
(15,13,15)	0.562500	1.767146	1.964491e-02	0.461071	0.462969	+2.396558670720e-01	+2.396558670697e-01	9.633e-12	6.558e-11	0	0.350657594	0.352647658	2.021495e-01	8.472915e-01	0
(15,13,15)	0.562500	2.159845	1.964491e-02	0.461071	0.462969	+1.242479821745e-01	+1.242479821786e-01	3.317e-11	2.076e-10	0	0.348812012	0.354479199	1.994388e-01	8.403528e-01	0
(15,13,15)	0.562500	2.552544	1.964491e-02	0.461071	0.462969	-3.899250818695e-02	-3.899250818550e-02	3.708e-11	3.197e-09	0	0.347394949	0.355876418	1.973641e-01	8.350032e-01	0
(15,13,15)	0.562500	2.945243	1.964491e-02	0.461071	0.462969	-1.544415627819e-01	-1.544415627803e-01	1.084e-11	7.806e-10	0	0.346626416	0.356630927	1.962413e-01	8.320936e-01	0
(15,13,15)	0.687500	0.196350	1.964491e-02	0.461071	0.462969	-1.615598011077e-01	-1.615598011137e-01	3.720e-11	4.019e-10	0	0.252755159	0.262467630	1.395050e-01	7.212020e-01	0
(15,13,15)	0.687500	0.589049	1.964491e-02	0.461071	0.462969	-6.373923326023e-02	-6.373923323309e-02	4.257e-10	6.433e-10	0	0.253505839	0.261739455	1.404912e-01	7.241495e-01	0
(15,13,15)	0.687500	0.981748	1.964491e-02	0.461071	0.462969	+7.457027381436e-02	+7.457027379780e-02	2.220e-10	6.183e-10	0	0.254887902	0.260389221	1.423134e-01	7.295645e-01	0
(15,13,15)	0.687500	1.374447	1.964491e-02	0.461071	0.462969	+1.723489116972e-01	+1.723489116961e-01	6.253e-12	2.906e-11	0	0.256683938	0.258615693	1.446942e-01	7.365795e-01	0
(15,13,15)	0.687500	1.767146	1.964491e-02	0.461071	0.462969	+1.723489116972e-01	+1.723489116930e-01	2.423e-11	1.378e-10	0	0.256683938	0.258615693	1.446942e-01	7.365795e-01	0
(15,13,15)	0.687500	2.159845	1.964491e-02	0.461071	0.462969	+7.457027381436e-02	+7.457027381035e-02	5.366e-11	4.553e-10	0	0.254887902	0.260389221	1.423134e-01	7.295645e-01	0
(15,13,15)	0.687500	2.552544	1.964491e-02	0.461071	0.462969	-6.373923326023e-02	-6.373923323309e-02	4.257e-10	6.433e-10	0	0.253505839	0.261739455	1.404912e-01	7.241495e-01	0
(15,13,15)	0.687500	2.945243	1.964491e-02	0.461071	0.462969	-1.615598011077e-01	-1.615598011143e-01	4.117e-11	4.019e-10	0	0.252755159	0.262467630	1.395050e-01	7.212020e-01	0
(15,13,15)	0.812500	0.196350	1.964491e-02	0.461071	0.462969	-1.448959043932e-01	-1.448959043987e-01	3.766e-11	2.323e-10	0	0.170364626	0.179656795	8.314876e-02	5.700656e-01	0
(15,13,15)	0.812500	0.589049	1.964491e-02	0.461071	0.462969	-6.862634128969e-02	-6.862634127318e-02	2.405e-10	9.481e-10	0	0.171088797	0.178965665	8.394043e-02	5.730574e-01	0
(15,13,15)	0.812500	0.981748	1.964491e-02	0.461071	0.462969	+3.919909033055e-02	+3.919909033406e-02	8.972e-11	1.075e-09	0	0.172419316	0.177681855	8.540326e-02	5.785448e-01	0
(15,13,15)	0.812500	1.374447	1.964491e-02	0.461071	0.462969	+1.154177564880e-01	+1.154177564819e-01	5.232e-11	9.725e-11	0	0.174143191	0.175990996	8.731453e-02	5.856370e-01	0
(15,13,15)	0.812500	1.767146	1.964491e-02	0.461071	0.462969	+1.154177564880e-01	+1.154177564831e-01	4.217e-11	2.173e-10	0	0.174143191	0.175990996	8.731453e-02	5.856370e-01	0
(15,13,15)	0.812500	2.159845	1.964491e-02	0.461071	0.462969	+3.919909033055e-02	+3.919909033276e-02	5.647e-11	7.253e-10	0	0.172419316	0.177681855	8.540326e-02	5.785448e-01	0
(15,13,15)	0.812500	2.552544	1.964491e-02	0.461071	0.462969	-6.862634128969e-02	-6.862634127821e-02	1.673e-10	1.236e-09	0	0.171088797	0.178965665	8.394043e-02	5.730574e-01	0
(15,13,15)	0.812500	2.945243	1.964491e-02	0.461071	0.462969	-1.448959043932e-01	-1.448959044006e-01	5.085e-11	3.022e-10	0	0.170364626	0.179656795	8.314876e-02	5.700656e-01	0
(15,13,15)	0.937500	0.196350	1.964491e-02	0.461071	0.462969	-8.767193205685e-02	-8.767193205729e-02	4.990e-12	7.122e-10	0	0.087998232	0.096540550	2.761097e-02	3.298502e-01	0
(15,13,15)	0.937500	0.589049	1.964491e-02	0.461071	0.462969	-4.357615864246e-02	-4.357615864895e-02	1.488e-10	1.115e-09	0	0.088676283	0.095916190	2.808354e-02	3.329303e-01	0
(15,13,15)	0.937500	0.981748	1.964491e-02	0.461071	0.462969	+1.872680431766e-02	+1.872680431472e-02	1.571e-10	1.427e-09	0	0.089916281	0.094752020	2.895674e-02	3.385480e-01	0
(15,13,15)	0.937500	1.374447	1.964491e-02	0.461071	0.462969	+6.274091471111e-02	+6.274091471002e-02	1.727e-11	2.518e-10	0	0.091512105	0.093209741	3.009763e-02	3.457504e-01	0
(15,13,15)	0.937500	1.767146	1.964491e-02	0.461071	0.462969	+6.274091471111e-02	+6.274091471127e-02	2.571e-12	2.518e-10	0	0.091512105	0.093209741	3.009763e-02	3.457504e-01	0
(15,13,15)	0.937500	2.159845	1.964491e-02	0.461071	0.462969	+1.872680431766e-02	+1.872680431669e-02	5.180e-11	1.427e-09	0	0.089916281	0.094752020	2.895674e-02	3.385480e-01	0
(15,13,15)	0.937500	2.552544	1.964491e-02	0.461071	0.462969	-4.357615864246e-02	-4.357615864697e-02	1.034e-10	5.847e-10	0	0.088676283	0.095916190	2.808354e-02	3.329303e-01	0
(15,13,15)	0.937500	2.945243	1.964491e-02	0.461071	0.462969	-8.767193205685e-02	-8.767193204753e-02	1.063e-10	7.122e-10	0	0.087998232	0.096540550	2.761097e-02	3.298502e-01	0
(15,14,0)	-0.937500	0.196350	1.174137e-02	0.400433	0.402031	+1.535148592226e+00	+1.535148592201e+00	1.647e-11	6.477e-11	0	0.959644972	0.966292473	7.758261e-01	8.470362e-01	0
(15,14,0)	-0.937500	0.589049	1.174137e-02	0.400433	0.402031	+1.691155337830e+00	+1.691155337829e+00	5.107e-13	1.214e-10	0	0.960141760	0.965777089	7.760714e-01	8.477561e-01	0
(15,14,0)	-0.937500	0.981748	1.174137e-02	0.400433	0.402031	+1.911757364040e+00	+1.911757364051e+00	6.174e-12	3.332e-11	0	0.961063644	0.964828909	7.765246e-01	8.490848e-01	0
(15,14,0)	-0.937500	1.374447	1.174137e-02	0.400433	0.402031	+2.067728998188e+00	+2.067728998185e+00	1.265e-12	1.336e-11	0	0.962275905	0.963598055	7.771167e-01	8.508176e-01	0
(15,14,0)	-0.937500	1.767146	1.174137e-02	0.400433	0.402031	+2.067728998188e+00	+2.067728998186e+00	8.129e-13	1.652e-11	0	0.962275905	0.963598055	7.771167e-01	8.508176e-01	0
(15,14,0)	-0.937500	2.159845	1.174137e-02	0.400433	0.402031	+1.911757364040e+00	+1.911757364047e+00	3.598e-12	3.807e-11	0	0.961063644	0.964828909	7.765246e-01	8.490848e-01	0
(15,14,0)	-0.937500	2.552544	1.174137e-02	0.400433	0.402031	+1.691155337830e+00	+1.691155337840e+00	5.862e-12	5.481e-11	0	0.960141760	0.965777089	7.760714e-01	8.477561e-01	0
(15,14,0)	-0.937500	2.945243	1.174137e-02	0.400433	0.402031	+1.535148592226e+00	+1.535148592190e+00	2.320e-11	6.477e-11	0	0.959644972	0.966292473	7.758261e-01	8.470362e-01	0
(15,14,0)	-0.812500	0.196350	1.174137e-02	0.400433	0.402031	+7.183479535704e-01	+7.183479535562e-01	1.979e-11	1.698e-10	0	0.919272307	0.926690548	7.246841e-01	9.247731e-01	0
(15,14,0)	-0.812500	0.589049	1.174137e-02	0.400433	0.402031	+9.626685919061e-01	+9.626685918912e-01	1.542e-11	8.209e-11	0	0.919821347	0.926109866	7.250950e-01	9.258777e-01	0
(15,14,0)	-0.812500	0.981748	1.174137e-02	0.400433	0.402031	+1.308114193009e+00	+1.308114193006e+00	2.778e-12	9.655e-11	0	0.920842479	0.925043991	7.258542e-01	9.279151e-01	0
(15,14,0)	-0.812500	1.374447	1.174137e-02	0.400433	0.402031	+1.552327423381e+00	+1.552327423380e+00	6.297e-13	1.782e-11	0	0.922189773	0.923665063	7.268462e-01	9.305703e-01	0
(15,14,0)	-0.812500	1.767146	1.174137e-02	0.400433	0.402031	+1.552327423381e+00	+1.552327423372e+00	6.092e-12	2.570e-11	0	0.922189773	0.923665063	7.268462e-01	9.305703e-01	0
(15,14,0)	-0.812500	2.159845	1.174137e-02	0.400433	0.402031	+1.308114193009e+00	+1.308114193015e+00	4.230e-12	8.773e-11	0	0.920842479	0.925043991	7.258542e-01	9.279151e-01	0
(15,14,0)	-0.812500	2.552544	1.174137e-02	0.400433	0.402031	+9.626685919061e-01	+9.626685919190e-01	1.345e-11	1.543e-10	0	0.919821347	0.926109866	7.250950e-01	9.258777e-01	0
(15,14,0)	-0.812500	2.945243	1.174137e-02	0.400433	0.402031	+7.183479535704e-01	+7.183479535421e-01	3.936e-11	1.698e-10	0	0.919272307	0.926690548	7.246841e-01	9.247731e-01	0
(15,14,0)	-0.687500	0.196350	1.174137e-02	0.400433	0.402031	+4.346715229696e-01	+4.346715229656e-01	9.190e-12	1.852e-10	0	0.910281304	0.916716071	6.739669e-01	9.843041e-01	0
(15,14,0)	-0.687500	0.589049	1.174137e-02	0.400433	0.402031	+6.761977435430e-01	+6.761977435527e-01	1.435e-11	3.072e-10	0	0.910754404	0.916209104	6.744788e-01	9.855967e-01	0
(15,14,0)	-0.687500	0.981748	1.174137e-02	0.400433	0.402031	+1.017679118881e+00	+1.017679118874e+00	6.874e-12	5.819e-11	0	0.911635657	0.915279963	6.754245e-01	9.879806e-01	0
(15,14,0)	-0.687500	1.374447	1.174137e-02	0.400433	0.402031	+1.259080511274e+00	+1.259080511270e+00	3.242e-12	2.148e-11	0	0.912801077	0.914080686	6.766602e-01	9.910867e-01	0
(15,14,0)	-0.687500	1.767146	1.174137e-02	0.400433	0.402031	+1.259080511274e+00	+1.259080511271e+00	2.684e-12	2.148e-11	0	0.912801077	0.914080686	6.766602e-01	9.910867e-01	0
(15,14,0)	-0.687500	2.159845	1.174137e-02	0.400433	0.402031	+1.017679118881e+00	+1.017679118878e+00	3.009e-12	4.111e-11	0	0.911635657	0.915279963	6.754245e-01	9.879806e-01	0
(15,14,0)	-0.687500	2.552544	1.174137e-02	0.400433	0.402031	+6.761977435430e-01	+6.761977435527e-01	1.435e-11	3.072e-10	0	0.910754404	0.916209104	6.744788e-01	9.855967e-01	0
(15,14,0)	-0.687500	2.945243	1.174137e-02	0.400433	0.402031	+4.346715229696e-01	+4.346715229796e-01	2.304e-11	1.788e-10	0	0.910281304	0.916716071	6.739669e-01	9.843041e-01	0
(15,14,0)	-0.562500	0.196350	1.174137e-02	0.400433	0.402031	+3.211333441433e-01	+3.211333441348e-01	2.645e-11	3.919e-10	0	0.922909019	0.927988876	6.234470e-01	1.028244e+00	0
(15,14,0)	-0.562500	0.589049	1.174137e-02	0.400433	0.402031	+5.420582806235e-01	+5.420582806269e-01	6.179e-12	2.604e-10	0	0.923279414	0.927585460	6.240297e-01	1.029653e+00	0
(15,14,0)	-0.562500	0.981748	1.174137e-02	0.400433	0.402031	+8.544102106509e-01	+8.544102106343e-01	1.941e-11	1.291e-10	0	0.923970699	0.926847484	6.251065e-01	1.032251e+00	0
(15,14,0)	-0.562500	1.374447	1.174137e-02	0.400433	0.402031	+1.075217631248e+00	+1.075217631246e+00	2.561e-12	1.226e-11	0	0.924887543	0.925897631	6.265134e-01	1.035635e+00	0
(15,14,0)	-0.562500	1.767146	1.174137e-02	0.400433	0.402031	+1.075217631248e+00	+1.075217631245e+00	3.545e-12	2.441e-11	0	0.924887543	0.925897631	6.265134e-01	1.035635e+00	0
(15,14,0)	-0.562500	2.159845	1.174137e-02	0.400433	0.402031	+8.544102106509e-01	+8.544102106441e-01	7.887e-12	1.239e-10	0	0.923970699	0.926847484	6.251065e-01	1.032251e+00	0
(15,14,0)	-0.562500	2.552544	1.174137e-02	0.400433	0.402031	+5.420582806235e-01	+5.420582806066e-01	3.128e-11	3.278e-10	0	0.923279414	0.927585460	6.240297e-01	1.029653e+00	0
(15,14,0)	-0.562500	2.945243	1.174137e-02	0.400433	0.402031	+3.211333441433e-01	+3.211333441366e-01	2.091e-11	3.919e-10	0	0.922909019	0.927988876	6.234470e-01	1.028244e+00	0
(15,14,0)	-0.437500	0.196350	1.174137e-02	0.400433	0.402031	+2.643991525040e-01	+2.643991525108e-01	2.594e-11	4.630e-10	0	0.950478630	0.954030614	5.730576e-01	1.058380e+00	0
(15,14,0)	-0.437500	0.589049	1.174137e-02	0.400433	0.402031	+4.655221822996e-01	+4.655221822741e-01	5.484e-11	1.084e-10	0	0.950733658	0.953744440	5.736914e-01	1.059868e+00	0
(15,14,0)	-0.437500	0.981748	1.174137e-02	0.400433	0.402031	+7.498804418696e-01	+7.498804418848e-01	2.018e-11	5.767e-11	0	0.951211369	0.953222690	5.748625e-01	1.062613e+00	0
(15,14,0)	-0.437500	1.374447	1.174137e-02	0.400433	0.402031	+9.509007392372e-01	+9.509007392291e-01	8.433e-12	1.886e-11	0	0.951848374	0.952554551	5.763926e-01	1.066189e+00	0
(15,14,0)	-0.437500	1.767146	1.174137e-02	0.400433	0.402031	+9.509007392372e-01	+9.509007392376e-01	4.715e-13	2.476e-11	0	0.951848374	0.952554551	5.763926e-01	1.066189e+00	0
(15,14,0)	-0.437500	2.159845	1.174137e-02	0.400433	0.402031	+7.498804418696e-01	+7.498804418685e-01	1.581e-12	3.583e-11	0	0.951211369	0.953222690	5.748625e-01	1.062613e+00	0
(15,14,0)	-0.437500	2.552544	1.174137e-02	0.400433	0.402031	+4.655221822997e-01	+4.655221822823e-01	3.735e-11	1.898e-10	0	0.950733658	0.953744440	5.736914e-01	1.059868e+00	0
(15,14,0)	-0.437500	2.945243	1.174137e-02	0.400433	0.402031	+2.643991525040e-01	+2.643991525360e-01	1.213e-10	6.534e-10	0	0.950478630	0.954030614	5.730576e-01	1.058380e+00	0
(15,14,0)	-0.312500	0.196350	1.174137e-02	0.400433	0.402031	+2.223665086010e-01	+2.223665086264e-01	1.145e-10	4.164e-10	0	0.982911496	0.984751066	5.227687e-01	1.075802e+00	0
(15,14,0)	-0.312500	0.589049	1.174137e-02	0.400433	0.402031	+4.086374897306e-01	+4.086374897550e-01	5.965e-11	3.220e-10	0	0.983037429	0.984596509	5.234383e-01	1.077349e+00	0
(15,14,0)	-0.312500	0.981748	1.174137e-02	0.400433	0.402031	+6.720031177319e-01	+6.720031177523e-01	3.034e-11	1.339e-10	0	0.983276064	0.984317401	5.246754e-01	1.080202e+00	0
(15,14,0)	-0.312500	1.374447	1.174137e-02	0.400433	0.402031	+8.581873972821e-01	+8.581873972796e-01	2.846e-12	1.867e-11	0	0.983599642	0.983965210	5.262918e-01	1.083917e+00	0
(15,14,0)	-0.312500	1.767146	1.174137e-02	0.400433	0.402031	+8.581873972821e-01	+8.581873972862e-01	4.842e-12	2.155e-11	0	0.983599642	0.983965210	5.262918e-01	1.083917e+00	0
(15,14,0)	-0.312500	2.159845	1.174137e-02	0.400433	0.402031	+6.720031177319e-01	+6.720031177429e-01	1.640e-11	1.257e-10	0	0.983276064	0.984317401	5.246754e-01	1.080202e+00	0
(15,14,0)	-0.312500	2.552544	1.174137e-02	0.400433	0.402031	+4.086374897306e-01	+4.086374897550e-01	5.965e-11	3.220e-10	0	0.983037429	0.984596509	5.234383e-01	1.077349e+00	0
(15,14,0)	-0.312500	2.945243	1.174137e-02	0.400433	0.402031	+2.223665086010e-01	+2.223665086252e-01	1.092e-10	4.314e-10	0	0.982911496	0.984751066	5.227687e-01	1.075802e+00	0
(15,14,0)	-0.187500	0.196350	1.174137e-02	0.400433	0.402031	+1.769387753492e-01	+1.769387752631e-01	4.862e-10	5.513e-09	0	0.999920249	0.999992557	4.725649e-01	1.081091e+00	0
(15,14,0)	-0.187500	0.589049	1.174137e-02	0.400433	0.402031	+3.524976738523e-01	+3.524976738626e-01	2.923e-11	1.547e-09	0	0.999912963	0.999978626	4.732572e-01	1.082683e+00	0
(15,14,0)	-0.187500	0.981748	1.174137e-02	0.400433	0.402031	+6.007251638407e-01	+6.007251637792e-01	1.024e-10	1.285e-09	0	0.999905213	0.999971910	4.745364e-01	1.085618e+00	0
(15,14,0)	-0.187500	1.374447	1.174137e-02	0.400433	0.402031	+7.762129635029e-01	+7.762129633930e-01	1.417e-10	1.573e-09	0	0.999906086	0.999969754	4.762079e-01	1.089440e+00	0
(15,14,0)	-0.187500	1.767146	1.174137e-02	0.400433	0.402031	+7.762129635029e-01	+7.762129633929e-01	1.418e-10	1.538e-09	0	0.999906086	0.999969754	4.762079e-01	1.089440e+00	0
(15,14,0)	-0.187500	2.159845	1.174137e-02	0.400433	0.402031	+6.007251638407e-01	+6.007251637734e-01	1.120e-10	1.286e-09	0	0.999905213	0.999971910	4.745364e-01	1.085618e+00	0
(15,14,0)	-0.187500	2.552544	1.174137e-02	0.400433	0.402031	+3.524976738523e-01	+3.524976738548e-01	6.967e-12	1.537e-09	0	0.999912963	0.999978626	4.732572e-01	1.082683e+00	0
(15,14,0)	-0.187500	2.945243	1.174137e-02	0.400433	0.402031	+1.769387753492e-01	+1.769387752611e-01	4.976e-10	5.513e-09	0	0.999920249	0.999992557	4.725649e-01	1.081091e+00	0
(15,14,0)	-0.062500	0.196350	1.174137e-02	0.400433	0.402031	+1.208818297587e-01	+1.208818297638e-01	4.233e-11	7.042e-10	0	0.968230929	0.970279508	4.224377e-01	1.074405e+00	0
(15,14,0)	-0.062500	0.589049	1.174137e-02	0.400433	0.402031	+2.867572627361e-01	+2.867572627455e-01	3.281e-11	2.935e-10	0	0.968376504	0.970113566	4.231411e-01	1.076032e+00	0
(15,14,0)	-0.062500	0.981748	1.174137e-02	0.400433	0.402031	+5.213008820206e-01	+5.213008820069e-01	2.629e-11	1.443e-10	0	0.968650134	0.969811142	4.244409e-01	1.079033e+00	0
(15,14,0)	-0.062500	1.374447	1.174137e-02	0.400433	0.402031	+6.871202290985e-01	+6.871202291053e-01	9.867e-12	3.153e-11	0	0.969016572	0.969424348	4.261392e-01	1.082941e+00	0
(15,14,0)	-0.062500	1.767146	1.174137e-02	0.400433	0.402031	+6.871202290985e-01	+6.871202290991e-01	8.757e-13	3.640e-11	0	0.969016572	0.969424348	4.261392e-01	1.082941e+00	0
(15,14,0)	-0.062500	2.159845	1.174137e-02	0.400433	0.402031	+5.213008820206e-01	+5.213008820149e-01	1.082e-11	9.745e-11	0	0.968650134	0.969811142	4.244409e-01	1.079033e+00	0
(15,14,0)	-0.062500	2.552544	1.174137e-02	0.400433	0.402031	+2.867572627361e-01	+2.867572627317e-01	1.536e-11	2.815e-10	0	0.968376504	0.970113566	4.231411e-01	1.076032e+00	0
(15,14,0)	-0.062500	2.945243	1.174137e-02	0.400433	0.402031	+1.208818297587e-01	+1.208818297762e-01	1.445e-10	7.042e-10	0	0.968230929	0.970279508	4.224377e-01	1.074405e+00	0
(15,14,0)	0.062500	0.196350	1.174137e-02	0.400433	0.402031	+5.609077391765e-02	+5.609077392205e-02	7.856e-11	9.934e-10	0	0.868786038	0.872526059	3.723835e-01	1.055509e+00	0
(15,14,0)	0.062500	0.589049	1.174137e-02	0.400433	0.402031	+2.101242202473e-01	+2.101242202560e-01	4.122e-11	4.992e-10	0	0.869063386	0.872234315	3.730870e-01	1.057166e+00	0
(15,14,0)	0.062500	0.981748	1.174137e-02	0.400433	0.402031	+4.279307062004e-01	+4.279307062088e-01	1.968e-11	1.262e-10	0	0.869579163	0.871698186	3.743868e-01	1.060220e+00	0
(15,14,0)	0.062500	1.374447	1.174137e-02	0.400433	0.402031	+5.819221562944e-01	+5.819221562965e-01	3.569e-12	3.078e-11	0	0.870259396	0.871003567	3.760851e-01	1.064196e+00	0
(15,14,0)	0.062500	1.767146	1.174137e-02	0.400433	0.402031	+5.819221562944e-01	+5.819221562952e-01	1.483e-12	3.008e-11	0	0.870259396	0.871003567	3.760851e-01	1.064196e+00	0
(15,14,0)	0.062500	2.159845	1.174137e-02	0.400433	0.402031	+4.279307062004e-01	+4.279307061924e-01	1.876e-11	1.789e-10	0	0.869579163	0.871698186	3.743868e-01	1.060220e+00	0
(15,14,0)	0.062500	2.552544	1.174137e-02	0.400433	0.402031	+2.101242202473e-01	+2.101242202501e-01	1.346e-11	2.991e-10	0	0.869063386	0.872234315	3.730870e-01	1.057166e+00	0
(15,14,0)	0.062500	2.945243	1.174137e-02	0.400433	0.402031	+5.609077391765e-02	+5.609077394427e-02	4.747e-10	9.387e-10	0	0.868786038	0.872526059	3.723835e-01	1.055509e+00	0
(15,14,0)	0.187500	0.196350	1.174137e-02	0.400433	0.402031	-8.055598484541e-03	-8.055598486395e-03	2.301e-10	1.028e-08	0	0.720410850	0.725244011	3.224025e-01	1.023727e+00	0
(15,14,0)	0.187500	0.589049	1.174137e-02	0.400433	0.402031	+1.313304894370e-01	+1.313304894339e-01	2.290e-11	3.715e-10	0	0.720774476	0.724872046	3.230948e-01	1.025408e+00	0
(15,14,0)	0.187500	0.981748	1.174137e-02	0.400433	0.402031	+3.284310030080e-01	+3.284310030107e-01	8.284e-12	9.805e-11	0	0.721448312	0.724186423	3.243741e-01	1.028506e+00	0
(15,14,0)	0.187500	1.374447	1.174137e-02	0.400433	0.402031	+4.677871419937e-01	+4.677871419905e-01	6.935e-12	4.467e-11	0	0.722332428	0.723293975	3.260455e-01	1.032541e+00	0
(15,14,0)	0.187500	1.767146	1.174137e-02	0.400433	0.402031	+4.677871419937e-01	+4.677871419920e-01	3.663e-12	3.270e-11	0	0.722332428	0.723293975	3.260455e-01	1.032541e+00	0
(15,14,0)	0.187500	2.159845	1.174137e-02	0.400433	0.402031	+3.284310030080e-01	+3.284310029986e-01	2.860e-11	9.748e-11	0	0.721448312	0.724186423	3.243741e-01	1.028506e+00	0
(15,14,0)	0.187500	2.552544	1.174137e-02	0.400433	0.402031	+1.313304894370e-01	+1.313304894278e-01	6.945e-11	5.499e-10	0	0.720774476	0.724872046	3.230948e-01	1.025408e+00	0
(15,14,0)	0.187500	2.945243	1.174137e-02	0.400433	0.402031	-8.055598484549e-03	-8.055598490342e-03	7.191e-10	8.188e-09	0	0.720410850	0.725244011	3.224025e-01	1.023727e+00	0
(15,14,0)	0.312500	0.196350	1.174137e-02	0.400433	0.402031	-6.170424436284e-02	-6.170424435940e-02	5.590e-11	1.256e-09	0	0.564751257	0.570081448	2.724981e-01	9.778127e-01	0
(15,14,0)	0.312500	0.589049	1.174137e-02	0.400433	0.402031	+6.185316798703e-02	+6.185316798818e-02	1.859e-11	1.810e-09	0	0.565155322	0.569674180	2.731676e-01	9.795144e-01	0
(15,14,0)	0.312500	0.981748	1.174137e-02	0.400433	0.402031	+2.365748874930e-01	+2.365748875015e-01	3.587e-11	1.819e-10	0	0.565902719	0.568922257	2.744048e-01	9.826509e-01	0
(15,14,0)	0.312500	1.374447	1.174137e-02	0.400433	0.402031	+3.601113058473e-01	+3.601113058428e-01	1.248e-11	4.514e-11	0	0.566880712	0.567941066	2.760212e-01	9.867339e-01	0
(15,14,0)	0.312500	1.767146	1.174137e-02	0.400433	0.402031	+3.601113058473e-01	+3.601113058446e-01	7.644e-12	4.514e-11	0	0.566880712	0.567941066	2.760212e-01	9.867339e-01	0
(15,14,0)	0.312500	2.159845	1.174137e-02	0.400433	0.402031	+2.365748874930e-01	+2.365748874919e-01	4.768e-12	2.043e-10	0	0.565902719	0.568922257	2.744048e-01	9.826509e-01	0
(15,14,0)	0.312500	2.552544	1.174137e-02	0.400433	0.402031	+6.185316798703e-02	+6.185316798818e-02	1.859e-11	1.810e-09	0	0.565155322	0.569674180	2.731676e-01	9.795144e-01	0
(15,14,0)	0.312500	2.945243	1.174137e-02	0.400433	0.402031	-6.170424436284e-02	-6.170424435875e-02	6.632e-11	1.257e-09	0	0.564751257	0.570081448	2.724981e-01	9.778127e-01	0
(15,14,0)	0.437500	0.196350	1.174137e-02	0.400433	0.402031	-9.977932063350e-02	-9.977932062879e-02	4.716e-11	4.319e-10	0	0.428497163	0.433929860	2.226787e-01	9.156645e-01	0
(15,14,0)	0.437500	0.589049	1.174137e-02	0.400433	0.402031	+8.163415107849e-03	+8.163415103733e-03	5.042e-10	1.431e-08	0	0.428911061	0.433516756	2.233125e-01	9.173845e-01	0
(15,14,0)	0.437500	0.981748	1.174137e-02	0.400433	0.402031	+1.608066761888e-01	+1.608066761785e-01	6.407e-11	1.529e-10	0	0.429675721	0.432753222	2.244836e-01	9.205543e-01	0
(15,14,0)	0.437500	1.374447	1.174137e-02	0.400433	0.402031	+2.687341142675e-01	+2.687341142649e-01	9.621e-12	7.235e-11	0	0.430674524	0.431755217	2.260137e-01	9.246795e-01	0
(15,14,0)	0.437500	1.767146	1.174137e-02	0.400433	0.402031	+2.687341142675e-01	+2.687341142680e-01	1.893e-12	2.553e-11	0	0.430674524	0.431755217	2.260137e-01	9.246795e-01	0
(15,14,0)	0.437500	2.159845	1.174137e-02	0.400433	0.402031	+1.608066761888e-01	+1.608066761675e-01	1.320e-10	1.445e-10	0	0.429675721	0.432753222	2.244836e-01	9.205543e-01	0
(15,14,0)	0.437500	2.552544	1.174137e-02	0.400433	0.402031	+8.163415107858e-03	+8.163415103440e-03	5.412e-10	2.080e-08	0	0.428911061	0.433516756	2.233125e-01	9.173845e-01	0
(15,14,0)	0.437500	2.945243	1.174137e-02	0.400433	0.402031	-9.977932063350e-02	-9.977932062799e-02	5.515e-11	9.885e-10	0	0.428497163	0.433929860	2.226787e-01	9.156645e-01	0
(15,14,0)	0.562500	0.196350	1.174137e-02	0.400433	0.402031	-1.211444930299e-01	-1.211444930295e-01	3.744e-12	9.326e-10	0	0.317520471	0.322847771	1.729599e-01	8.337064e-01	0
(15,14,0)	0.562500	0.589049	1.174137e-02	0.400433	0.402031	-2.845717728333e-02	-2.845717726854e-02	5.196e-10	2.890e-09	0	0.317927959	0.322444249	1.735426e-01	8.354432e-01	0
(15,14,0)	0.562500	0.981748	1.174137e-02	0.400433	0.402031	+1.026136996653e-01	+1.026136996650e-01	2.931e-12	6.146e-10	0	0.318680054	0.321697765	1.746194e-01	8.386430e-01	0
(15,14,0)	0.562500	1.374447	1.174137e-02	0.400433	0.402031	+1.952885986092e-01	+1.952885986054e-01	1.911e-11	1.105e-10	0	0.319661052	0.320720736	1.760263e-01	8.428054e-01	0
(15,14,0)	0.562500	1.767146	1.174137e-02	0.400433	0.402031	+1.952885986092e-01	+1.952885986071e-01	1.062e-11	1.105e-10	0	0.319661052	0.320720736	1.760263e-01	8.428054e-01	0
(15,14,0)	0.562500	2.159845	1.174137e-02	0.400433	0.402031	+1.026136996653e-01	+1.026136996668e-01	1.423e-11	7.508e-10	0	0.318680054	0.321697765	1.746194e-01	8.386430e-01	0
(15,14,0)	0.562500	2.552544	1.174137e-02	0.400433	0.402031	-2.845717728333e-02	-2.845717726336e-02	7.017e-10	2.718e-09	0	0.317927959	0.322444249	1.735426e-01	8.354432e-01	0
(15,14,0)	0.562500	2.945243	1.174137e-02	0.400433	0.402031	-1.211444930299e-01	-1.211444930318e-01	1.543e-11	7.607e-10	0	0.317520471	0.322847771	1.729599e-01	8.337064e-01	0
(15,14,0)	0.687500	0.196350	1.174137e-02	0.400433	0.402031	-1.257411041461e-01	-1.257411041455e-01	5.492e-12	6.717e-10	0	0.227713781	0.232837239	1.233716e-01	7.253561e-01	0
(15,14,0)	0.687500	0.589049	1.174137e-02	0.400433	0.402031	-4.876244456103e-02	-4.876244456098e-02	9.656e-13	1.241e-09	0	0.228107212	0.232450636	1.238834e-01	7.271092e-01	0
(15,14,0)	0.687500	0.981748	1.174137e-02	0.400433	0.402031	+6.009339204860e-02	+6.009339203764e-02	1.825e-10	1.313e-09	0	0.228832676	0.231734828	1.248291e-01	7.303373e-01	0
(15,14,0)	0.687500	1.374447	1.174137e-02	0.400433	0.402031	+1.370601356524e-01	+1.370601356500e-01	1.760e-11	1.140e-10	0	0.229777620	0.230796713	1.260648e-01	7.345338e-01	0
(15,14,0)	0.687500	1.767146	1.174137e-02	0.400433	0.402031	+1.370601356524e-01	+1.370601356478e-01	3.340e-11	1.014e-10	0	0.229777620	0.230796713	1.260648e-01	7.345338e-01	0
(15,14,0)	0.687500	2.159845	1.174137e-02	0.400433	0.402031	+6.009339204861e-02	+6.009339203741e-02	1.862e-10	6.079e-10	0	0.228832676	0.231734828	1.248291e-01	7.303373e-01	0
(15,14,0)	0.687500	2.552544	1.174137e-02	0.400433	0.402031	-4.876244456103e-02	-4.876244456098e-02	9.656e-13	1.241e-09	0	0.228107212	0.232450636	1.238834e-01	7.271092e-01	0
(15,14,0)	0.687500	2.945243	1.174137e-02	0.400433	0.402031	-1.257411041462e-01	-1.257411041553e-01	7.290e-11	8.438e-10	0	0.227713781	0.232837239	1.233716e-01	7.253561e-01	0
(15,14,0)	0.812500	0.196350	1.174137e-02	0.400433	0.402031	-1.117532804348e-01	-1.117532804525e-01	1.579e-10	9.138e-10	0	0.151834383	0.156698824	7.398051e-02	5.761935e-01	0
(15,14,0)	0.812500	0.589049	1.174137e-02	0.400433	0.402031	-5.269601034334e-02	-5.269601034745e-02	7.802e-11	1.234e-09	0	0.152209826	0.156333583	7.439140e-02	5.779646e-01	0
(15,14,0)	0.812500	0.981748	1.174137e-02	0.400433	0.402031	+3.081369094073e-02	+3.081369093649e-02	1.375e-10	1.436e-09	0	0.152901270	0.155656565	7.515062e-02	5.812228e-01	0
(15,14,0)	0.812500	1.374447	1.174137e-02	0.400433	0.402031	+8.985697715904e-02	+8.985697716166e-02	2.909e-11	4.899e-11	0	0.153800265	0.154767769	7.614259e-02	5.854526e-01	0
(15,14,0)	0.812500	1.767146	1.174137e-02	0.400433	0.402031	+8.985697715904e-02	+8.985697715942e-02	4.204e-12	2.204e-10	0	0.153800265	0.154767769	7.614259e-02	5.854526e-01	0
(15,14,0)	0.812500	2.159845	1.174137e-02	0.400433	0.402031	+3.081369094073e-02	+3.081369093478e-02	1.930e-10	9.669e-10	0	0.152901270	0.155656565	7.515062e-02	5.812228e-01	0
(15,14,0)	0.812500	2.552544	1.174137e-02	0.400433	0.402031	-5.269601034334e-02	-5.269601036199e-02	3.540e-10	5.248e-10	0	0.152209826	0.156333583	7.439140e-02	5.779646e-01	0
(15,14,0)	0.812500	2.945243	1.174137e-02	0.400433	0.402031	-1.117532804348e-01	-1.117532804485e-01	1.225e-10	9.138e-10	0	0.151834383	0.156698824	7.398051e-02	5.761935e-01	0
(15,14,0)	0.937500	0.196350	1.174137e-02	0.400433	0.402031	-6.692677326642e-02	-6.692677326617e-02	3.765e-12	5.039e-10	0	0.078238172	0.082683367	2.501425e-02	3.372989e-01	0
(15,14,0)	0.937500	0.589049	1.174137e-02	0.400433	0.402031	-3.328653837203e-02	-3.328653837673e-02	1.413e-10	1.314e-09	0	0.078585038	0.082353138	2.525952e-02	3.391028e-01	0
(15,14,0)	0.937500	0.981748	1.174137e-02	0.400433	0.402031	+1.427228326288e-02	+1.427228325616e-02	4.707e-10	2.158e-09	0	0.079222131	0.081739561	2.571272e-02	3.424110e-01	0
(15,14,0)	0.937500	1.374447	1.174137e-02	0.400433	0.402031	+4.789039730355e-02	+4.789039730275e-02	1.677e-11	1.296e-10	0	0.080047196	0.080931117	2.630486e-02	3.466857e-01	0
(15,14,0)	0.937500	1.767146	1.174137e-02	0.400433	0.402031	+4.789039730355e-02	+4.789039730455e-02	2.074e-11	1.969e-10	0	0.080047196	0.080931117	2.630486e-02	3.466857e-01	0
(15,14,0)	0.937500	2.159845	1.174137e-02	0.400433	0.402031	+1.427228326288e-02	+1.427228325889e-02	2.790e-10	1.315e-09	0	0.079222131	0.081739561	2.571272e-02	3.424110e-01	0
(15,14,0)	0.937500	2.552544	1.174137e-02	0.400433	0.402031	-3.328653837203e-02	-3.328653837475e-02	8.185e-11	1.859e-09	0	0.078585038	0.082353138	2.525952e-02	3.391028e-01	0
(15,14,0)	0.937500	2.945243	1.174137e-02	0.400433	0.402031	-6.692677326642e-02	-6.692677326224e-02	6.251e-11	8.808e-10	0	0.078238172	0.082683367	2.501425e-02	3.372989e-01	0
(15,14,15)	-0.937500	0.196350	1.174137e-02	0.461128	0.462969	+1.562625597622e+00	+1.562625597601e+00	1.364e-11	1.300e-10	0	0.977671418	0.982123253	8.934212e-01	9.563111e-01	0
(15,14,15)	-0.937500	0.589049	1.174137e-02	0.461128	0.462969	+1.661669812651e+00	+1.661669812659e+00	4.935e-12	5.803e-11	0	0.978005008	0.981779022	8.937037e-01	9.569489e-01	0
(15,14,15)	-0.937500	0.981748	1.174137e-02	0.461128	0.462969	+1.801729787494e+00	+1.801729787501e+00	3.796e-12	5.555e-11	0	0.978623665	0.981145316	8.942256e-01	9.581261e-01	0
(15,14,15)	-0.937500	1.374447	1.174137e-02	0.461128	0.462969	+1.900760289019e+00	+1.900760289029e+00	5.008e-12	3.721e-11	0	0.979436435	0.980321905	8.949074e-01	9.596621e-01	0
(15,14,15)	-0.937500	1.767146	1.174137e-02	0.461128	0.462969	+1.900760289019e+00	+1.900760289026e+00	3.277e-12	3.356e-11	0	0.979436435	0.980321905	8.949074e-01	9.596621e-01	0
(15,14,15)	-0.937500	2.159845	1.174137e-02	0.461128	0.462969	+1.801729787494e+00	+1.801729787503e+00	5.204e-12	4.790e-11	0	0.978623665	0.981145316	8.942256e-01	9.581261e-01	0
(15,14,15)	-0.937500	2.552544	1.174137e-02	0.461128	0.462969	+1.661669812651e+00	+1.661669812650e+00	3.973e-13	7.456e-11	0	0.978005008	0.981779022	8.937037e-01	9.569489e-01	0
(15,14,15)	-0.937500	2.945243	1.174137e-02	0.461128	0.462969	+1.562625597622e+00	+1.562625597600e+00	1.461e-11	1.300e-10	0	0.977671418	0.982123253	8.934212e-01	9.563111e-01	0
(15,14,15)	-0.812500	0.196350	1.174137e-02	0.461128	0.462969	+9.250825647602e-01	+9.250825647393e-01	2.263e-11	2.335e-10	0	0.956304666	0.961556681	8.345274e-01	1.013711e+00	0
(15,14,15)	-0.812500	0.589049	1.174137e-02	0.461128	0.462969	+1.105004857642e+00	+1.105004857605e+00	3.362e-11	1.871e-10	0	0.956694179	0.961146421	8.350006e-01	1.014719e+00	0
(15,14,15)	-0.812500	0.981748	1.174137e-02	0.461128	0.462969	+1.359415393213e+00	+1.359415393205e+00	5.715e-12	8.392e-11	0	0.957418279	0.960392983	8.358749e-01	1.016578e+00	0
(15,14,15)	-0.812500	1.374447	1.174137e-02	0.461128	0.462969	+1.539283935273e+00	+1.539283935280e+00	4.797e-12	1.340e-11	0	0.958372994	0.959417524	8.370172e-01	1.019002e+00	0
(15,14,15)	-0.812500	1.767146	1.174137e-02	0.461128	0.462969	+1.539283935273e+00	+1.539283935273e+00	4.788e-13	1.340e-11	0	0.958372994	0.959417524	8.370172e-01	1.019002e+00	0
(15,14,15)	-0.812500	2.159845	1.174137e-02	0.461128	0.462969	+1.359415393213e+00	+1.359415393221e+00	6.026e-12	5.007e-11	0	0.957418279	0.960392983	8.358749e-01	1.016578e+00	0
(15,14,15)	-0.812500	2.552544	1.174137e-02	0.461128	0.462969	+1.105004857642e+00	+1.105004857582e+00	5.437e-11	1.988e-10	0	0.956694179	0.961146421	8.350006e-01	1.014719e+00	0
(15,14,15)	-0.812500	2.945243	1.174137e-02	0.461128	0.462969	+9.250825647602e-01	+9.250825647355e-01	2.674e-11	3.401e-10	0	0.956304666	0.961556681	8.345274e-01	1.013711e+00	0
(15,14,15)	-0.687500	0.196350	1.174137e-02	0.461128	0.462969	+6.316297645674e-01	+6.316297645207e-01	7.396e-11	4.213e-10	0	0.954419053	0.959020701	7.761228e-01	1.057474e+00	0
(15,14,15)	-0.687500	0.589049	1.174137e-02	0.461128	0.462969	+8.293180085314e-01	+8.293180084990e-01	3.904e-11	2.506e-10	0	0.954757392	0.958658209	7.767122e-01	1.058677e+00	0
(15,14,15)	-0.687500	0.981748	1.174137e-02	0.461128	0.462969	+1.108839359586e+00	+1.108839359552e+00	3.037e-11	4.516e-11	0	0.955387631	0.957993817	7.778013e-01	1.060897e+00	0
(15,14,15)	-0.687500	1.374447	1.174137e-02	0.461128	0.462969	+1.306454010525e+00	+1.306454010526e+00	6.501e-13	3.002e-11	0	0.956221097	0.957136204	7.792243e-01	1.063790e+00	0
(15,14,15)	-0.687500	1.767146	1.174137e-02	0.461128	0.462969	+1.306454010525e+00	+1.306454010532e+00	5.123e-12	1.435e-11	0	0.956221097	0.957136204	7.792243e-01	1.063790e+00	0
(15,14,15)	-0.687500	2.159845	1.174137e-02	0.461128	0.462969	+1.108839359586e+00	+1.108839359577e+00	8.336e-12	1.318e-10	0	0.955387631	0.957993817	7.778013e-01	1.060897e+00	0
(15,14,15)	-0.687500	2.552544	1.174137e-02	0.461128	0.462969	+8.293180085314e-01	+8.293180084990e-01	3.904e-11	2.506e-10	0	0.954757392	0.958658209	7.767122e-01	1.058677e+00	0
(15,14,15)	-0.687500	2.945243	1.174137e-02	0.461128	0.462969	+6.316297645674e-01	+6.316297645639e-01	5.552e-12	4.213e-10	0	0.954419053	0.959020701	7.761228e-01	1.057474e+00	0
(15,14,15)	-0.562500	0.196350	1.174137e-02	0.461128	0.462969	+4.769398138470e-01	+4.769398138453e-01	3.673e-12	2.030e-10	0	0.965717216	0.969207563	7.179454e-01	1.088724e+00	0
(15,14,15)	-0.562500	0.589049	1.174137e-02	0.461128	0.462969	+6.728552574501e-01	+6.728552574525e-01	3.452e-12	2.153e-10	0	0.965970668	0.968929335	7.186164e-01	1.090055e+00	0
(15,14,15)	-0.562500	0.981748	1.174137e-02	0.461128	0.462969	+9.498666292544e-01	+9.498666292600e-01	5.858e-12	6.293e-11	0	0.966444170	0.968420799	7.198564e-01	1.092509e+00	0
(15,14,15)	-0.562500	1.374447	1.174137e-02	0.461128	0.462969	+1.145704435967e+00	+1.145704435965e+00	1.686e-12	4.354e-11	0	0.967073086	0.967767114	7.214766e-01	1.095708e+00	0
(15,14,15)	-0.562500	1.767146	1.174137e-02	0.461128	0.462969	+1.145704435967e+00	+1.145704435972e+00	4.086e-12	3.605e-11	0	0.967073086	0.967767114	7.214766e-01	1.095708e+00	0
(15,14,15)	-0.562500	2.159845	1.174137e-02	0.461128	0.462969	+9.498666292544e-01	+9.498666292579e-01	3.670e-12	9.718e-11	0	0.966444170	0.968420799	7.198564e-01	1.092509e+00	0
(15,14,15)	-0.562500	2.552544	1.174137e-02	0.461128	0.462969	+6.728552574501e-01	+6.728552574422e-01	1.180e-11	2.246e-10	0	0.965970668	0.968929335	7.186164e-01	1.090055e+00	0
(15,14,15)	-0.562500	2.945243	1.174137e-02	0.461128	0.462969	+4.769398138470e-01	+4.769398138861e-01	8.185e-11	5.162e-10	0	0.965717216	0.969207563	7.179454e-01	1.088724e+00	0
(15,14,15)	-0.437500	0.196350	1.174137e-02	0.461128	0.462969	+3.790071774497e-01	+3.790071774857e-01	9.495e-11	3.253e-10	0	0.983758475	0.985881276	6.599182e-01	1.108372e+00	0
(15,14,15)	-0.437500	0.589049	1.174137e-02	0.461128	0.462969	+5.687480127639e-01	+5.687480127672e-01	5.907e-12	1.341e-10	0	0.983908227	0.985707531	6.606481e-01	1.109793e+00	0
(15,14,15)	-0.437500	0.981748	1.174137e-02	0.461128	0.462969	+8.370300317534e-01	+8.370300317422e-01	1.339e-11	8.112e-11	0	0.984189939	0.985391894	6.619967e-01	1.112415e+00	0
(15,14,15)	-0.437500	1.374447	1.174137e-02	0.461128	0.462969	+1.026697278201e+00	+1.026697278194e+00	6.281e-12	2.615e-11	0	0.984567927	0.984989922	6.637587e-01	1.115831e+00	0
(15,14,15)	-0.437500	1.767146	1.174137e-02	0.461128	0.462969	+1.026697278201e+00	+1.026697278193e+00	7.550e-12	3.485e-11	0	0.984567927	0.984989922	6.637587e-01	1.115831e+00	0
(15,14,15)	-0.437500	2.159845	1.174137e-02	0.461128	0.462969	+8.370300317534e-01	+8.370300317528e-01	6.268e-13	1.092e-10	0	0.984189939	0.985391894	6.619967e-01	1.112415e+00	0
(15,14,15)	-0.437500	2.552544	1.174137e-02	0.461128	0.462969	+5.687480127639e-01	+5.687480127905e-01	4.689e-11	2.524e-10	0	0.983908227	0.985707531	6.606481e-01	1.109793e+00	0
(15,14,15)	-0.437500	2.945243	1.174137e-02	0.461128	0.462969	+3.790071774497e-01	+3.790071774846e-01	9.187e-11	3.611e-10	0	0.983758475	0.985881276	6.599182e-01	1.108372e+00	0
(15,14,15)	-0.312500	0.196350	1.174137e-02	0.461128	0.462969	+3.011017980488e-01	+3.011017980384e-01	3.443e-11	9.761e-10	0	0.998456723	0.999006395	6.020069e-01	1.116962e+00	0
(15,14,15)	-0.312500	0.589049	1.174137e-02	0.461128	0.462969	+4.852424558088e-01	+4.852424558714e-01	1.290e-10	3.973e-10	0	0.998487624	0.998953294	6.027779e-01	1.118452e+00	0
(15,14,15)	-0.312500	0.981748	1.174137e-02	0.461128	0.462969	+7.456101198594e-01	+7.456101198721e-01	1.709e-11	1.170e-10	0	0.998549340	0.998860189	6.042026e-01	1.121200e+00	0
(15,14,15)	-0.312500	1.374447	1.174137e-02	0.461128	0.462969	+9.296849554365e-01	+9.296849554396e-01	3.377e-12	7.164e-11	0	0.998639129	0.998760527	6.060639e-01	1.124780e+00	0
(15,14,15)	-0.312500	1.767146	1.174137e-02	0.461128	0.462969	+9.296849554365e-01	+9.296849554437e-01	7.737e-12	3.786e-11	0	0.998639129	0.998760527	6.060639e-01	1.124780e+00	0
(15,14,15)	-0.312500	2.159845	1.174137e-02	0.461128	0.462969	+7.456101198594e-01	+7.456101198610e-01	2.118e-12	1.099e-10	0	0.998549340	0.998860189	6.042026e-01	1.121200e+00	0
(15,14,15)	-0.312500	2.552544	1.174137e-02	0.461128	0.462969	+4.852424558088e-01	+4.852424558714e-01	1.290e-10	3.973e-10	0	0.998487624	0.998953294	6.027779e-01	1.118452e+00	0
(15,14,15)	-0.312500	2.945243	1.174137e-02	0.461128	0.462969	+3.011017980488e-01	+3.011017980588e-01	3.344e-11	6.902e-10	0	0.998456723	0.999006395	6.020069e-01	1.116962e+00	0
(15,14,15)	-0.187500	0.196350	1.174137e-02	0.461128	0.462969	+2.256966340402e-01	+2.256966340284e-01	5.224e-11	5.863e-10	0	0.992468041	0.993640660	5.441934e-01	1.114716e+00	0
(15,14,15)	-0.187500	0.589049	1.174137e-02	0.461128	0.462969	+4.054156060676e-01	+4.054156060113e-01	1.388e-10	1.439e-10	0	0.992547455	0.993541859	5.449907e-01	1.116260e+00	0
(15,14,15)	-0.187500	0.981748	1.174137e-02	0.461128	0.462969	+6.595367195290e-01	+6.595367195250e-01	6.031e-12	1.289e-10	0	0.992698588	0.993363316	5.464638e-01	1.119106e+00	0
(15,14,15)	-0.187500	1.374447	1.174137e-02	0.461128	0.462969	+8.391992833782e-01	+8.391992833775e-01	8.628e-13	2.321e-11	0	0.992904517	0.993138009	5.483886e-01	1.122815e+00	0
(15,14,15)	-0.187500	1.767146	1.174137e-02	0.461128	0.462969	+8.391992833782e-01	+8.391992833808e-01	3.087e-12	2.360e-11	0	0.992904517	0.993138009	5.483886e-01	1.122815e+00	0
(15,14,15)	-0.187500	2.159845	1.174137e-02	0.461128	0.462969	+6.595367195290e-01	+6.595367195204e-01	1.312e-11	8.423e-11	0	0.992698588	0.993363316	5.464638e-01	1.119106e+00	0
(15,14,15)	-0.187500	2.552544	1.174137e-02	0.461128	0.462969	+4.054156060676e-01	+4.054156060706e-01	7.384e-12	2.544e-10	0	0.992547455	0.993541859	5.449907e-01	1.116260e+00	0
(15,14,15)	-0.187500	2.945243	1.174137e-02	0.461128	0.462969	+2.256966340402e-01	+2.256966340442e-01	1.780e-11	2.597e-10	0	0.992468041	0.993640660	5.441934e-01	1.114716e+00	0
(15,14,15)	-0.062500	0.196350	1.174137e-02	0.461128	0.462969	+1.459665369227e-01	+1.459665369378e-01	1.036e-10	6.876e-10	0	0.947135978	0.950025875	4.864683e-01	1.101548e+00	0
(15,14,15)	-0.062500	0.589049	1.174137e-02	0.461128	0.462969	+3.209178236402e-01	+3.209178236602e-01	6.244e-11	3.170e-10	0	0.947348067	0.949798278	4.872783e-01	1.103135e+00	0
(15,14,15)	-0.062500	0.981748	1.174137e-02	0.461128	0.462969	+5.683035187048e-01	+5.683035186874e-01	3.051e-11	1.019e-10	0	0.947743491	0.949380929	4.887752e-01	1.106062e+00	0
(15,14,15)	-0.062500	1.374447	1.174137e-02	0.461128	0.462969	+7.432084465268e-01	+7.432084465286e-01	2.442e-12	4.500e-11	0	0.948266932	0.948841988	4.907308e-01	1.109875e+00	0
(15,14,15)	-0.062500	1.767146	1.174137e-02	0.461128	0.462969	+7.432084465268e-01	+7.432084465262e-01	8.760e-13	3.152e-11	0	0.948266932	0.948841988	4.907308e-01	1.109875e+00	0
(15,14,15)	-0.062500	2.159845	1.174137e-02	0.461128	0.462969	+5.683035187048e-01	+5.683035187088e-01	7.086e-12	7.085e-11	0	0.947743491	0.949380929	4.887752e-01	1.106062e+00	0
(15,14,15)	-0.062500	2.552544	1.174137e-02	0.461128	0.462969	+3.209178236402e-01	+3.209178236416e-01	4.365e-12	3.600e-10	0	0.947348067	0.949798278	4.872783e-01	1.103135e+00	0
(15,14,15)	-0.062500	2.945243	1.174137e-02	0.461128	0.462969	+1.459665369227e-01	+1.459665369202e-01	1.727e-11	8.488e-10	0	0.947135978	0.950025875	4.864683e-01	1.101548e+00	0
(15,14,15)	0.062500	0.196350	1.174137e-02	0.461128	0.462969	+6.351273603266e-02	+6.351273604199e-02	1.468e-10	3.011e-09	0	0.853901690	0.858251315	4.288272e-01	1.077050e+00	0
(15,14,15)	0.062500	0.589049	1.174137e-02	0.461128	0.462969	+2.314147320115e-01	+2.314147320086e-01	1.256e-11	1.808e-10	0	0.854227247	0.857914909	4.296373e-01	1.078673e+00	0
(15,14,15)	0.062500	0.981748	1.174137e-02	0.461128	0.462969	+4.688381962012e-01	+4.688381961919e-01	1.984e-11	1.602e-10	0	0.854831294	0.857295526	4.311341e-01	1.081666e+00	0
(15,14,15)	0.062500	1.374447	1.174137e-02	0.461128	0.462969	+6.367036911985e-01	+6.367036911961e-01	3.812e-12	4.738e-11	0	0.855625301	0.856490678	4.330898e-01	1.085564e+00	0
(15,14,15)	0.062500	1.767146	1.174137e-02	0.461128	0.462969	+6.367036911985e-01	+6.367036911986e-01	2.354e-14	5.010e-11	0	0.855625301	0.856490678	4.330898e-01	1.085564e+00	0
(15,14,15)	0.062500	2.159845	1.174137e-02	0.461128	0.462969	+4.688381962012e-01	+4.688381962021e-01	1.864e-12	1.113e-10	0	0.854831294	0.857295526	4.311341e-01	1.081666e+00	0
(15,14,15)	0.062500	2.552544	1.174137e-02	0.461128	0.462969	+2.314147320115e-01	+2.314147320225e-01	4.784e-11	2.389e-10	0	0.854227247	0.857914909	4.296373e-01	1.078673e+00	0
(15,14,15)	0.062500	2.945243	1.174137e-02	0.461128	0.462969	+6.351273603266e-02	+6.351273604728e-02	2.302e-10	3.011e-09	0	0.853901690	0.858251315	4.288272e-01	1.077050e+00	0
(15,14,15)	0.187500	0.196350	1.174137e-02	0.461128	0.462969	-1.427031850375e-02	-1.427031850226e-02	1.049e-10	8.214e-09	0	0.725451929	0.730800456	3.712703e-01	1.040421e+00	0
(15,14,15)	0.187500	0.589049	1.174137e-02	0.461128	0.462969	+1.435312108621e-01	+1.435312108633e-01	8.704e-12	3.258e-10	0	0.725855943	0.730390377	3.720676e-01	1.042075e+00	0
(15,14,15)	0.187500	0.981748	1.174137e-02	0.461128	0.462969	+3.666766084394e-01	+3.666766084496e-01	2.774e-11	9.340e-11	0	0.726603887	0.729633861	3.735408e-01	1.045124e+00	0
(15,14,15)	0.187500	1.374447	1.174137e-02	0.461128	0.462969	+5.244503329906e-01	+5.244503329816e-01	1.723e-11	2.265e-11	0	0.727583832	0.728647858	3.754655e-01	1.049094e+00	0
(15,14,15)	0.187500	1.767146	1.174137e-02	0.461128	0.462969	+5.244503329906e-01	+5.244503329859e-01	9.082e-12	4.268e-11	0	0.727583832	0.728647858	3.754655e-01	1.049094e+00	0
(15,14,15)	0.187500	2.159845	1.174137e-02	0.461128	0.462969	+3.666766084394e-01	+3.666766084408e-01	3.716e-12	1.133e-10	0	0.726603887	0.729633861	3.735408e-01	1.045124e+00	0
(15,14,15)	0.187500	2.552544	1.174137e-02	0.461128	0.462969	+1.435312108621e-01	+1.435312108477e-01	9.993e-11	5.042e-10	0	0.725855943	0.730390377	3.720676e-01	1.042075e+00	0
(15,14,15)	0.187500	2.945243	1.174137e-02	0.461128	0.462969	-1.427031850375e-02	-1.427031849432e-02	6.610e-10	8.214e-09	0	0.725451929	0.730800456	3.712703e-01	1.040421e+00	0
(15,14,15)	0.312500	0.196350	1.174137e-02	0.461128	0.462969	-7.932032651955e-02	-7.932032652712e-02	9.541e-11	1.755e-09	0	0.587330668	0.593199981	3.138017e-01	9.903254e-01	0
(15,14,15)	0.312500	0.589049	1.174137e-02	0.461128	0.462969	+6.591530397623e-02	+6.591530397838e-02	3.269e-11	1.037e-09	0	0.587776507	0.592752386	3.145728e-01	9.920057e-01	0
(15,14,15)	0.312500	0.981748	1.174137e-02	0.461128	0.462969	+2.712945786924e-01	+2.712945786947e-01	8.155e-12	1.602e-10	0	0.588600764	0.591925650	3.159974e-01	9.951028e-01	0
(15,14,15)	0.312500	1.374447	1.174137e-02	0.461128	0.462969	+4.165091087610e-01	+4.165091087615e-01	1.126e-12	3.812e-11	0	0.589678545	0.590846117	3.178588e-01	9.991350e-01	0
(15,14,15)	0.312500	1.767146	1.174137e-02	0.461128	0.462969	+4.165091087610e-01	+4.165091087592e-01	4.322e-12	2.534e-11	0	0.589678545	0.590846117	3.178588e-01	9.991350e-01	0
(15,14,15)	0.312500	2.159845	1.174137e-02	0.461128	0.462969	+2.712945786925e-01	+2.712945786956e-01	1.152e-11	1.602e-10	0	0.588600764	0.591925650	3.159974e-01	9.951028e-01	0
(15,14,15)	0.312500	2.552544	1.174137e-02	0.461128	0.462969	+6.591530397623e-02	+6.591530397838e-02	3.269e-11	1.037e-09	0	0.587776507	0.592752386	3.145728e-01	9.920057e-01	0
(15,14,15)	0.312500	2.945243	1.174137e-02	0.461128	0.462969	-7.932032651954e-02	-7.932032651152e-02	1.011e-10	1.755e-09	0	0.587330668	0.593199981	3.138017e-01	9.903254e-01	0
(15,14,15)	0.437500	0.196350	1.174137e-02	0.461128	0.462969	-1.266755018159e-01	-1.266755018031e-01	1.008e-10	5.650e-10	0	0.459236991	0.465270117	2.564310e-01	9.245997e-01	0
(15,14,15)	0.437500	0.589049	1.174137e-02	0.461128	0.462969	+4.364118530197e-03	+4.364118532954e-03	6.315e-10	1.422e-07	0	0.459697145	0.464811845	2.571609e-01	9.263031e-01	0
(15,14,15)	0.437500	0.981748	1.174137e-02	0.461128	0.462969	+1.896702833476e-01	+1.896702833594e-01	6.230e-11	2.989e-10	0	0.460547029	0.463964622	2.585095e-01	9.294425e-01	0
(15,14,15)	0.437500	1.374447	1.174137e-02	0.461128	0.462969	+3.206931581930e-01	+3.206931581924e-01	1.876e-12	4.610e-11	0	0.461656711	0.462856824	2.602715e-01	9.335285e-01	0
(15,14,15)	0.437500	1.767146	1.174137e-02	0.461128	0.462969	+3.206931581930e-01	+3.206931581929e-01	3.010e-13	9.507e-11	0	0.461656711	0.462856824	2.602715e-01	9.335285e-01	0
(15,14,15)	0.437500	2.159845	1.174137e-02	0.461128	0.462969	+1.896702833476e-01	+1.896702833439e-01	1.971e-11	4.115e-10	0	0.460547029	0.463964622	2.585095e-01	9.294425e-01	0
(15,14,15)	0.437500	2.552544	1.174137e-02	0.461128	0.462969	+4.364118530190e-03	+4.364118502240e-03	6.405e-09	9.131e-08	0	0.459697145	0.464811845	2.571609e-01	9.263031e-01	0
(15,14,15)	0.437500	2.945243	1.174137e-02	0.461128	0.462969	-1.266755018159e-01	-1.266755018054e-01	8.258e-11	2.184e-10	0	0.459236991	0.465270117	2.564310e-01	9.245997e-01	0
(15,14,15)	0.562500	0.196350	1.174137e-02	0.461128	0.462969	-1.544125277061e-01	-1.544125276685e-01	2.432e-10	7.834e-10	0	0.348653753	0.354632863	1.991761e-01	8.396267e-01	0
(15,14,15)	0.562500	0.589049	1.174137e-02	0.461128	0.462969	-3.897498689449e-02	-3.897498689576e-02	3.265e-11	2.108e-09	0	0.349111384	0.354180240	1.998472e-01	8.413513e-01	0
(15,14,15)	0.562500	0.981748	1.174137e-02	0.461128	0.462969	+1.242679409875e-01	+1.242679409945e-01	5.606e-11	1.812e-10	0	0.349955899	0.353342811	2.010872e-01	8.445287e-01	0
(15,14,15)	0.562500	1.374447	1.174137e-02	0.461128	0.462969	+2.396907658268e-01	+2.396907658230e-01	1.578e-11	4.377e-11	0	0.351057196	0.352246525	2.027073e-01	8.486623e-01	0
(15,14,15)	0.562500	1.767146	1.174137e-02	0.461128	0.462969	+2.396907658268e-01	+2.396907658275e-01	3.044e-12	1.305e-10	0	0.351057196	0.352246525	2.027073e-01	8.486623e-01	0
(15,14,15)	0.562500	2.159845	1.174137e-02	0.461128	0.462969	+1.242679409875e-01	+1.242679409985e-01	8.823e-11	3.607e-10	0	0.349955899	0.353342811	2.010872e-01	8.445287e-01	0
(15,14,15)	0.562500	2.552544	1.174137e-02	0.461128	0.462969	-3.897498689449e-02	-3.897498688449e-02	2.566e-10	2.635e-09	0	0.349111384	0.354180240	1.998472e-01	8.413513e-01	0
(15,14,15)	0.562500	2.945243	1.174137e-02	0.461128	0.462969	-1.544125277061e-01	-1.544125276555e-01	3.278e-10	7.834e-10	0	0.348653753	0.354632863	1.991761e-01	8.396267e-01	0
(15,14,15)	0.687500	0.196350	1.174137e-02	0.461128	0.462969	-1.615349535397e-01	-1.615349535563e-01	1.024e-10	5.121e-10	0	0.254719272	0.260523904	1.420715e-01	7.288065e-01	0
(15,14,15)	0.687500	0.589049	1.174137e-02	0.461128	0.462969	-6.373046549888e-02	-6.373046548476e-02	2.216e-10	1.980e-09	0	0.255165165	0.260086049	1.426609e-01	7.305513e-01	0
(15,14,15)	0.687500	0.981748	1.174137e-02	0.461128	0.462969	+7.457537023291e-02	+7.457537024164e-02	1.171e-10	1.070e-09	0	0.255987298	0.259275283	1.437500e-01	7.337643e-01	0
(15,14,15)	0.687500	1.374447	1.174137e-02	0.461128	0.462969	+1.723648740361e-01	+1.723648740357e-01	1.950e-12	1.083e-10	0	0.257058021	0.258212597	1.451730e-01	7.379412e-01	0
(15,14,15)	0.687500	1.767146	1.174137e-02	0.461128	0.462969	+1.723648740361e-01	+1.723648740351e-01	5.638e-12	1.083e-10	0	0.257058021	0.258212597	1.451730e-01	7.379412e-01	0
(15,14,15)	0.687500	2.159845	1.174137e-02	0.461128	0.462969	+7.457537023290e-02	+7.457537023146e-02	1.930e-11	1.070e-09	0	0.255987298	0.259275283	1.437500e-01	7.337643e-01	0
(15,14,15)	0.687500	2.552544	1.174137e-02	0.461128	0.462969	-6.373046549888e-02	-6.373046548476e-02	2.216e-10	1.980e-09	0	0.255165165	0.260086049	1.426609e-01	7.305513e-01	0
(15,14,15)	0.687500	2.945243	1.174137e-02	0.461128	0.462969	-1.615349535397e-01	-1.615349535529e-01	8.138e-11	3.248e-10	0	0.254719272	0.260523904	1.420715e-01	7.288065e-01	0
(15,14,15)	0.812500	0.196350	1.174137e-02	0.461128	0.462969	-1.448800736122e-01	-1.448800736061e-01	4.226e-11	3.185e-10	0	0.172238877	0.177792420	8.519403e-02	5.777321e-01	0
(15,14,15)	0.812500	0.589049	1.174137e-02	0.461128	0.462969	-6.863276738712e-02	-6.863276738447e-02	3.858e-11	1.633e-09	0	0.172667585	0.177375511	8.566720e-02	5.794984e-01	0
(15,14,15)	0.812500	0.981748	1.174137e-02	0.461128	0.462969	+3.918434548734e-02	+3.918434547942e-02	2.022e-10	1.286e-09	0	0.173457088	0.176602692	8.654150e-02	5.827481e-01	0
(15,14,15)	0.812500	1.374447	1.174137e-02	0.461128	0.462969	+1.154134678449e-01	+1.154134678431e-01	1.594e-11	1.271e-10	0	0.174483510	0.175588067	8.768383e-02	5.869669e-01	0
(15,14,15)	0.812500	1.767146	1.174137e-02	0.461128	0.462969	+1.154134678449e-01	+1.154134678453e-01	3.719e-12	8.151e-11	0	0.174483510	0.175588067	8.768383e-02	5.869669e-01	0
(15,14,15)	0.812500	2.159845	1.174137e-02	0.461128	0.462969	+3.918434548734e-02	+3.918434548867e-02	3.414e-11	1.580e-09	0	0.173457088	0.176602692	8.654150e-02	5.827481e-01	0
(15,14,15)	0.812500	2.552544	1.174137e-02	0.461128	0.462969	-6.863276738711e-02	-6.863276738513e-02	2.887e-11	6.355e-10	0	0.172667585	0.177375511	8.566720e-02	5.794984e-01	0
(15,14,15)	0.812500	2.945243	1.174137e-02	0.461128	0.462969	-1.448800736122e-01	-1.448800736067e-01	3.790e-11	9.195e-10	0	0.172238877	0.177792420	8.519403e-02	5.777321e-01	0
(15,14,15)	0.937500	0.196350	1.174137e-02	0.461128	0.462969	-8.768954893638e-02	-8.768954892918e-02	8.211e-11	3.223e-10	0	0.089707560	0.094813677	2.880576e-02	3.375665e-01	0
(15,14,15)	0.937500	0.589049	1.174137e-02	0.461128	0.462969	-4.362577115541e-02	-4.362577116281e-02	1.697e-10	1.056e-09	0	0.090106032	0.094434379	2.908821e-02	3.393689e-01	0
(15,14,15)	0.937500	0.981748	1.174137e-02	0.461128	0.462969	+1.866916743915e-02	+1.866916743997e-02	4.373e-11	1.132e-09	0	0.090837896	0.093729617	2.961010e-02	3.426745e-01	0
(15,14,15)	0.937500	1.374447	1.174137e-02	0.461128	0.462969	+6.270376080155e-02	+6.270376080370e-02	3.432e-11	2.039e-10	0	0.091785664	0.092801005	3.029199e-02	3.469460e-01	0
(15,14,15)	0.937500	1.767146	1.174137e-02	0.461128	0.462969	+6.270376080155e-02	+6.270376080275e-02	1.909e-11	1.055e-10	0	0.091785664	0.092801005	3.029199e-02	3.469460e-01	0
(15,14,15)	0.937500	2.159845	1.174137e-02	0.461128	0.462969	+1.866916743915e-02	+1.866916743888e-02	1.438e-11	1.293e-09	0	0.090837896	0.093729617	2.961010e-02	3.426745e-01	0
(15,14,15)	0.937500	2.552544	1.174137e-02	0.461128	0.462969	-4.362577115541e-02	-4.362577116941e-02	3.208e-10	8.596e-10	0	0.090106032	0.094434379	2.908821e-02	3.393689e-01	0
(15,14,15)	0.937500	2.945243	1.174137e-02	0.461128	0.462969	-8.768954893638e-02	-8.768954892521e-02	1.273e-10	3.223e-10	0	0.089707560	0.094813677	2.880576e-02	3.375665e-01	0
(15,15,0)	-0.937500	0.196350	3.898591e-03	0.400458	0.402031	+1.535182674626e+00	+1.535182674596e+00	1.962e-11	1.295e-10	0	0.961920087	0.964127774	7.769255e-01	8.501409e-01	0
(15,15,0)	-0.937500	0.589049	3.898591e-03	0.400458	0.402031	+1.691283850633e+00	+1.691283850636e+00	1.898e-12	7.970e-11	0	0.962087115	0.963958696	7.770069e-01	8.503791e-01	0
(15,15,0)	-0.937500	0.981748	3.898591e-03	0.400458	0.402031	+1.912041511355e+00	+1.912041511357e+00	9.844e-13	6.199e-11	0	0.962396183	0.963646728	7.771574e-01	8.508192e-01	0
(15,15,0)	-0.937500	1.374447	3.898591e-03	0.400458	0.402031	+2.068138813169e+00	+2.068138813162e+00	3.530e-12	1.797e-11	0	0.962800864	0.963239996	7.773540e-01	8.513938e-01	0
(15,15,0)	-0.937500	1.767146	3.898591e-03	0.400458	0.402031	+2.068138813169e+00	+2.068138813162e+00	3.440e-12	2.133e-11	0	0.962800864	0.963239996	7.773540e-01	8.513938e-01	0
(15,15,0)	-0.937500	2.159845	3.898591e-03	0.400458	0.402031	+1.912041511355e+00	+1.912041511338e+00	9.112e-12	7.620e-11	0	0.962396183	0.963646728	7.771574e-01	8.508192e-01	0
(15,15,0)	-0.937500	2.552544	3.898591e-03	0.400458	0.402031	+1.691283850633e+00	+1.691283850637e+00	2.656e-12	6.843e-11	0	0.962087115	0.963958696	7.770069e-01	8.503791e-01	0
(15,15,0)	-0.937500	2.945243	3.898591e-03	0.400458	0.402031	+1.535182674626e+00	+1.535182674600e+00	1.689e-11	1.295e-10	0	0.961920087	0.964127774	7.769255e-01	8.501409e-01	0
(15,15,0)	-0.812500	0.196350	3.898591e-03	0.400458	0.402031	+7.182233870054e-01	+7.182233870025e-01	4.079e-12	2.109e-10	0	0.921771247	0.924234670	7.265070e-01	9.295628e-01	0
(15,15,0)	-0.812500	0.589049	3.898591e-03	0.400458	0.402031	+9.626089454816e-01	+9.626089454943e-01	1.318e-11	1.506e-10	0	0.921957026	0.924045403	7.266435e-01	9.299278e-01	0
(15,15,0)	-0.812500	0.981748	3.898591e-03	0.400458	0.402031	+1.308213938965e+00	+1.308213938952e+00	9.587e-12	6.903e-11	0	0.922301050	0.923696445	7.268955e-01	9.306019e-01	0
(15,15,0)	-0.812500	1.374447	3.898591e-03	0.400458	0.402031	+1.552587649674e+00	+1.552587649667e+00	4.582e-12	1.247e-11	0	0.922752006	0.923242001	7.272249e-01	9.314818e-01	0
(15,15,0)	-0.812500	1.767146	3.898591e-03	0.400458	0.402031	+1.552587649674e+00	+1.552587649667e+00	4.409e-12	2.142e-11	0	0.922752006	0.923242001	7.272249e-01	9.314818e-01	0
(15,15,0)	-0.812500	2.159845	3.898591e-03	0.400458	0.402031	+1.308213938965e+00	+1.308213938967e+00	1.242e-12	4.772e-11	0	0.922301050	0.923696445	7.268955e-01	9.306019e-01	0
(15,15,0)	-0.812500	2.552544	3.898591e-03	0.400458	0.402031	+9.626089454816e-01	+9.626089455021e-01	2.131e-11	1.791e-10	0	0.921957026	0.924045403	7.266435e-01	9.299278e-01	0
(15,15,0)	-0.812500	2.945243	3.898591e-03	0.400458	0.402031	+7.182233870054e-01	+7.182233870217e-01	2.265e-11	2.109e-10	0	0.921771247	0.924234670	7.265070e-01	9.295628e-01	0
(15,15,0)	-0.687500	0.196350	3.898591e-03	0.400458	0.402031	+4.345776101726e-01	+4.345776101571e-01	3.568e-11	2.413e-10	0	0.912441030	0.914577780	6.762296e-01	9.899178e-01	0
(15,15,0)	-0.687500	0.589049	3.898591e-03	0.400458	0.402031	+6.761309972431e-01	+6.761309972313e-01	1.745e-11	1.407e-10	0	0.912601821	0.914413255	6.763996e-01	9.903447e-01	0
(15,15,0)	-0.687500	0.981748	3.898591e-03	0.400458	0.402031	+1.017729338092e+00	+1.017729338093e+00	1.027e-12	7.582e-11	0	0.912899725	0.914110071	6.767136e-01	9.911331e-01	0
(15,15,0)	-0.687500	1.374447	3.898591e-03	0.400458	0.402031	+1.259268957784e+00	+1.259268957783e+00	1.494e-12	2.858e-11	0	0.913290525	0.913715538	6.771239e-01	9.921623e-01	0
(15,15,0)	-0.687500	1.767146	3.898591e-03	0.400458	0.402031	+1.259268957784e+00	+1.259268957778e+00	4.770e-12	1.758e-11	0	0.913290525	0.913715538	6.771239e-01	9.921623e-01	0
(15,15,0)	-0.687500	2.159845	3.898591e-03	0.400458	0.402031	+1.017729338092e+00	+1.017729338087e+00	4.974e-12	7.582e-11	0	0.912899725	0.914110071	6.767136e-01	9.911331e-01	0
(15,15,0)	-0.687500	2.552544	3.898591e-03	0.400458	0.402031	+6.761309972431e-01	+6.761309972313e-01	1.745e-11	1.407e-10	0	0.912601821	0.914413255	6.763996e-01	9.903447e-01	0
(15,15,0)	-0.687500	2.945243	3.898591e-03	0.400458	0.402031	+4.345776101726e-01	+4.345776101759e-01	7.711e-12	3.041e-10	0	0.912441030	0.914577780	6.762296e-01	9.899178e-01	0
(15,15,0)	-0.562500	0.196350	3.898591e-03	0.400458	0.402031	+3.210731420492e-01	+3.210731420450e-01	1.301e-11	6.188e-10	0	0.924613270	0.926300081	6.260177e-01	1.034367e+00	0
(15,15,0)	-0.562500	0.589049	3.898591e-03	0.400458	0.402031	+5.420068087089e-01	+5.420068086893e-01	3.624e-11	2.539e-10	0	0.924739859	0.926169852	6.262112e-01	1.034832e+00	0
(15,15,0)	-0.562500	0.981748	3.898591e-03	0.400458	0.402031	+8.544450321961e-01	+8.544450321957e-01	5.073e-13	8.286e-11	0	0.924974544	0.925930019	6.265688e-01	1.035691e+00	0
(15,15,0)	-0.562500	1.374447	3.898591e-03	0.400458	0.402031	+1.075365738856e+00	+1.075365738861e+00	4.530e-12	2.818e-11	0	0.925282704	0.925618218	6.270359e-01	1.036812e+00	0
(15,15,0)	-0.562500	1.767146	3.898591e-03	0.400458	0.402031	+1.075365738856e+00	+1.075365738854e+00	1.536e-12	2.173e-11	0	0.925282704	0.925618218	6.270359e-01	1.036812e+00	0
(15,15,0)	-0.562500	2.159845	3.898591e-03	0.400458	0.402031	+8.544450321961e-01	+8.544450321855e-01	1.241e-11	8.788e-11	0	0.924974544	0.925930019	6.265688e-01	1.035691e+00	0
(15,15,0)	-0.562500	2.552544	3.898591e-03	0.400458	0.402031	+5.420068087089e-01	+5.420068087261e-01	3.178e-11	2.602e-10	0	0.924739859	0.926169852	6.262112e-01	1.034832e+00	0
(15,15,0)	-0.562500	2.945243	3.898591e-03	0.400458	0.402031	+3.210731420492e-01	+3.210731420743e-01	7.813e-11	5.194e-10	0	0.924613270	0.926300081	6.260177e-01	1.034367e+00	0
(15,15,0)	-0.437500	0.196350	3.898591e-03	0.400458	0.402031	+2.643615362784e-01	+2.643615362723e-01	2.317e-11	6.233e-10	0	0.951672786	0.952852263	5.758492e-01	1.064851e+00	0
(15,15,0)	-0.437500	0.589049	3.898591e-03	0.400458	0.402031	+4.654858413534e-01	+4.654858413413e-01	2.595e-11	2.992e-10	0	0.951760860	0.952760756	5.760596e-01	1.065342e+00	0
(15,15,0)	-0.437500	0.981748	3.898591e-03	0.400458	0.402031	+7.499105501329e-01	+7.499105501211e-01	1.564e-11	1.972e-10	0	0.951924333	0.952592427	5.764485e-01	1.066250e+00	0
(15,15,0)	-0.437500	1.374447	3.898591e-03	0.400458	0.402031	+9.510235259298e-01	+9.510235259287e-01	1.234e-12	4.751e-11	0	0.952139364	0.952373963	5.769566e-01	1.067434e+00	0
(15,15,0)	-0.437500	1.767146	3.898591e-03	0.400458	0.402031	+9.510235259298e-01	+9.510235259306e-01	8.063e-13	4.386e-11	0	0.952139364	0.952373963	5.769566e-01	1.067434e+00	0
(15,15,0)	-0.437500	2.159845	3.898591e-03	0.400458	0.402031	+7.499105501328e-01	+7.499105501210e-01	1.576e-11	1.509e-10	0	0.951924333	0.952592427	5.764485e-01	1.066250e+00	0
(15,15,0)	-0.437500	2.552544	3.898591e-03	0.400458	0.402031	+4.654858413534e-01	+4.654858413444e-01	1.944e-11	2.151e-10	0	0.951760860	0.952760756	5.760596e-01	1.065342e+00	0
(15,15,0)	-0.437500	2.945243	3.898591e-03	0.400458	0.402031	+2.643615362784e-01	+2.643615362406e-01	1.431e-10	6.233e-10	0	0.951672786	0.952852263	5.758492e-01	1.064851e+00	0
(15,15,0)	-0.312500	0.196350	3.898591e-03	0.400458	0.402031	+2.223437394006e-01	+2.223437393832e-01	7.819e-11	8.309e-10	0	0.983535320	0.984146205	5.257140e-01	1.082528e+00	0
(15,15,0)	-0.312500	0.589049	3.898591e-03	0.400458	0.402031	+4.086136098368e-01	+4.086136098405e-01	8.954e-12	2.862e-10	0	0.983580251	0.984098119	5.259364e-01	1.083039e+00	0
(15,15,0)	-0.312500	0.981748	3.898591e-03	0.400458	0.402031	+6.720322258407e-01	+6.720322258455e-01	7.054e-12	9.208e-11	0	0.983663947	0.984009960	5.263471e-01	1.083982e+00	0
(15,15,0)	-0.312500	1.374447	3.898591e-03	0.400458	0.402031	+8.582925349539e-01	+8.582925349558e-01	2.190e-12	4.263e-11	0	0.983774626	0.983896126	5.268838e-01	1.085213e+00	0
(15,15,0)	-0.312500	1.767146	3.898591e-03	0.400458	0.402031	+8.582925349539e-01	+8.582925349546e-01	8.867e-13	6.289e-11	0	0.983774626	0.983896126	5.268838e-01	1.085213e+00	0
(15,15,0)	-0.312500	2.159845	3.898591e-03	0.400458	0.402031	+6.720322258407e-01	+6.720322258574e-01	2.472e-11	9.012e-11	0	0.983663947	0.984009960	5.263471e-01	1.083982e+00	0
(15,15,0)	-0.312500	2.552544	3.898591e-03	0.400458	0.402031	+4.086136098368e-01	+4.086136098405e-01	8.954e-12	2.862e-10	0	0.983580251	0.984098119	5.259364e-01	1.083039e+00	0
(15,15,0)	-0.312500	2.945243	3.898591e-03	0.400458	0.402031	+2.223437394006e-01	+2.223437394138e-01	5.944e-11	8.309e-10	0	0.983535320	0.984146205	5.257140e-01	1.082528e+00	0
(15,15,0)	-0.187500	0.196350	3.898591e-03	0.400458	0.402031	+1.769265788837e-01	+1.769265789832e-01	5.623e-10	3.560e-09	0	0.999955957	0.999979884	4.756071e-01	1.088012e+00	0
(15,15,0)	-0.187500	0.589049	3.898591e-03	0.400458	0.402031	+3.524840774654e-01	+3.524840774257e-01	1.127e-10	2.111e-09	0	0.999956384	0.999976683	4.758370e-01	1.088537e+00	0
(15,15,0)	-0.187500	0.981748	3.898591e-03	0.400458	0.402031	+6.007543285647e-01	+6.007543286262e-01	1.024e-10	7.122e-10	0	0.999957782	0.999971764	4.762617e-01	1.089507e+00	0
(15,15,0)	-0.187500	1.374447	3.898591e-03	0.400458	0.402031	+7.763039864070e-01	+7.763039863446e-01	8.041e-11	9.347e-10	0	0.999960798	0.999969596	4.768167e-01	1.090774e+00	0
(15,15,0)	-0.187500	1.767146	3.898591e-03	0.400458	0.402031	+7.763039864070e-01	+7.763039863420e-01	8.370e-11	9.173e-10	0	0.999960798	0.999969596	4.768167e-01	1.090774e+00	0
(15,15,0)	-0.187500	2.159845	3.898591e-03	0.400458	0.402031	+6.007543285647e-01	+6.007543286195e-01	9.125e-11	5.805e-10	0	0.999957782	0.999971764	4.762617e-01	1.089507e+00	0
(15,15,0)	-0.187500	2.552544	3.898591e-03	0.400458	0.402031	+3.524840774654e-01	+3.524840774333e-01	9.110e-11	1.962e-09	0	0.999956384	0.999976683	4.758370e-01	1.088537e+00	0
(15,15,0)	-0.187500	2.945243	3.898591e-03	0.400458	0.402031	+1.769265788837e-01	+1.769265789983e-01	6.474e-10	3.560e-09	0	0.999955957	0.999979884	4.756071e-01	1.088012e+00	0
(15,15,0)	-0.062500	0.196350	3.898591e-03	0.400458	0.402031	+1.208778822525e-01	+1.208778822356e-01	1.400e-10	5.845e-10	0	0.968928290	0.969608409	4.255256e-01	1.081480e+00	0
(15,15,0)	-0.062500	0.589049	3.898591e-03	0.400458	0.402031	+2.867522737774e-01	+2.867522737697e-01	2.691e-11	2.959e-10	0	0.968978932	0.969555522	4.257592e-01	1.082017e+00	0
(15,15,0)	-0.062500	0.981748	3.898591e-03	0.400458	0.402031	+5.213297141763e-01	+5.213297141754e-01	1.786e-12	9.781e-11	0	0.969073001	0.969458278	4.261908e-01	1.083009e+00	0
(15,15,0)	-0.062500	1.374447	3.898591e-03	0.400458	0.402031	+6.871979204446e-01	+6.871979204431e-01	2.245e-12	3.353e-11	0	0.969196870	0.969332164	4.267547e-01	1.084303e+00	0
(15,15,0)	-0.062500	1.767146	3.898591e-03	0.400458	0.402031	+6.871979204446e-01	+6.871979204498e-01	7.518e-12	3.474e-11	0	0.969196870	0.969332164	4.267547e-01	1.084303e+00	0
(15,15,0)	-0.062500	2.159845	3.898591e-03	0.400458	0.402031	+5.213297141763e-01	+5.213297141919e-01	2.988e-11	9.449e-11	0	0.969073001	0.969458278	4.261908e-01	1.083009e+00	0
(15,15,0)	-0.062500	2.552544	3.898591e-03	0.400458	0.402031	+2.867522737774e-01	+2.867522737783e-01	3.208e-12	3.089e-10	0	0.968978932	0.969555522	4.257592e-01	1.082017e+00	0
(15,15,0)	-0.062500	2.945243	3.898591e-03	0.400458	0.402031	+1.208778822525e-01	+1.208778822560e-01	2.933e-11	5.845e-10	0	0.968928290	0.969608409	4.255256e-01	1.081480e+00	0
(15,15,0)	0.062500	0.196350	3.898591e-03	0.400458	0.402031	+5.609339442671e-02	+5.609339442806e-02	2.417e-11	1.415e-09	0	0.870048695	0.871290436	3.754684e-01	1.062709e+00	0
(15,15,0)	0.062500	0.589049	3.898591e-03	0.400458	0.402031	+2.101260661773e-01	+2.101260661837e-01	3.066e-11	2.075e-10	0	0.870142418	0.871195126	3.757020e-01	1.063255e+00	0
(15,15,0)	0.062500	0.981748	3.898591e-03	0.400458	0.402031	+4.279578845071e-01	+4.279578844979e-01	2.147e-11	1.740e-10	0	0.870315946	0.871019353	3.761336e-01	1.064264e+00	0
(15,15,0)	0.062500	1.374447	3.898591e-03	0.400458	0.402031	+5.819859246767e-01	+5.819859246728e-01	6.615e-12	3.347e-11	0	0.870543353	0.870790360	3.766975e-01	1.065582e+00	0
(15,15,0)	0.062500	1.767146	3.898591e-03	0.400458	0.402031	+5.819859246767e-01	+5.819859246763e-01	6.656e-13	3.883e-11	0	0.870543353	0.870790360	3.766975e-01	1.065582e+00	0
(15,15,0)	0.062500	2.159845	3.898591e-03	0.400458	0.402031	+4.279578845071e-01	+4.279578844848e-01	5.191e-11	2.280e-10	0	0.870315946	0.871019353	3.761336e-01	1.064264e+00	0
(15,15,0)	0.062500	2.552544	3.898591e-03	0.400458	0.402031	+2.101260661773e-01	+2.101260661951e-01	8.495e-11	3.681e-10	0	0.870142418	0.871195126	3.757020e-01	1.063255e+00	0
(15,15,0)	0.062500	2.945243	3.898591e-03	0.400458	0.402031	+5.609339442671e-02	+5.609339443539e-02	1.546e-10	9.385e-10	0	0.870048695	0.871290436	3.754684e-01	1.062709e+00	0
(15,15,0)	0.187500	0.196350	3.898591e-03	0.400458	0.402031	-8.048192503901e-03	-8.048192502293e-03	1.998e-10	1.206e-08	0	0.722037609	0.723642318	3.254354e-01	1.031030e+00	0
(15,15,0)	0.187500	0.589049	3.898591e-03	0.400458	0.402031	+1.313369402505e-01	+1.313369402432e-01	5.598e-11	4.248e-10	0	0.722159297	0.723519711	3.256653e-01	1.031584e+00	0
(15,15,0)	0.187500	0.981748	3.898591e-03	0.400458	0.402031	+3.284549496921e-01	+3.284549496935e-01	4.224e-12	1.746e-10	0	0.722384350	0.723293358	3.260901e-01	1.032608e+00	0
(15,15,0)	0.187500	1.374447	3.898591e-03	0.400458	0.402031	+4.678367793687e-01	+4.678367793672e-01	3.261e-12	4.636e-11	0	0.722678793	0.722997996	3.266451e-01	1.033944e+00	0
(15,15,0)	0.187500	1.767146	3.898591e-03	0.400458	0.402031	+4.678367793687e-01	+4.678367793687e-01	2.883e-14	3.819e-11	0	0.722678793	0.722997996	3.266451e-01	1.033944e+00	0
(15,15,0)	0.187500	2.159845	3.898591e-03	0.400458	0.402031	+3.284549496921e-01	+3.284549496998e-01	2.368e-11	1.957e-10	0	0.722384350	0.723293358	3.260901e-01	1.032608e+00	0
(15,15,0)	0.187500	2.552544	3.898591e-03	0.400458	0.402031	+1.313369402505e-01	+1.313369402427e-01	5.928e-11	6.175e-10	0	0.722159297	0.723519711	3.256653e-01	1.031584e+00	0
(15,15,0)	0.187500	2.945243	3.898591e-03	0.400458	0.402031	-8.048192503915e-03	-8.048192497644e-03	7.792e-10	1.206e-08	0	0.722037609	0.723642318	3.254354e-01	1.031030e+00	0
(15,15,0)	0.312500	0.196350	3.898591e-03	0.400458	0.402031	-6.169394640968e-02	-6.169394641012e-02	7.131e-12	7.292e-10	0	0.566542202	0.568311953	2.754280e-01	9.852016e-01	0
(15,15,0)	0.312500	0.589049	3.898591e-03	0.400458	0.402031	+6.186181305263e-02	+6.186181304739e-02	8.477e-11	1.323e-09	0	0.566676737	0.568177065	2.756503e-01	9.857627e-01	0
(15,15,0)	0.312500	0.981748	3.898591e-03	0.400458	0.402031	+2.365944064241e-01	+2.365944064097e-01	6.085e-11	8.609e-11	0	0.566925405	0.567927897	2.760610e-01	9.867987e-01	0
(15,15,0)	0.312500	1.374447	3.898591e-03	0.400458	0.402031	+3.601478503612e-01	+3.601478503611e-01	3.283e-14	5.172e-11	0	0.567250460	0.567602489	2.765977e-01	9.881506e-01	0
(15,15,0)	0.312500	1.767146	3.898591e-03	0.400458	0.402031	+3.601478503612e-01	+3.601478503628e-01	4.502e-12	5.172e-11	0	0.567250460	0.567602489	2.765977e-01	9.881506e-01	0
(15,15,0)	0.312500	2.159845	3.898591e-03	0.400458	0.402031	+2.365944064241e-01	+2.365944064050e-01	8.038e-11	1.574e-10	0	0.566925405	0.567927897	2.760610e-01	9.867987e-01	0
(15,15,0)	0.312500	2.552544	3.898591e-03	0.400458	0.402031	+6.186181305263e-02	+6.186181304739e-02	8.477e-11	1.323e-09	0	0.566676737	0.568177065	2.756503e-01	9.857627e-01	0
(15,15,0)	0.312500	2.945243	3.898591e-03	0.400458	0.402031	-6.169394640968e-02	-6.169394640799e-02	2.736e-11	1.404e-09	0	0.566542202	0.568311953	2.754280e-01	9.852016e-01	0
(15,15,0)	0.437500	0.196350	3.898591e-03	0.400458	0.402031	-9.976785731293e-02	-9.976785731525e-02	2.326e-11	7.433e-10	0	0.430320279	0.432124076	2.254487e-01	9.231271e-01	0
(15,15,0)	0.437500	0.589049	3.898591e-03	0.400458	0.402031	+8.172110596583e-03	+8.172110597570e-03	1.207e-10	9.280e-09	0	0.430457627	0.431986815	2.256591e-01	9.236939e-01	0
(15,15,0)	0.437500	0.981748	3.898591e-03	0.400458	0.402031	+1.608210840257e-01	+1.608210840333e-01	4.735e-11	4.590e-10	0	0.430711396	0.431733170	2.260480e-01	9.247405e-01	0
(15,15,0)	0.437500	1.374447	3.898591e-03	0.400458	0.402031	+2.687593646680e-01	+2.687593646714e-01	1.259e-11	8.031e-11	0	0.431042927	0.431401727	2.265560e-01	9.261060e-01	0
(15,15,0)	0.437500	1.767146	3.898591e-03	0.400458	0.402031	+2.687593646680e-01	+2.687593646692e-01	4.422e-12	1.578e-10	0	0.431042927	0.431401727	2.265560e-01	9.261060e-01	0
(15,15,0)	0.437500	2.159845	3.898591e-03	0.400458	0.402031	+1.608210840256e-01	+1.608210840232e-01	1.501e-11	3.844e-10	0	0.430711396	0.431733170	2.260480e-01	9.247405e-01	0
(15,15,0)	0.437500	2.552544	3.898591e-03	0.400458	0.402031	+8.172110596597e-03	+8.172110591726e-03	5.961e-10	4.391e-09	0	0.430457627	0.431986815	2.256591e-01	9.236939e-01	0
(15,15,0)	0.437500	2.945243	3.898591e-03	0.400458	0.402031	-9.976785731294e-02	-9.976785732266e-02	9.743e-11	6.552e-10	0	0.430320279	0.432124076	2.254487e-01	9.231271e-01	0
(15,15,0)	0.562500	0.196350	3.898591e-03	0.400458	0.402031	-1.211333241374e-01	-1.211333241263e-01	9.157e-11	1.077e-09	0	0.319306336	0.321075148	1.755028e-01	8.412324e-01	0
(15,15,0)	0.562500	0.589049	3.898591e-03	0.400458	0.402031	-2.845019994102e-02	-2.845019994510e-02	1.435e-10	2.055e-09	0	0.319441197	0.320940724	1.756963e-01	8.418043e-01	0
(15,15,0)	0.562500	0.981748	3.898591e-03	0.400458	0.402031	+1.026225629286e-01	+1.026225629348e-01	6.044e-11	4.943e-10	0	0.319690294	0.320692246	1.760538e-01	8.428601e-01	0
(15,15,0)	0.562500	1.374447	3.898591e-03	0.400458	0.402031	+1.953043176751e-01	+1.953043176701e-01	2.553e-11	6.673e-11	0	0.320015569	0.320367408	1.765210e-01	8.442376e-01	0
(15,15,0)	0.562500	1.767146	3.898591e-03	0.400458	0.402031	+1.953043176751e-01	+1.953043176719e-01	1.664e-11	1.023e-10	0	0.320015569	0.320367408	1.765210e-01	8.442376e-01	0
(15,15,0)	0.562500	2.159845	3.898591e-03	0.400458	0.402031	+1.026225629286e-01	+1.026225629345e-01	5.758e-11	2.161e-10	0	0.319690294	0.320692246	1.760538e-01	8.428601e-01	0
(15,15,0)	0.562500	2.552544	3.898591e-03	0.400458	0.402031	-2.845019994102e-02	-2.845019994114e-02	4.164e-12	2.055e-09	0	0.319441197	0.320940724	1.756963e-01	8.418043e-01	0
(15,15,0)	0.562500	2.945243	3.898591e-03	0.400458	0.402031	-1.211333241374e-01	-1.211333241281e-01	7.653e-11	1.077e-09	0	0.319306336	0.321075148	1.755028e-01	8.412324e-01	0
(15,15,0)	0.687500	0.196350	3.898591e-03	0.400458	0.402031	-1.257315799016e-01	-1.257315798832e-01	1.459e-10	5.758e-10	0	0.229429529	0.231130669	1.256002e-01	7.329371e-01	0
(15,15,0)	0.687500	0.589049	3.898591e-03	0.400458	0.402031	-4.875885278884e-02	-4.875885278354e-02	1.087e-10	1.813e-09	0	0.229559398	0.231001553	1.257702e-01	7.335136e-01	0
(15,15,0)	0.687500	0.981748	3.898591e-03	0.400458	0.402031	+6.009609262522e-02	+6.009609263352e-02	1.382e-10	7.617e-10	0	0.229799200	0.230762816	1.260842e-01	7.345777e-01	0
(15,15,0)	0.687500	1.374447	3.898591e-03	0.400458	0.402031	+1.370675056815e-01	+1.370675056823e-01	5.719e-12	9.194e-11	0	0.230112196	0.230450572	1.264945e-01	7.359657e-01	0
(15,15,0)	0.687500	1.767146	3.898591e-03	0.400458	0.402031	+1.370675056815e-01	+1.370675056834e-01	1.360e-11	1.179e-10	0	0.230112196	0.230450572	1.264945e-01	7.359657e-01	0
(15,15,0)	0.687500	2.159845	3.898591e-03	0.400458	0.402031	+6.009609262522e-02	+6.009609262148e-02	6.223e-11	4.653e-10	0	0.229799200	0.230762816	1.260842e-01	7.345777e-01	0
(15,15,0)	0.687500	2.552544	3.898591e-03	0.400458	0.402031	-4.875885278884e-02	-4.875885278354e-02	1.087e-10	1.813e-09	0	0.229559398	0.231001553	1.257702e-01	7.335136e-01	0
(15,15,0)	0.687500	2.945243	3.898591e-03	0.400458	0.402031	-1.257315799015e-01	-1.257315798988e-01	2.210e-11	5.758e-10	0	0.229429529	0.231130669	1.256002e-01	7.329371e-01	0
(15,15,0)	0.812500	0.196350	3.898591e-03	0.400458	0.402031	-1.117472872386e-01	-1.117472872339e-01	4.154e-11	5.027e-10	0	0.153461267	0.155076421	7.576318e-02	5.838222e-01	0
(15,15,0)	0.812500	0.589049	3.898591e-03	0.400458	0.402031	-5.269828880741e-02	-5.269828881582e-02	1.595e-10	8.681e-10	0	0.153584778	0.154954035	7.589961e-02	5.844032e-01	0
(15,15,0)	0.812500	0.981748	3.898591e-03	0.400458	0.402031	+3.080851531653e-02	+3.080851532094e-02	1.431e-10	1.266e-09	0	0.153812750	0.154727654	7.615170e-02	5.854752e-01	0
(15,15,0)	0.812500	1.374447	3.898591e-03	0.400458	0.402031	+8.985597187849e-02	+8.985597187691e-02	1.758e-11	1.229e-10	0	0.154110129	0.154431399	7.648107e-02	5.868728e-01	0
(15,15,0)	0.812500	1.767146	3.898591e-03	0.400458	0.402031	+8.985597187850e-02	+8.985597187598e-02	2.797e-11	1.802e-10	0	0.154110129	0.154431399	7.648107e-02	5.868728e-01	0
(15,15,0)	0.812500	2.159845	3.898591e-03	0.400458	0.402031	+3.080851531653e-02	+3.080851531908e-02	8.270e-11	3.522e-10	0	0.153812750	0.154727654	7.615170e-02	5.854752e-01	0
(15,15,0)	0.812500	2.552544	3.898591e-03	0.400458	0.402031	-5.269828880742e-02	-5.269828881749e-02	1.911e-10	1.810e-09	0	0.153584778	0.154954035	7.589961e-02	5.844032e-01	0
(15,15,0)	0.812500	2.945243	3.898591e-03	0.400458	0.402031	-1.117472872386e-01	-1.117472872329e-01	5.028e-11	5.027e-10	0	0.153461267	0.155076421	7.576318e-02	5.838222e-01	0
(15,15,0)	0.937500	0.196350	3.898591e-03	0.400458	0.402031	-6.693346680429e-02	-6.693346680181e-02	3.704e-11	1.418e-09	0	0.079719026	0.081195080	2.606717e-02	3.449675e-01	0
(15,15,0)	0.937500	0.589049	3.898591e-03	0.400458	0.402031	-3.330515624812e-02	-3.330515625517e-02	2.118e-10	1.917e-09	0	0.079832307	0.081083633	2.614861e-02	3.455542e-01	0
(15,15,0)	0.937500	0.981748	3.898591e-03	0.400458	0.402031	+1.425073155173e-02	+1.425073154770e-02	2.831e-10	2.616e-09	0	0.080041218	0.080877315	2.629909e-02	3.466357e-01	0
(15,15,0)	0.937500	1.374447	3.898591e-03	0.400458	0.402031	+4.787660271625e-02	+4.787660271551e-02	1.544e-11	2.454e-10	0	0.080313386	0.080606981	2.649571e-02	3.480436e-01	0
(15,15,0)	0.937500	1.767146	3.898591e-03	0.400458	0.402031	+4.787660271625e-02	+4.787660271486e-02	2.912e-11	1.868e-10	0	0.080313386	0.080606981	2.649571e-02	3.480436e-01	0
(15,15,0)	0.937500	2.159845	3.898591e-03	0.400458	0.402031	+1.425073155173e-02	+1.425073155085e-02	6.224e-11	2.616e-09	0	0.080041218	0.080877315	2.629909e-02	3.466357e-01	0
(15,15,0)	0.937500	2.552544	3.898591e-03	0.400458	0.402031	-3.330515624812e-02	-3.330515625524e-02	2.139e-10	1.061e-09	0	0.079832307	0.081083633	2.614861e-02	3.455542e-01	0
(15,15,0)	0.937500	2.945243	3.898591e-03	0.400458	0.402031	-6.693346680429e-02	-6.693346679838e-02	8.829e-11	1.418e-09	0	0.079719026	0.081195080	2.606717e-02	3.449675e-01	0
(15,15,15)	-0.937500	0.196350	3.898591e-03	0.461157	0.462969	+1.562713869788e+00	+1.562713869811e+00	1.467e-11	1.749e-10	0	0.979208569	0.980687029	8.946872e-01	9.590687e-01	0
(15,15,15)	-0.937500	0.589049	3.898591e-03	0.461157	0.462969	+1.661809490865e+00	+1.661809490887e+00	1.294e-11	8.647e-11	0	0.979320525	0.980573900	8.947810e-01	9.592799e-01	0
(15,15,15)	-0.937500	0.981748	3.898591e-03	0.461157	0.462969	+1.801950792379e+00	+1.801950792349e+00	1.709e-11	5.673e-11	0	0.979527645	0.980365120	8.949543e-01	9.596700e-01	0
(15,15,15)	-0.937500	1.374447	3.898591e-03	0.461157	0.462969	+1.901044900559e+00	+1.901044900555e+00	1.900e-12	1.550e-11	0	0.979798755	0.980092837	8.951807e-01	9.601795e-01	0
(15,15,15)	-0.937500	1.767146	3.898591e-03	0.461157	0.462969	+1.901044900559e+00	+1.901044900554e+00	2.614e-12	1.184e-11	0	0.979798755	0.980092837	8.951807e-01	9.601795e-01	0
(15,15,15)	-0.937500	2.159845	3.898591e-03	0.461157	0.462969	+1.801950792379e+00	+1.801950792357e+00	1.225e-11	6.445e-11	0	0.979527645	0.980365120	8.949543e-01	9.596700e-01	0
(15,15,15)	-0.937500	2.552544	3.898591e-03	0.461157	0.462969	+1.661809490865e+00	+1.661809490904e+00	2.341e-11	1.196e-10	0	0.979320525	0.980573900	8.947810e-01	9.592799e-01	0
(15,15,15)	-0.937500	2.945243	3.898591e-03	0.461157	0.462969	+1.562713869788e+00	+1.562713869809e+00	1.334e-11	1.749e-10	0	0.979208569	0.980687029	8.946872e-01	9.590687e-01	0
(15,15,15)	-0.812500	0.196350	3.898591e-03	0.461157	0.462969	+9.250319078691e-01	+9.250319078713e-01	2.392e-12	3.006e-10	0	0.958086841	0.959830937	8.366266e-01	1.018088e+00	0
(15,15,15)	-0.812500	0.589049	3.898591e-03	0.461157	0.462969	+1.105005877345e+00	+1.105005877359e+00	1.190e-11	2.373e-10	0	0.958218462	0.959697029	8.367837e-01	1.018422e+00	0
(15,15,15)	-0.812500	0.981748	3.898591e-03	0.461157	0.462969	+1.359523313544e+00	+1.359523313556e+00	8.788e-12	6.104e-11	0	0.958462158	0.959450098	8.370740e-01	1.019037e+00	0
(15,15,15)	-0.812500	1.374447	3.898591e-03	0.461157	0.462969	+1.539491354262e+00	+1.539491354269e+00	4.367e-12	3.064e-11	0	0.958781526	0.959128442	8.374533e-01	1.019841e+00	0
(15,15,15)	-0.812500	1.767146	3.898591e-03	0.461157	0.462969	+1.539491354262e+00	+1.539491354266e+00	2.171e-12	2.988e-11	0	0.958781526	0.959128442	8.374533e-01	1.019841e+00	0
(15,15,15)	-0.812500	2.159845	3.898591e-03	0.461157	0.462969	+1.359523313544e+00	+1.359523313517e+00	1.982e-11	7.043e-11	0	0.958462158	0.959450098	8.370740e-01	1.019037e+00	0
(15,15,15)	-0.812500	2.552544	3.898591e-03	0.461157	0.462969	+1.105005877345e+00	+1.105005877347e+00	1.397e-12	2.125e-10	0	0.958218462	0.959697029	8.367837e-01	1.018422e+00	0
(15,15,15)	-0.812500	2.945243	3.898591e-03	0.461157	0.462969	+9.250319078690e-01	+9.250319078773e-01	8.931e-12	2.932e-10	0	0.958086841	0.959830937	8.366266e-01	1.018088e+00	0
(15,15,15)	-0.687500	0.196350	3.898591e-03	0.461157	0.462969	+6.315724940196e-01	+6.315724940184e-01	1.952e-12	1.725e-10	0	0.955974652	0.957502734	7.787285e-01	1.062706e+00	0
(15,15,15)	-0.687500	0.589049	3.898591e-03	0.461157	0.462969	+8.292925892501e-01	+8.292925892484e-01	2.103e-12	1.875e-10	0	0.956089643	0.957385079	7.789242e-01	1.063104e+00	0
(15,15,15)	-0.687500	0.981748	3.898591e-03	0.461157	0.462969	+1.108905290136e+00	+1.108905290129e+00	6.330e-12	1.251e-10	0	0.956302692	0.957168265	7.792858e-01	1.063838e+00	0
(15,15,15)	-0.687500	1.374447	3.898591e-03	0.461157	0.462969	+1.306617268824e+00	+1.306617268826e+00	2.040e-12	3.342e-11	0	0.956582174	0.956886120	7.797583e-01	1.064797e+00	0
(15,15,15)	-0.687500	1.767146	3.898591e-03	0.461157	0.462969	+1.306617268824e+00	+1.306617268819e+00	3.595e-12	1.924e-11	0	0.956582174	0.956886120	7.797583e-01	1.064797e+00	0
(15,15,15)	-0.687500	2.159845	3.898591e-03	0.461157	0.462969	+1.108905290136e+00	+1.108905290134e+00	1.736e-12	5.842e-11	0	0.956302692	0.957168265	7.792858e-01	1.063838e+00	0
(15,15,15)	-0.687500	2.552544	3.898591e-03	0.461157	0.462969	+8.292925892501e-01	+8.292925892484e-01	2.103e-12	1.875e-10	0	0.956089643	0.957385079	7.789242e-01	1.063104e+00	0
(15,15,15)	-0.687500	2.945243	3.898591e-03	0.461157	0.462969	+6.315724940196e-01	+6.315724939981e-01	3.402e-11	2.484e-10	0	0.955974652	0.957502734	7.787285e-01	1.062706e+00	0
(15,15,15)	-0.562500	0.196350	3.898591e-03	0.461157	0.462969	+4.768968725067e-01	+4.768968724868e-01	4.175e-11	4.586e-10	0	0.966897908	0.968056956	7.209058e-01	1.094513e+00	0
(15,15,15)	-0.562500	0.589049	3.898591e-03	0.461157	0.462969	+6.728299535964e-01	+6.728299536072e-01	1.612e-11	1.774e-10	0	0.966984775	0.967967357	7.211286e-01	1.094953e+00	0
(15,15,15)	-0.562500	0.981748	3.898591e-03	0.461157	0.462969	+9.499151197937e-01	+9.499151198244e-01	3.226e-11	1.455e-10	0	0.967145870	0.967802400	7.215403e-01	1.095765e+00	0
(15,15,15)	-0.562500	1.374447	3.898591e-03	0.461157	0.462969	+1.145839638811e+00	+1.145839638806e+00	4.211e-12	2.775e-11	0	0.967357499	0.967588039	7.220783e-01	1.096825e+00	0
(15,15,15)	-0.562500	1.767146	3.898591e-03	0.461157	0.462969	+1.145839638811e+00	+1.145839638799e+00	1.029e-11	2.826e-11	0	0.967357499	0.967588039	7.220783e-01	1.096825e+00	0
(15,15,15)	-0.562500	2.159845	3.898591e-03	0.461157	0.462969	+9.499151197937e-01	+9.499151197974e-01	3.820e-12	3.290e-11	0	0.967145870	0.967802400	7.215403e-01	1.095765e+00	0
(15,15,15)	-0.562500	2.552544	3.898591e-03	0.461157	0.462969	+6.728299535963e-01	+6.728299535994e-01	4.550e-12	2.387e-10	0	0.966984775	0.967967357	7.211286e-01	1.094953e+00	0
(15,15,15)	-0.562500	2.945243	3.898591e-03	0.461157	0.462969	+4.768968725067e-01	+4.768968724778e-01	6.059e-11	3.829e-10	0	0.966897908	0.968056956	7.209058e-01	1.094513e+00	0
(15,15,15)	-0.437500	0.196350	3.898591e-03	0.461157	0.462969	+3.789787575585e-01	+3.789787575636e-01	1.339e-11	6.977e-10	0	0.984481376	0.985186327	6.631330e-01	1.114557e+00	0
(15,15,15)	-0.437500	0.589049	3.898591e-03	0.461157	0.462969	+5.687290800777e-01	+5.687290801041e-01	4.645e-11	2.530e-10	0	0.984533721	0.985131337	6.633753e-01	1.115027e+00	0
(15,15,15)	-0.437500	0.981748	3.898591e-03	0.461157	0.462969	+8.370708210711e-01	+8.370708210764e-01	6.323e-12	8.451e-11	0	0.984631007	0.985030311	6.638231e-01	1.115894e+00	0
(15,15,15)	-0.437500	1.374447	3.898591e-03	0.461157	0.462969	+1.026813028161e+00	+1.026813028150e+00	1.079e-11	2.735e-11	0	0.984759229	0.984899443	6.644082e-01	1.117026e+00	0
(15,15,15)	-0.437500	1.767146	3.898591e-03	0.461157	0.462969	+1.026813028161e+00	+1.026813028146e+00	1.507e-11	2.904e-11	0	0.984759229	0.984899443	6.644082e-01	1.117026e+00	0
(15,15,15)	-0.437500	2.159845	3.898591e-03	0.461157	0.462969	+8.370708210711e-01	+8.370708210875e-01	1.960e-11	1.248e-10	0	0.984631007	0.985030311	6.638231e-01	1.115894e+00	0
(15,15,15)	-0.437500	2.552544	3.898591e-03	0.461157	0.462969	+5.687290800776e-01	+5.687290800982e-01	3.614e-11	2.408e-10	0	0.984533721	0.985131337	6.633753e-01	1.115027e+00	0
(15,15,15)	-0.437500	2.945243	3.898591e-03	0.461157	0.462969	+3.789787575586e-01	+3.789787575731e-01	3.815e-11	6.977e-10	0	0.984481376	0.985186327	6.631330e-01	1.114557e+00	0
(15,15,15)	-0.312500	0.196350	3.898591e-03	0.461157	0.462969	+3.010851454455e-01	+3.010851454307e-01	4.913e-11	9.911e-10	0	0.998654476	0.998837080	6.053986e-01	1.123446e+00	0
(15,15,15)	-0.312500	0.589049	3.898591e-03	0.461157	0.462969	+4.852309568970e-01	+4.852309568884e-01	1.768e-11	4.265e-10	0	0.998667158	0.998821950	6.056547e-01	1.123938e+00	0
(15,15,15)	-0.312500	0.981748	3.898591e-03	0.461157	0.462969	+7.456473280148e-01	+7.456473280184e-01	4.782e-12	2.838e-10	0	0.998691115	0.998794533	6.061277e-01	1.124846e+00	0
(15,15,15)	-0.312500	1.374447	3.898591e-03	0.461157	0.462969	+9.297858806036e-01	+9.297858805972e-01	6.858e-12	4.381e-11	0	0.998723444	0.998759756	6.067457e-01	1.126033e+00	0
(15,15,15)	-0.312500	1.767146	3.898591e-03	0.461157	0.462969	+9.297858806036e-01	+9.297858805988e-01	5.098e-12	3.069e-11	0	0.998723444	0.998759756	6.067457e-01	1.126033e+00	0
(15,15,15)	-0.312500	2.159845	3.898591e-03	0.461157	0.462969	+7.456473280148e-01	+7.456473280186e-01	5.033e-12	2.394e-10	0	0.998691115	0.998794533	6.061277e-01	1.124846e+00	0
(15,15,15)	-0.312500	2.552544	3.898591e-03	0.461157	0.462969	+4.852309568970e-01	+4.852309568884e-01	1.768e-11	4.265e-10	0	0.998667158	0.998821950	6.056547e-01	1.123938e+00	0
(15,15,15)	-0.312500	2.945243	3.898591e-03	0.461157	0.462969	+3.010851454455e-01	+3.010851454398e-01	1.891e-11	9.911e-10	0	0.998654476	0.998837080	6.053986e-01	1.123446e+00	0
(15,15,15)	-0.187500	0.196350	3.898591e-03	0.461157	0.462969	+2.256893975530e-01	+2.256893975703e-01	7.657e-11	4.741e-10	0	0.992874606	0.993263870	5.476968e-01	1.121433e+00	0
(15,15,15)	-0.187500	0.589049	3.898591e-03	0.461157	0.462969	+4.054112351538e-01	+4.054112351542e-01	8.510e-13	2.549e-10	0	0.992903163	0.993233176	5.479615e-01	1.121942e+00	0
(15,15,15)	-0.187500	0.981748	3.898591e-03	0.461157	0.462969	+6.595718965279e-01	+6.595718965531e-01	3.817e-11	9.550e-11	0	0.992956399	0.993176917	5.484507e-01	1.122884e+00	0
(15,15,15)	-0.187500	1.374447	3.898591e-03	0.461157	0.462969	+8.392875133944e-01	+8.392875133884e-01	7.076e-12	3.302e-11	0	0.993026870	0.993104309	5.490898e-01	1.124112e+00	0
(15,15,15)	-0.187500	1.767146	3.898591e-03	0.461157	0.462969	+8.392875133944e-01	+8.392875133936e-01	8.854e-13	3.643e-11	0	0.993026870	0.993104309	5.490898e-01	1.124112e+00	0
(15,15,15)	-0.187500	2.159845	3.898591e-03	0.461157	0.462969	+6.595718965279e-01	+6.595718965565e-01	4.335e-11	9.286e-11	0	0.992956399	0.993176917	5.484507e-01	1.122884e+00	0
(15,15,15)	-0.187500	2.552544	3.898591e-03	0.461157	0.462969	+4.054112351539e-01	+4.054112351361e-01	4.377e-11	2.962e-10	0	0.992903163	0.993233176	5.479615e-01	1.121942e+00	0
(15,15,15)	-0.187500	2.945243	3.898591e-03	0.461157	0.462969	+2.256893975530e-01	+2.256893976000e-01	2.084e-10	4.741e-10	0	0.992874606	0.993263870	5.476968e-01	1.121433e+00	0
(15,15,15)	-0.062500	0.196350	3.898591e-03	0.461157	0.462969	+1.459669810229e-01	+1.459669810401e-01	1.182e-10	7.198e-10	0	0.948116449	0.949075914	4.900243e-01	1.108453e+00	0
(15,15,15)	-0.062500	0.589049	3.898591e-03	0.461157	0.462969	+3.209197699044e-01	+3.209197698999e-01	1.392e-11	2.568e-10	0	0.948188624	0.949002029	4.902932e-01	1.108977e+00	0
(15,15,15)	-0.062500	0.981748	3.898591e-03	0.461157	0.462969	+5.683367614855e-01	+5.683367614939e-01	1.492e-11	1.823e-10	0	0.948322363	0.948865873	4.907902e-01	1.109944e+00	0
(15,15,15)	-0.062500	1.374447	3.898591e-03	0.461157	0.462969	+7.432844377744e-01	+7.432844377761e-01	2.414e-12	3.650e-11	0	0.948497835	0.948688692	4.914396e-01	1.111207e+00	0
(15,15,15)	-0.062500	1.767146	3.898591e-03	0.461157	0.462969	+7.432844377744e-01	+7.432844377740e-01	5.132e-13	1.926e-11	0	0.948497835	0.948688692	4.914396e-01	1.111207e+00	0
(15,15,15)	-0.062500	2.159845	3.898591e-03	0.461157	0.462969	+5.683367614855e-01	+5.683367614901e-01	8.109e-12	1.395e-10	0	0.948322363	0.948865873	4.907902e-01	1.109944e+00	0
(15,15,15)	-0.062500	2.552544	3.898591e-03	0.461157	0.462969	+3.209197699044e-01	+3.209197699148e-01	3.245e-11	4.548e-10	0	0.948188624	0.949002029	4.902932e-01	1.108977e+00	0
(15,15,15)	-0.062500	2.945243	3.898591e-03	0.461157	0.462969	+1.459669810229e-01	+1.459669810326e-01	6.601e-11	7.676e-10	0	0.948116449	0.949075914	4.900243e-01	1.108453e+00	0
(15,15,15)	0.062500	0.196350	3.898591e-03	0.461157	0.462969	+6.351932048517e-02	+6.351932048950e-02	6.825e-11	1.476e-09	0	0.855369230	0.856813382	4.323797e-01	1.084109e+00	0
(15,15,15)	0.062500	0.589049	3.898591e-03	0.461157	0.462969	+2.314217206533e-01	+2.314217206506e-01	1.153e-11	3.696e-10	0	0.855478557	0.856702858	4.326486e-01	1.084644e+00	0
(15,15,15)	0.062500	0.981748	3.898591e-03	0.461157	0.462969	+4.688687255640e-01	+4.688687255656e-01	3.568e-12	9.510e-11	0	0.855680832	0.856498892	4.331457e-01	1.085634e+00	0
(15,15,15)	0.062500	1.374447	3.898591e-03	0.461157	0.462969	+6.367671001815e-01	+6.367671001782e-01	5.159e-12	3.669e-11	0	0.855945631	0.856232898	4.337950e-01	1.086925e+00	0
(15,15,15)	0.062500	1.767146	3.898591e-03	0.461157	0.462969	+6.367671001814e-01	+6.367671001777e-01	5.887e-12	1.927e-11	0	0.855945631	0.856232898	4.337950e-01	1.086925e+00	0
(15,15,15)	0.062500	2.159845	3.898591e-03	0.461157	0.462969	+4.688687255640e-01	+4.688687255665e-01	5.354e-12	6.790e-11	0	0.855680832	0.856498892	4.331457e-01	1.085634e+00	0
(15,15,15)	0.062500	2.552544	3.898591e-03	0.461157	0.462969	+2.314217206532e-01	+2.314217206540e-01	3.074e-12	5.117e-10	0	0.855478557	0.856702858	4.326486e-01	1.084644e+00	0
(15,15,15)	0.062500	2.945243	3.898591e-03	0.461157	0.462969	+6.351932048519e-02	+6.351932048819e-02	4.733e-11	1.476e-09	0	0.855369230	0.856813382	4.323797e-01	1.084109e+00	0
(15,15,15)	0.187500	0.196350	3.898591e-03	0.461157	0.462969	-1.425924954905e-02	-1.425924954784e-02	8.474e-11	9.020e-09	0	0.727251735	0.729027566	3.747630e-01	1.047609e+00	0
(15,15,15)	0.187500	0.589049	3.898591e-03	0.461157	0.462969	+1.435415047664e-01	+1.435415047680e-01	1.091e-11	5.763e-10	0	0.727386575	0.728892057	3.750277e-01	1.048155e+00	0
(15,15,15)	0.187500	0.981748	3.898591e-03	0.461157	0.462969	+3.667033032149e-01	+3.667033032221e-01	1.976e-11	1.604e-10	0	0.727635875	0.728641812	3.755169e-01	1.049162e+00	0
(15,15,15)	0.187500	1.374447	3.898591e-03	0.461157	0.462969	+5.245009909451e-01	+5.245009909419e-01	6.151e-12	2.993e-11	0	0.727961889	0.728315129	3.761560e-01	1.050477e+00	0
(15,15,15)	0.187500	1.767146	3.898591e-03	0.461157	0.462969	+5.245009909451e-01	+5.245009909421e-01	5.747e-12	3.761e-11	0	0.727961889	0.728315129	3.761560e-01	1.050477e+00	0
(15,15,15)	0.187500	2.159845	3.898591e-03	0.461157	0.462969	+3.667033032149e-01	+3.667033032302e-01	4.173e-11	1.415e-10	0	0.727635875	0.728641812	3.755169e-01	1.049162e+00	0
(15,15,15)	0.187500	2.552544	3.898591e-03	0.461157	0.462969	+1.435415047664e-01	+1.435415047775e-01	7.704e-11	9.629e-10	0	0.727386575	0.728892057	3.750277e-01	1.048155e+00	0
(15,15,15)	0.187500	2.945243	3.898591e-03	0.461157	0.462969	-1.425924954904e-02	-1.425924955273e-02	2.592e-10	8.229e-09	0	0.727251735	0.729027566	3.747630e-01	1.047609e+00	0
(15,15,15)	0.312500	0.196350	3.898591e-03	0.461157	0.462969	-7.930652574341e-02	-7.930652572338e-02	2.525e-10	1.613e-09	0	0.589302479	0.591251238	3.171757e-01	9.976240e-01	0
(15,15,15)	0.312500	0.589049	3.898591e-03	0.461157	0.462969	+6.592693374626e-02	+6.592693375586e-02	1.456e-10	7.650e-10	0	0.589450721	0.591102803	3.174317e-01	9.981781e-01	0
(15,15,15)	0.312500	0.981748	3.898591e-03	0.461157	0.462969	+2.713164162361e-01	+2.713164162327e-01	1.224e-11	2.792e-10	0	0.589724680	0.590828570	3.179047e-01	9.992012e-01	0
(15,15,15)	0.312500	1.374447	3.898591e-03	0.461157	0.462969	+4.165475485109e-01	+4.165475485099e-01	2.498e-12	2.321e-11	0	0.590082710	0.590470346	3.185228e-01	1.000536e+00	0
(15,15,15)	0.312500	1.767146	3.898591e-03	0.461157	0.462969	+4.165475485109e-01	+4.165475485106e-01	7.917e-13	3.848e-11	0	0.590082710	0.590470346	3.185228e-01	1.000536e+00	0
(15,15,15)	0.312500	2.159845	3.898591e-03	0.461157	0.462969	+2.713164162361e-01	+2.713164162313e-01	1.745e-11	1.513e-10	0	0.589724680	0.590828570	3.179047e-01	9.992012e-01	0
(15,15,15)	0.312500	2.552544	3.898591e-03	0.461157	0.462969	+6.592693374626e-02	+6.592693375586e-02	1.456e-10	7.650e-10	0	0.589450721	0.591102803	3.174317e-01	9.981781e-01	0
(15,15,15)	0.312500	2.945243	3.898591e-03	0.461157	0.462969	-7.930652574341e-02	-7.930652571602e-02	3.453e-10	1.613e-09	0	0.589302479	0.591251238	3.171757e-01	9.976240e-01	0
(15,15,15)	0.437500	0.196350	3.898591e-03	0.461157	0.462969	-1.266606513232e-01	-1.266606513268e-01	2.839e-11	4.225e-10	0	0.461261370	0.463264530	2.596208e-01	9.319927e-01	0
(15,15,15)	0.437500	0.589049	3.898591e-03	0.461157	0.462969	+4.375162916095e-03	+4.375162912688e-03	7.789e-10	1.669e-08	0	0.461413954	0.463112153	2.598632e-01	9.325542e-01	0
(15,15,15)	0.437500	0.981748	3.898591e-03	0.461157	0.462969	+1.896864825942e-01	+1.896864825917e-01	1.325e-11	1.996e-10	0	0.461695849	0.462830552	2.603110e-01	9.335908e-01	0
(15,15,15)	0.437500	1.374447	3.898591e-03	0.461157	0.462969	+3.207204499502e-01	+3.207204499542e-01	1.261e-11	5.858e-11	0	0.462064076	0.462462531	2.608960e-01	9.349434e-01	0
(15,15,15)	0.437500	1.767146	3.898591e-03	0.461157	0.462969	+3.207204499502e-01	+3.207204499532e-01	9.412e-12	4.294e-11	0	0.462064076	0.462462531	2.608960e-01	9.349434e-01	0
(15,15,15)	0.437500	2.159845	3.898591e-03	0.461157	0.462969	+1.896864825942e-01	+1.896864825891e-01	2.655e-11	2.238e-10	0	0.461695849	0.462830552	2.603110e-01	9.335908e-01	0
(15,15,15)	0.437500	2.552544	3.898591e-03	0.461157	0.462969	+4.375162916117e-03	+4.375162899798e-03	3.730e-09	1.400e-08	0	0.461413954	0.463112153	2.598632e-01	9.325542e-01	0
(15,15,15)	0.437500	2.945243	3.898591e-03	0.461157	0.462969	-1.266606513232e-01	-1.266606513344e-01	8.880e-11	4.225e-10	0	0.461261370	0.463264530	2.596208e-01	9.319927e-01	0
(15,15,15)	0.562500	0.196350	3.898591e-03	0.461157	0.462969	-1.543981739668e-01	-1.543981739642e-01	1.690e-11	3.822e-10	0	0.350657927	0.352643161	2.021044e-01	8.471018e-01	0
(15,15,15)	0.562500	0.589049	3.898591e-03	0.461157	0.462969	-3.896632696680e-02	-3.896632697150e-02	1.205e-10	2.553e-09	0	0.350809320	0.352492321	2.023273e-01	8.476697e-01	0
(15,15,15)	0.562500	0.981748	3.898591e-03	0.461157	0.462969	+1.242778089715e-01	+1.242778089733e-01	1.422e-11	5.358e-10	0	0.351088938	0.352213483	2.027390e-01	8.487182e-01	0
(15,15,15)	0.562500	1.374447	3.898591e-03	0.461157	0.462969	+2.397080330309e-01	+2.397080330329e-01	8.539e-12	1.117e-10	0	0.351454043	0.351848931	2.032769e-01	8.500862e-01	0
(15,15,15)	0.562500	1.767146	3.898591e-03	0.461157	0.462969	+2.397080330309e-01	+2.397080330347e-01	1.600e-11	6.024e-11	0	0.351454043	0.351848931	2.032769e-01	8.500862e-01	0
(15,15,15)	0.562500	2.159845	3.898591e-03	0.461157	0.462969	+1.242778089716e-01	+1.242778089711e-01	4.057e-12	4.244e-10	0	0.351088938	0.352213483	2.027390e-01	8.487182e-01	0
(15,15,15)	0.562500	2.552544	3.898591e-03	0.461157	0.462969	-3.896632696680e-02	-3.896632697247e-02	1.453e-10	1.097e-09	0	0.350809320	0.352492321	2.023273e-01	8.476697e-01	0
(15,15,15)	0.562500	2.945243	3.898591e-03	0.461157	0.462969	-1.543981739668e-01	-1.543981739544e-01	8.027e-11	2.535e-10	0	0.350657927	0.352643161	2.021044e-01	8.471018e-01	0
(15,15,15)	0.687500	0.196350	3.898591e-03	0.461157	0.462969	-1.615226689420e-01	-1.615226689639e-01	1.352e-10	7.941e-10	0	0.256662972	0.258590284	1.446380e-01	7.363533e-01	0
(15,15,15)	0.687500	0.589049	3.898591e-03	0.461157	0.462969	-6.372613081232e-02	-6.372613082517e-02	2.015e-10	1.337e-09	0	0.256810124	0.258444019	1.448337e-01	7.369272e-01	0
(15,15,15)	0.687500	0.981748	3.898591e-03	0.461157	0.462969	+7.457789135827e-02	+7.457789135101e-02	9.737e-11	9.201e-10	0	0.257081832	0.258173564	1.451953e-01	7.379863e-01	0
(15,15,15)	0.687500	1.374447	3.898591e-03	0.461157	0.462969	+1.723727771519e-01	+1.723727771468e-01	2.943e-11	9.723e-11	0	0.257436458	0.257819823	1.456678e-01	7.393679e-01	0
(15,15,15)	0.687500	1.767146	3.898591e-03	0.461157	0.462969	+1.723727771519e-01	+1.723727771481e-01	2.201e-11	7.489e-11	0	0.257436458	0.257819823	1.456678e-01	7.393679e-01	0
(15,15,15)	0.687500	2.159845	3.898591e-03	0.461157	0.462969	+7.457789135827e-02	+7.457789135482e-02	4.619e-11	9.990e-10	0	0.257081832	0.258173564	1.451953e-01	7.379863e-01	0
(15,15,15)	0.687500	2.552544	3.898591e-03	0.461157	0.462969	-6.372613081232e-02	-6.372613082517e-02	2.015e-10	1.337e-09	0	0.256810124	0.258444019	1.448337e-01	7.369272e-01	0
(15,15,15)	0.687500	2.945243	3.898591e-03	0.461157	0.462969	-1.615226689420e-01	-1.615226689368e-01	3.225e-11	7.941e-10	0	0.256662972	0.258590284	1.446380e-01	7.363533e-01	0
(15,15,15)	0.812500	0.196350	3.898591e-03	0.461157	0.462969	-1.448722436027e-01	-1.448722435793e-01	1.617e-10	6.139e-10	0	0.174096111	0.175940071	8.724691e-02	5.853417e-01	0
(15,15,15)	0.812500	0.589049	3.898591e-03	0.461157	0.462969	-6.863593962351e-02	-6.863593962901e-02	8.009e-11	1.802e-09	0	0.174237127	0.175800356	8.740402e-02	5.859212e-01	0
(15,15,15)	0.812500	0.981748	3.898591e-03	0.461157	0.462969	+3.917705768468e-02	+3.917705768897e-02	1.095e-10	4.658e-10	0	0.174497406	0.175541917	8.769432e-02	5.869904e-01	0
(15,15,15)	0.812500	1.374447	3.898591e-03	0.461157	0.462969	+1.154113567633e-01	+1.154113567649e-01	1.379e-11	1.222e-10	0	0.174836921	0.175203703	8.807362e-02	5.883845e-01	0
(15,15,15)	0.812500	1.767146	3.898591e-03	0.461157	0.462969	+1.154113567633e-01	+1.154113567645e-01	1.048e-11	7.579e-11	0	0.174836921	0.175203703	8.807362e-02	5.883845e-01	0
(15,15,15)	0.812500	2.159845	3.898591e-03	0.461157	0.462969	+3.917705768469e-02	+3.917705767854e-02	1.569e-10	1.086e-09	0	0.174497406	0.175541917	8.769432e-02	5.869904e-01	0
(15,15,15)	0.812500	2.552544	3.898591e-03	0.461157	0.462969	-6.863593962350e-02	-6.863593961201e-02	1.674e-10	1.168e-09	0	0.174237127	0.175800356	8.740402e-02	5.859212e-01	0
(15,15,15)	0.812500	2.945243	3.898591e-03	0.461157	0.462969	-1.448722436027e-01	-1.448722436047e-01	1.379e-11	6.139e-10	0	0.174096111	0.175940071	8.724691e-02	5.853417e-01	0
(15,15,15)	0.937500	0.196350	3.898591e-03	0.461157	0.462969	-8.769821510329e-02	-8.769821511165e-02	9.532e-11	5.217e-10	0	0.091408538	0.093104058	3.001828e-02	3.452296e-01	0
(15,15,15)	0.937500	0.589049	3.898591e-03	0.461157	0.462969	-4.365026662222e-02	-4.365026663154e-02	2.135e-10	1.517e-09	0	0.091538666	0.092976043	3.011206e-02	3.458159e-01	0
(15,15,15)	0.937500	0.981748	3.898591e-03	0.461157	0.462969	+1.864066365035e-02	+1.864066365100e-02	3.453e-11	1.667e-09	0	0.091778644	0.092739054	3.028535e-02	3.468965e-01	0
(15,15,15)	0.937500	1.374447	3.898591e-03	0.461157	0.462969	+6.268539386696e-02	+6.268539386512e-02	2.941e-11	2.098e-10	0	0.092091282	0.092428530	3.051177e-02	3.483035e-01	0
(15,15,15)	0.937500	1.767146	3.898591e-03	0.461157	0.462969	+6.268539386696e-02	+6.268539386380e-02	5.043e-11	3.205e-10	0	0.092091282	0.092428530	3.051177e-02	3.483035e-01	0
(15,15,15)	0.937500	2.159845	3.898591e-03	0.461157	0.462969	+1.864066365034e-02	+1.864066365217e-02	9.771e-11	9.764e-10	0	0.091778644	0.092739054	3.028535e-02	3.468965e-01	0
(15,15,15)	0.937500	2.552544	3.898591e-03	0.461157	0.462969	-4.365026662222e-02	-4.365026662905e-02	1.566e-10	9.124e-10	0	0.091538666	0.092976043	3.011206e-02	3.458159e-01	0
(15,15,15)	0.937500	2.945243	3.898591e-03	0.461157	0.462969	-8.769821510329e-02	-8.769821511666e-02	1.525e-10	5.217e-10	0	0.091408538	0.093104058	3.001828e-02	3.452296e-01	0
# SUMMARY	rows=3072	T1_max_rel_resid=6.461e-09	T2_max_rel_diff=5.279e-07	T2_outside_ball_total=0	T3_gamma_min=0.076749998	T3_gamma_max=0.999997542	T3_h_min=2.397672e-02	T3_D_min=3.295775e-01	T3_clip_total=0
